kuitin_nimi;serial;laskuID;toimituspvm
Ylämaa 26.pdf;NXKLSED00154502AC72N00;52121955;11.2.2026
Ylämaa 26.pdf;NXKLSED001545027E32N00;52121955;11.2.2026
Ylämaa 26.pdf;NXKLSED001545028012N00;52121955;11.2.2026
Ylämaa 26.pdf;NXKLSED001545028792N00;52121955;11.2.2026
Ylämaa 26.pdf;NXKLSED001545028992N00;52121955;11.2.2026
Ylämaa 26.pdf;NXKLSED0015450289A2N00;52121955;11.2.2026
Ylämaa 26.pdf;NXKLSED001545028C92N00;52121955;11.2.2026
Ylämaa 26.pdf;NXKLSED001545028F22N00;52121955;11.2.2026
Ylämaa 26.pdf;NXKLSED0015450290A2N00;52121955;11.2.2026
Ylämaa 26.pdf;NXKLSED0015450295C2N00;52121955;11.2.2026
Ylämaa 26.pdf;NXKKAED001545024992N00;52121955;11.2.2026
Ylämaa 26.pdf;NXKKAED001545024982N00;52121955;11.2.2026
Voisalmi 26.pdf;NXKKAED0015450252E2N00;52111830;22.1.2026
Voisalmi 26.pdf;NXKKAED001525048682N00;52111830;22.1.2026
Voisalmi 26.pdf;NXKKAED001525048B22N00;52111830;22.1.2026
Voisalmi 26.pdf;NXKKAED0015450244B2N00;52111830;22.1.2026
Voisalmi 26.pdf;NXKKAED0015450244D2N00;52111830;22.1.2026
Voisalmi 26.pdf;NXKKAED0015450245F2N00;52111830;22.1.2026
Voisalmi 26.pdf;NXKKAED001545024602N00;52111830;22.1.2026
Voisalmi 26.pdf;NXKKAED001545024612N00;52111830;22.1.2026
Voisalmi 26.pdf;NXKKAED001545024622N00;52111830;22.1.2026
Voisalmi 26.pdf;NXKKAED001545024642N00;52111830;22.1.2026
Voisalmi 26.pdf;NXKKAED0015450246C2N00;52111830;22.1.2026
Voisalmi 26.pdf;NXKKAED001545024702N00;52111830;22.1.2026
Voisalmi 26.pdf;NXKKAED001545024712N00;52111830;22.1.2026
Voisalmi 26.pdf;NXKKAED001545024802N00;52111830;22.1.2026
Voisalmi 26.pdf;NXKKAED001545024862N00;52111830;22.1.2026
Voisalmi 26.pdf;NXKKAED001545024892N00;52111830;22.1.2026
Voisalmi 26.pdf;NXKKAED0015450248D2N00;52111830;22.1.2026
Voisalmi 26.pdf;NXKKAED0015450248E2N00;52111830;22.1.2026
Voisalmi 26.pdf;NXKKAED001545024A02N00;52111830;22.1.2026
Voisalmi 26.pdf;NXKKAED001545024AB2N00;52111830;22.1.2026
Voisalmi 26.pdf;NXKKAED001545024BC2N00;52111830;22.1.2026
Voisalmi 26.pdf;NXKKAED001545024BE2N00;52111830;22.1.2026
Voisalmi 26.pdf;NXKKAED001545024C92N00;52111830;22.1.2026
Voisalmi 26.pdf;NXKKAED001545024D92N00;52111830;22.1.2026
Voisalmi 26.pdf;NXKKAED001545024E32N00;52111830;22.1.2026
Voisalmi 26.pdf;NXKKAED001545024FC2N00;52111830;22.1.2026
Voisalmi 26.pdf;NXKKAED001545025012N00;52111830;22.1.2026
Voisalmi 26.pdf;NXKKAED001545025062N00;52111830;22.1.2026
Voisalmi 26.pdf;NXKKAED001545025072N00;52111830;22.1.2026
Voisalmi 26.pdf;NXKKAED0015450250A2N00;52111830;22.1.2026
Voisalmi 26.pdf;NXKKAED001545025122N00;52111830;22.1.2026
Voisalmi 26.pdf;NXKKAED001545025132N00;52111830;22.1.2026
Voisalmi 26.pdf;NXKKAED001545025202N00;52111830;22.1.2026
Voisalmi 26.pdf;NXKKAED001545025242N00;52111830;22.1.2026
Voisalmi 26.pdf;NXKKAED001545025252N00;52111830;22.1.2026
Voisalmi 26.pdf;NXKLSED00351602FE42N00;52111830;22.1.2026
Voisalmi 26.pdf;NXKLSED00351602F752N00;52111830;22.1.2026
Voisalmi 26.pdf;NXKLSED00351602F7A2N00;52111830;22.1.2026
Voisalmi 26.pdf;NXKLSED00351602F7F2N00;52111830;22.1.2026
Voisalmi 26.pdf;NXKLSED00351602F812N00;52111830;22.1.2026
Voisalmi 26.pdf;NXKLSED00351602F962N00;52111830;22.1.2026
Voisalmi 26.pdf;NXKLSED00351602FA12N00;52111830;22.1.2026
Voisalmi 26.pdf;NXKLSED00351602FA82N00;52111830;22.1.2026
Voisalmi 26.pdf;NXKLSED00351602FAC2N00;52111830;22.1.2026
Voisalmi 26.pdf;NXKLSED00351602FB62N00;52111830;22.1.2026
Voisalmi 26.pdf;NXKLSED00351602FBF2N00;52111830;22.1.2026
Voisalmi 26.pdf;NXKLSED00351602FC62N00;52111830;22.1.2026
Voisalmi 26.pdf;NXKLSED00351602FC82N00;52111830;22.1.2026
Voisalmi 26.pdf;NXKLSED00351602FCE2N00;52111830;22.1.2026
Voisalmi 26.pdf;NXKLSED00351602FD12N00;52111830;22.1.2026
Voisalmi 26.pdf;NXKLSED00351602FD42N00;52111830;22.1.2026
Voisalmi 26.pdf;NXKLSED00351602FD62N00;52111830;22.1.2026
Voisalmi 26.pdf;NXKLSED00351602FD72N00;52111830;22.1.2026
Voisalmi 26.pdf;NXKLSED00351602FD92N00;52111830;22.1.2026
Voisalmi 26.pdf;NXKLSED00351602FDF2N00;52111830;22.1.2026
Sammonlahti 26.pdf;NXKLSED00154502B4B2N00;52121942;11.2.2026
Sammonlahti 26.pdf;NXKLSED001545023DD2N00;52121942;11.2.2026
Sammonlahti 26.pdf;NXKLSED001545023F72N00;52121942;11.2.2026
Sammonlahti 26.pdf;NXKLSED001545023FE2N00;52121942;11.2.2026
Sammonlahti 26.pdf;NXKLSED001545024392N00;52121942;11.2.2026
Sammonlahti 26.pdf;NXKLSED0015450279A2N00;52121942;11.2.2026
Sammonlahti 26.pdf;NXKLSED001545027A72N00;52121942;11.2.2026
Sammonlahti 26.pdf;NXKLSED001545027B02N00;52121942;11.2.2026
Sammonlahti 26.pdf;NXKLSED001545027B12N00;52121942;11.2.2026
Sammonlahti 26.pdf;NXKLSED001545027CA2N00;52121942;11.2.2026
Sammonlahti 26.pdf;NXKLSED001545027D72N00;52121942;11.2.2026
Sammonlahti 26.pdf;NXKLSED001545027D82N00;52121942;11.2.2026
Sammonlahti 26.pdf;NXKLSED001545027DD2N00;52121942;11.2.2026
Sammonlahti 26.pdf;NXKLSED001545027E02N00;52121942;11.2.2026
Sammonlahti 26.pdf;NXKLSED001545027E22N00;52121942;11.2.2026
Sammonlahti 26.pdf;NXKLSED001545027E82N00;52121942;11.2.2026
Sammonlahti 26.pdf;NXKLSED001545027EA2N00;52121942;11.2.2026
Sammonlahti 26.pdf;NXKLSED001545027EC2N00;52121942;11.2.2026
Sammonlahti 26.pdf;NXKLSED001545027EE2N00;52121942;11.2.2026
Sammonlahti 26.pdf;NXKLSED001545027F02N00;52121942;11.2.2026
Sammonlahti 26.pdf;NXKLSED001545027F22N00;52121942;11.2.2026
Sammonlahti 26.pdf;NXKLSED001545027F32N00;52121942;11.2.2026
Sammonlahti 26.pdf;NXKLSED001545027F52N00;52121942;11.2.2026
Sammonlahti 26.pdf;NXKLSED001545028082N00;52121942;11.2.2026
Sammonlahti 26.pdf;NXKLSED001545028092N00;52121942;11.2.2026
Sammonlahti 26.pdf;NXKLSED0015450280C2N00;52121942;11.2.2026
Sammonlahti 26.pdf;NXKLSED001545028152N00;52121942;11.2.2026
Sammonlahti 26.pdf;NXKLSED001545028162N00;52121942;11.2.2026
Sammonlahti 26.pdf;NXKLSED0015450281B2N00;52121942;11.2.2026
Sammonlahti 26.pdf;NXKLSED0015450281E2N00;52121942;11.2.2026
Sammonlahti 26.pdf;NXKLSED001545028272N00;52121942;11.2.2026
Sammonlahti 26.pdf;NXKLSED0015450282A2N00;52121942;11.2.2026
Sammonlahti 26.pdf;NXKLSED0015450282F2N00;52121942;11.2.2026
Sammonlahti 26.pdf;NXKLSED001545028392N00;52121942;11.2.2026
Sammonlahti 26.pdf;NXKLSED001545028582N00;52121942;11.2.2026
Sammonlahti 26.pdf;NXKLSED001545028592N00;52121942;11.2.2026
Sammonlahti 26.pdf;NXKLSED0015450285C2N00;52121942;11.2.2026
Sammonlahti 26.pdf;NXKLSED001545028642N00;52121942;11.2.2026
Sammonlahti 26.pdf;NXKLSED001545028652N00;52121942;11.2.2026
Sammonlahti 26.pdf;NXKLSED001545028672N00;52121942;11.2.2026
Sammonlahti 26.pdf;NXKLSED001545028682N00;52121942;11.2.2026
Sammonlahti 26.pdf;NXKLSED0015450286F2N00;52121942;11.2.2026
Sammonlahti 26.pdf;NXKLSED001545028702N00;52121942;11.2.2026
Sammonlahti 26.pdf;NXKLSED001545028722N00;52121942;11.2.2026
Sammonlahti 26.pdf;NXKLSED001545028772N00;52121942;11.2.2026
Sammonlahti 26.pdf;NXKLSED0015450287D2N00;52121942;11.2.2026
Sammonlahti 26.pdf;NXKLSED0015450287E2N00;52121942;11.2.2026
Sammonlahti 26.pdf;NXKLSED001545028802N00;52121942;11.2.2026
Sammonlahti 26.pdf;NXKLSED001545028862N00;52121942;11.2.2026
Sammonlahti 26.pdf;NXKLSED001545028882N00;52121942;11.2.2026
Sammonlahti 26.pdf;NXKLSED001545028892N00;52121942;11.2.2026
Sammonlahti 26.pdf;NXKLSED001545028912N00;52121942;11.2.2026
Sammonlahti 26.pdf;NXKLSED0015450289C2N00;52121942;11.2.2026
Sammonlahti 26.pdf;NXKLSED0015450289D2N00;52121942;11.2.2026
Sammonlahti 26.pdf;NXKLSED0015450289F2N00;52121942;11.2.2026
Sammonlahti 26.pdf;NXKLSED001545028A02N00;52121942;11.2.2026
Sammonlahti 26.pdf;NXKLSED001545028A22N00;52121942;11.2.2026
Sammonlahti 26.pdf;NXKLSED001545028A72N00;52121942;11.2.2026
Sammonlahti 26.pdf;NXKLSED001545028AA2N00;52121942;11.2.2026
Sammonlahti 26.pdf;NXKLSED001545028B22N00;52121942;11.2.2026
Sammonlahti 26.pdf;NXKLSED001545028B32N00;52121942;11.2.2026
Sammonlahti 26.pdf;NXKLSED001545028B52N00;52121942;11.2.2026
Sammonlahti 26.pdf;NXKLSED001545028B62N00;52121942;11.2.2026
Sammonlahti 26.pdf;NXKLSED001545028B72N00;52121942;11.2.2026
Sammonlahti 26.pdf;NXKLSED001545028BC2N00;52121942;11.2.2026
Sammonlahti 26.pdf;NXKLSED001545028BE2N00;52121942;11.2.2026
Sammonlahti 26.pdf;NXKLSED001545028BF2N00;52121942;11.2.2026
Sammonlahti 26.pdf;NXKLSED001545028C12N00;52121942;11.2.2026
Sammonlahti 26.pdf;NXKLSED001545028C72N00;52121942;11.2.2026
Sammonlahti 26.pdf;NXKLSED001545028C82N00;52121942;11.2.2026
Sammonlahti 26.pdf;NXKLSED001545028CB2N00;52121942;11.2.2026
Sammonlahti 26.pdf;NXKLSED001545028D62N00;52121942;11.2.2026
Sammonlahti 26.pdf;NXKLSED001545028E02N00;52121942;11.2.2026
Sammonlahti 26.pdf;NXKLSED001545028E62N00;52121942;11.2.2026
Sammonlahti 26.pdf;NXKLSED001545028E72N00;52121942;11.2.2026
Sammonlahti 26.pdf;NXKLSED001545028EA2N00;52121942;11.2.2026
Sammonlahti 26.pdf;NXKLSED001545028EC2N00;52121942;11.2.2026
Sammonlahti 26.pdf;NXKLSED001545028F12N00;52121942;11.2.2026
Sammonlahti 26.pdf;NXKLSED001545028F42N00;52121942;11.2.2026
Sammonlahti 26.pdf;NXKLSED001545028F62N00;52121942;11.2.2026
Sammonlahti 26.pdf;NXKLSED001545029002N00;52121942;11.2.2026
Sammonlahti 26.pdf;NXKLSED001545029042N00;52121942;11.2.2026
Sammonlahti 26.pdf;NXKLSED001545029062N00;52121942;11.2.2026
Sammonlahti 26.pdf;NXKLSED001545029092N00;52121942;11.2.2026
Sammonlahti 26.pdf;NXKLSED0015450290B2N00;52121942;11.2.2026
Sammonlahti 26.pdf;NXKLSED0015450290D2N00;52121942;11.2.2026
Sammonlahti 26.pdf;NXKLSED0015450290F2N00;52121942;11.2.2026
Sammonlahti 26.pdf;NXKLSED001545029162N00;52121942;11.2.2026
Sammonlahti 26.pdf;NXKLSED001545029172N00;52121942;11.2.2026
Sammonlahti 26.pdf;NXKLSED0015450291A2N00;52121942;11.2.2026
Sammonlahti 26.pdf;NXKLSED0015450291E2N00;52121942;11.2.2026
Sammonlahti 26.pdf;NXKLSED001545029272N00;52121942;11.2.2026
Sammonlahti 26.pdf;NXKLSED001545029292N00;52121942;11.2.2026
Sammonlahti 26.pdf;NXKLSED001545029322N00;52121942;11.2.2026
Sammonlahti 26.pdf;NXKLSED0015450293B2N00;52121942;11.2.2026
Sammonlahti 26.pdf;NXKLSED001545029452N00;52121942;11.2.2026
Sammonlahti 26.pdf;NXKLSED0015450296D2N00;52121942;11.2.2026
Sammonlahti 26.pdf;NXKLSED001545029772N00;52121942;11.2.2026
Sammonlahti 26.pdf;NXKLSED001545029782N00;52121942;11.2.2026
Sammonlahti 26.pdf;NXKLSED0015450299E2N00;52121942;11.2.2026
Sammonlahti 26.pdf;NXKLSED001545029A12N00;52121942;11.2.2026
Sammonlahti 26.pdf;NXKLSED001545029A92N00;52121942;11.2.2026
Sammonlahti 26.pdf;NXKLSED001545029C42N00;52121942;11.2.2026
Sammonlahti 26.pdf;NXKLSED001545029C62N00;52121942;11.2.2026
Sammonlahti 26.pdf;NXKLSED001545029CC2N00;52121942;11.2.2026
Sammonlahti 26.pdf;NXKLSED00154502A272N00;52121942;11.2.2026
Sammonlahti 26.pdf;NXKLSED00154502A302N00;52121942;11.2.2026
Sammonlahti 26.pdf;NXKLSED00154502A382N00;52121942;11.2.2026
Sammonlahti 26.pdf;NXKLSED00154502A632N00;52121942;11.2.2026
Sammonlahti 26.pdf;NXKLSED00154502A782N00;52121942;11.2.2026
Sammonlahti 26.pdf;NXKLSED00154502A7F2N00;52121942;11.2.2026
Sammonlahti 26.pdf;NXKLSED00154502A882N00;52121942;11.2.2026
Sammonlahti 26.pdf;NXKLSED00154502AB72N00;52121942;11.2.2026
Sammonlahti 26.pdf;NXKLSED00154502AB92N00;52121942;11.2.2026
Sammonlahti 26.pdf;NXKLSED00154502ACB2N00;52121942;11.2.2026
Sammonlahti 26.pdf;NXKLSED00154502AD12N00;52121942;11.2.2026
Sammonlahti 26.pdf;NXKLSED00154502AD82N00;52121942;11.2.2026
Sammonlahti 26.pdf;NXKLSED00154502ADA2N00;52121942;11.2.2026
Sammonlahti 26.pdf;NXKLSED00154502AF32N00;52121942;11.2.2026
Sammonlahti 26.pdf;NXKLSED00154502AF42N00;52121942;11.2.2026
Sammonlahti 26.pdf;NXKLSED00154502AFE2N00;52121942;11.2.2026
Sammonlahti 26.pdf;NXKLSED00154502B072N00;52121942;11.2.2026
Sammonlahti 26.pdf;NXKLSED00154502B0C2N00;52121942;11.2.2026
Sammonlahti 26.pdf;NXKLSED00154502B112N00;52121942;11.2.2026
Sammonlahti 26.pdf;NXKLSED00154502B162N00;52121942;11.2.2026
Sammonlahti 26.pdf;NXKLSED00154502B1A2N00;52121942;11.2.2026
Sammonlahti 26.pdf;NXKLSED00154502B1E2N00;52121942;11.2.2026
Sammonlahti 26.pdf;NXKLSED00154502B222N00;52121942;11.2.2026
Sammonlahti 26.pdf;NXKLSED00154502B252N00;52121942;11.2.2026
Sammonlahti 26.pdf;NXKLSED00154502B262N00;52121942;11.2.2026
Sammonlahti 26.pdf;NXKLSED00154502B2C2N00;52121942;11.2.2026
Sammonlahti 26.pdf;NXKLSED00154502B2E2N00;52121942;11.2.2026
Sammonlahti 26.pdf;NXKLSED00154502B2F2N00;52121942;11.2.2026
Sammonlahti 26.pdf;NXKLSED00154502B3A2N00;52121942;11.2.2026
Sammonlahti 26.pdf;NXKLSED00154502B432N00;52121942;11.2.2026
Simola 26.pdf;NXKLSED001545027D22N00;52121709;11.2.2026
Simola 26.pdf;NXKLSED001545023E02N00;52121709;11.2.2026
Simola 26.pdf;NXKLSED001545023EA2N00;52121709;11.2.2026
Simola 26.pdf;NXKLSED0015450240E2N00;52121709;11.2.2026
Simola 26.pdf;NXKLSED001545024322N00;52121709;11.2.2026
Simola 26.pdf;NXKKAED001545024D32N00;52121709;11.2.2026
Simola 26.pdf;NXKKAED0015450244C2N00;52121709;11.2.2026
Pulp 26.pdf;NXKLSED00154502AF02N00;52121939;11.2.2026
Pulp 26.pdf;NXKLSED001545023D02N00;52121939;11.2.2026
Pulp 26.pdf;NXKLSED001545023ED2N00;52121939;11.2.2026
Pulp 26.pdf;NXKLSED001545023F02N00;52121939;11.2.2026
Pulp 26.pdf;NXKLSED001545024002N00;52121939;11.2.2026
Pulp 26.pdf;NXKLSED001545024092N00;52121939;11.2.2026
Pulp 26.pdf;NXKLSED001545024112N00;52121939;11.2.2026
Pulp 26.pdf;NXKLSED001545024222N00;52121939;11.2.2026
Pulp 26.pdf;NXKLSED0015450242C2N00;52121939;11.2.2026
Pulp 26.pdf;NXKLSED001545024372N00;52121939;11.2.2026
Pulp 26.pdf;NXKLSED001545024382N00;52121939;11.2.2026
Pulp 26.pdf;NXKLSED001545027FF2N00;52121939;11.2.2026
Pulp 26.pdf;NXKLSED001545028262N00;52121939;11.2.2026
Pulp 26.pdf;NXKLSED0015450285D2N00;52121939;11.2.2026
Pulp 26.pdf;NXKLSED001545028692N00;52121939;11.2.2026
Pulp 26.pdf;NXKLSED001545028732N00;52121939;11.2.2026
Pulp 26.pdf;NXKLSED001545028762N00;52121939;11.2.2026
Pulp 26.pdf;NXKLSED001545028832N00;52121939;11.2.2026
Pulp 26.pdf;NXKLSED0015450288A2N00;52121939;11.2.2026
Pulp 26.pdf;NXKLSED001545029232N00;52121939;11.2.2026
Pulp 26.pdf;NXKLSED0015450292E2N00;52121939;11.2.2026
Pulp 26.pdf;NXKLSED0015450294D2N00;52121939;11.2.2026
Pulp 26.pdf;NXKLSED001545029562N00;52121939;11.2.2026
Pulp 26.pdf;NXKLSED001545029962N00;52121939;11.2.2026
Pulp 26.pdf;NXKLSED001545029A62N00;52121939;11.2.2026
Pulp 26.pdf;NXKLSED001545029A72N00;52121939;11.2.2026
Pulp 26.pdf;NXKLSED001545029A82N00;52121939;11.2.2026
Pulp 26.pdf;NXKLSED001545029C12N00;52121939;11.2.2026
Pulp 26.pdf;NXKLSED001545029EB2N00;52121939;11.2.2026
Pulp 26.pdf;NXKLSED001545029EE2N00;52121939;11.2.2026
Pulp 26.pdf;NXKLSED00154502A1A2N00;52121939;11.2.2026
Pulp 26.pdf;NXKLSED00154502A2E2N00;52121939;11.2.2026
Pulp 26.pdf;NXKLSED00154502A352N00;52121939;11.2.2026
Pulp 26.pdf;NXKLSED00154502A4D2N00;52121939;11.2.2026
Pulp 26.pdf;NXKLSED00154502A522N00;52121939;11.2.2026
Pulp 26.pdf;NXKLSED00154502A552N00;52121939;11.2.2026
Pulp 26.pdf;NXKLSED00154502A842N00;52121939;11.2.2026
Pulp 26.pdf;NXKLSED00154502A982N00;52121939;11.2.2026
Pulp 26.pdf;NXKLSED00154502A9D2N00;52121939;11.2.2026
Pulp 26.pdf;NXKLSED00154502AA42N00;52121939;11.2.2026
Pulp 26.pdf;NXKKAED001545024AE2N00;52121939;11.2.2026
Pontus 26a.pdf;NXKLSED00154502B472N00;52121941;23.1.2026
Pontus 26a.pdf;NXKLSED001545023D32N00;52121941;23.1.2026
Pontus 26a.pdf;NXKLSED001545023D42N00;52121941;23.1.2026
Pontus 26a.pdf;NXKLSED001545023DA2N00;52121941;23.1.2026
Pontus 26a.pdf;NXKLSED001545023FC2N00;52121941;23.1.2026
Pontus 26a.pdf;NXKLSED001545023FF2N00;52121941;23.1.2026
Pontus 26a.pdf;NXKLSED001545024412N00;52121941;23.1.2026
Pontus 26a.pdf;NXKLSED001545027902N00;52121941;23.1.2026
Pontus 26a.pdf;NXKLSED001545027932N00;52121941;23.1.2026
Pontus 26a.pdf;NXKLSED001545027A52N00;52121941;23.1.2026
Pontus 26a.pdf;NXKLSED001545027AD2N00;52121941;23.1.2026
Pontus 26a.pdf;NXKLSED001545027BA2N00;52121941;23.1.2026
Pontus 26a.pdf;NXKLSED001545027CC2N00;52121941;23.1.2026
Pontus 26a.pdf;NXKLSED001545027DA2N00;52121941;23.1.2026
Pontus 26a.pdf;NXKLSED001545027E42N00;52121941;23.1.2026
Pontus 26a.pdf;NXKLSED001545027E52N00;52121941;23.1.2026
Pontus 26a.pdf;NXKLSED001545027EB2N00;52121941;23.1.2026
Pontus 26a.pdf;NXKLSED0015450280B2N00;52121941;23.1.2026
Pontus 26a.pdf;NXKLSED001545028102N00;52121941;23.1.2026
Pontus 26a.pdf;NXKLSED001545028172N00;52121941;23.1.2026
Pontus 26a.pdf;NXKLSED001545028192N00;52121941;23.1.2026
Pontus 26a.pdf;NXKLSED001545028242N00;52121941;23.1.2026
Pontus 26a.pdf;NXKLSED001545028252N00;52121941;23.1.2026
Pontus 26a.pdf;NXKLSED0015450282E2N00;52121941;23.1.2026
Pontus 26a.pdf;NXKLSED001545028342N00;52121941;23.1.2026
Pontus 26a.pdf;NXKLSED001545028382N00;52121941;23.1.2026
Pontus 26a.pdf;NXKLSED0015450284F2N00;52121941;23.1.2026
Pontus 26a.pdf;NXKLSED001545028502N00;52121941;23.1.2026
Pontus 26a.pdf;NXKLSED0015450286B2N00;52121941;23.1.2026
Pontus 26a.pdf;NXKLSED001545028752N00;52121941;23.1.2026
Pontus 26a.pdf;NXKLSED0015450287C2N00;52121941;23.1.2026
Pontus 26a.pdf;NXKLSED001545028842N00;52121941;23.1.2026
Pontus 26a.pdf;NXKLSED0015450288E2N00;52121941;23.1.2026
Pontus 26a.pdf;NXKLSED001545028972N00;52121941;23.1.2026
Pontus 26a.pdf;NXKLSED0015450289E2N00;52121941;23.1.2026
Pontus 26a.pdf;NXKLSED001545028A52N00;52121941;23.1.2026
Pontus 26a.pdf;NXKLSED001545028A62N00;52121941;23.1.2026
Pontus 26a.pdf;NXKLSED001545028D02N00;52121941;23.1.2026
Pontus 26a.pdf;NXKLSED001545028DA2N00;52121941;23.1.2026
Pontus 26a.pdf;NXKLSED001545028E82N00;52121941;23.1.2026
Pontus 26a.pdf;NXKLSED001545028EB2N00;52121941;23.1.2026
Pontus 26a.pdf;NXKLSED001545028F72N00;52121941;23.1.2026
Pontus 26a.pdf;NXKLSED001545028FE2N00;52121941;23.1.2026
Pontus 26a.pdf;NXKLSED001545029102N00;52121941;23.1.2026
Pontus 26a.pdf;NXKLSED001545029122N00;52121941;23.1.2026
Pontus 26a.pdf;NXKLSED001545029142N00;52121941;23.1.2026
Pontus 26a.pdf;NXKLSED001545029222N00;52121941;23.1.2026
Pontus 26a.pdf;NXKLSED001545029262N00;52121941;23.1.2026
Pontus 26a.pdf;NXKLSED0015450292F2N00;52121941;23.1.2026
Pontus 26a.pdf;NXKLSED0015450293A2N00;52121941;23.1.2026
Pontus 26a.pdf;NXKLSED001545029462N00;52121941;23.1.2026
Pontus 26a.pdf;NXKLSED0015450294E2N00;52121941;23.1.2026
Pontus 26a.pdf;NXKLSED001545029512N00;52121941;23.1.2026
Pontus 26a.pdf;NXKLSED001545029542N00;52121941;23.1.2026
Pontus 26a.pdf;NXKLSED001545029592N00;52121941;23.1.2026
Pontus 26a.pdf;NXKLSED0015450295B2N00;52121941;23.1.2026
Pontus 26a.pdf;NXKLSED001545029652N00;52121941;23.1.2026
Pontus 26a.pdf;NXKLSED001545029662N00;52121941;23.1.2026
Pontus 26a.pdf;NXKLSED0015450296C2N00;52121941;23.1.2026
Pontus 26a.pdf;NXKLSED0015450296F2N00;52121941;23.1.2026
Pontus 26a.pdf;NXKLSED001545029822N00;52121941;23.1.2026
Pontus 26a.pdf;NXKLSED001545029BC2N00;52121941;23.1.2026
Pontus 26a.pdf;NXKLSED001545029CE2N00;52121941;23.1.2026
Pontus 26a.pdf;NXKLSED001545029D32N00;52121941;23.1.2026
Pontus 26a.pdf;NXKLSED001545029DA2N00;52121941;23.1.2026
Pontus 26a.pdf;NXKLSED001545029DF2N00;52121941;23.1.2026
Pontus 26a.pdf;NXKLSED001545029E42N00;52121941;23.1.2026
Pontus 26a.pdf;NXKLSED001545029F22N00;52121941;23.1.2026
Pontus 26a.pdf;NXKLSED001545029FE2N00;52121941;23.1.2026
Pontus 26a.pdf;NXKLSED00154502A062N00;52121941;23.1.2026
Pontus 26a.pdf;NXKLSED00154502A0E2N00;52121941;23.1.2026
Pontus 26a.pdf;NXKLSED00154502A172N00;52121941;23.1.2026
Pontus 26a.pdf;NXKLSED00154502A192N00;52121941;23.1.2026
Pontus 26a.pdf;NXKLSED00154502A2A2N00;52121941;23.1.2026
Pontus 26a.pdf;NXKLSED00154502A4B2N00;52121941;23.1.2026
Pontus 26a.pdf;NXKLSED00154502A682N00;52121941;23.1.2026
Pontus 26a.pdf;NXKLSED00154502A7E2N00;52121941;23.1.2026
Pontus 26a.pdf;NXKLSED00154502A8B2N00;52121941;23.1.2026
Pontus 26a.pdf;NXKLSED00154502A9B2N00;52121941;23.1.2026
Pontus 26a.pdf;NXKLSED00154502AB02N00;52121941;23.1.2026
Pontus 26a.pdf;NXKLSED00154502ABB2N00;52121941;23.1.2026
Pontus 26a.pdf;NXKLSED00154502ABF2N00;52121941;23.1.2026
Pontus 26a.pdf;NXKLSED00154502AC22N00;52121941;23.1.2026
Pontus 26a.pdf;NXKLSED00154502AD62N00;52121941;23.1.2026
Pontus 26a.pdf;NXKLSED00154502ADD2N00;52121941;23.1.2026
Pontus 26a.pdf;NXKLSED00154502AEB2N00;52121941;23.1.2026
Pontus 26a.pdf;NXKLSED00154502AED2N00;52121941;23.1.2026
Pontus 26a.pdf;NXKLSED00154502AF62N00;52121941;23.1.2026
Pontus 26a.pdf;NXKLSED00154502AFA2N00;52121941;23.1.2026
Pontus 26a.pdf;NXKLSED00154502AFB2N00;52121941;23.1.2026
Pontus 26a.pdf;NXKLSED00154502B232N00;52121941;23.1.2026
Pontus 26a.pdf;NXKLSED00154502B2A2N00;52121941;23.1.2026
Pontus 26a.pdf;NXKLSED00154502B342N00;52121941;23.1.2026
Pontus 26a.pdf;NXKLSED00154502B352N00;52121941;23.1.2026
Pontus 26a.pdf;NXKLSED00154502B3E2N00;52121941;23.1.2026
Pontus 26b.pdf;NXKKAED001545025082N00;52112386;23.1.2026
Pontus 26b.pdf;NXKKAED001545024C12N00;52112386;23.1.2026
Nuijamaa  26.pdf;NXKLSED00154502B2B2N00;52121954;11.2.2026
Nuijamaa  26.pdf;NXKLSED001545023E42N00;52121954;11.2.2026
Nuijamaa  26.pdf;NXKLSED001545023F32N00;52121954;11.2.2026
Nuijamaa  26.pdf;NXKLSED001545024142N00;52121954;11.2.2026
Nuijamaa  26.pdf;NXKLSED0015450241C2N00;52121954;11.2.2026
Nuijamaa  26.pdf;NXKLSED0015450242F2N00;52121954;11.2.2026
Nuijamaa  26.pdf;NXKLSED001545024312N00;52121954;11.2.2026
Nuijamaa  26.pdf;NXKLSED001545028E52N00;52121954;11.2.2026
Nuijamaa  26.pdf;NXKLSED001545029BA2N00;52121954;11.2.2026
Nuijamaa  26.pdf;NXKLSED00154502A9E2N00;52121954;11.2.2026
Nuijamaa  26.pdf;NXKKAED001545024A92N00;52121954;11.2.2026
Myllymäki 26.pdf;NXKLSED00154502B4F2N00;52121938;11.2.2026
Myllymäki 26.pdf;NXKLSED001545024052N00;52121938;11.2.2026
Myllymäki 26.pdf;NXKLSED001545024062N00;52121938;11.2.2026
Myllymäki 26.pdf;NXKLSED0015450241F2N00;52121938;11.2.2026
Myllymäki 26.pdf;NXKLSED001545024302N00;52121938;11.2.2026
Myllymäki 26.pdf;NXKLSED0015450243C2N00;52121938;11.2.2026
Myllymäki 26.pdf;NXKLSED001545024402N00;52121938;11.2.2026
Myllymäki 26.pdf;NXKLSED001545024442N00;52121938;11.2.2026
Myllymäki 26.pdf;NXKLSED001545027C52N00;52121938;11.2.2026
Myllymäki 26.pdf;NXKLSED001545027CE2N00;52121938;11.2.2026
Myllymäki 26.pdf;NXKLSED001545027F62N00;52121938;11.2.2026
Myllymäki 26.pdf;NXKLSED001545028032N00;52121938;11.2.2026
Myllymäki 26.pdf;NXKLSED0015450280A2N00;52121938;11.2.2026
Myllymäki 26.pdf;NXKLSED0015450280F2N00;52121938;11.2.2026
Myllymäki 26.pdf;NXKLSED001545028122N00;52121938;11.2.2026
Myllymäki 26.pdf;NXKLSED0015450282D2N00;52121938;11.2.2026
Myllymäki 26.pdf;NXKLSED0015450284D2N00;52121938;11.2.2026
Myllymäki 26.pdf;NXKLSED001545028522N00;52121938;11.2.2026
Myllymäki 26.pdf;NXKLSED001545028622N00;52121938;11.2.2026
Myllymäki 26.pdf;NXKLSED0015450286C2N00;52121938;11.2.2026
Myllymäki 26.pdf;NXKLSED0015450286E2N00;52121938;11.2.2026
Myllymäki 26.pdf;NXKLSED001545028812N00;52121938;11.2.2026
Myllymäki 26.pdf;NXKLSED001545028822N00;52121938;11.2.2026
Myllymäki 26.pdf;NXKLSED001545028942N00;52121938;11.2.2026
Myllymäki 26.pdf;NXKLSED001545028982N00;52121938;11.2.2026
Myllymäki 26.pdf;NXKLSED0015450289B2N00;52121938;11.2.2026
Myllymäki 26.pdf;NXKLSED001545028AD2N00;52121938;11.2.2026
Myllymäki 26.pdf;NXKLSED001545028B02N00;52121938;11.2.2026
Myllymäki 26.pdf;NXKLSED001545028CE2N00;52121938;11.2.2026
Myllymäki 26.pdf;NXKLSED001545028D92N00;52121938;11.2.2026
Myllymäki 26.pdf;NXKLSED001545028DD2N00;52121938;11.2.2026
Myllymäki 26.pdf;NXKLSED001545028EF2N00;52121938;11.2.2026
Myllymäki 26.pdf;NXKLSED001545028F02N00;52121938;11.2.2026
Myllymäki 26.pdf;NXKLSED001545028F52N00;52121938;11.2.2026
Myllymäki 26.pdf;NXKLSED001545028FF2N00;52121938;11.2.2026
Myllymäki 26.pdf;NXKLSED001545029022N00;52121938;11.2.2026
Myllymäki 26.pdf;NXKLSED0015450291F2N00;52121938;11.2.2026
Myllymäki 26.pdf;NXKLSED001545029302N00;52121938;11.2.2026
Myllymäki 26.pdf;NXKLSED001545029352N00;52121938;11.2.2026
Myllymäki 26.pdf;NXKLSED0015450294F2N00;52121938;11.2.2026
Myllymäki 26.pdf;NXKLSED001545029502N00;52121938;11.2.2026
Myllymäki 26.pdf;NXKLSED001545029582N00;52121938;11.2.2026
Myllymäki 26.pdf;NXKLSED0015450295A2N00;52121938;11.2.2026
Myllymäki 26.pdf;NXKLSED001545029712N00;52121938;11.2.2026
Myllymäki 26.pdf;NXKLSED001545029762N00;52121938;11.2.2026
Myllymäki 26.pdf;NXKLSED0015450297D2N00;52121938;11.2.2026
Myllymäki 26.pdf;NXKLSED0015450298A2N00;52121938;11.2.2026
Myllymäki 26.pdf;NXKLSED001545029972N00;52121938;11.2.2026
Myllymäki 26.pdf;NXKLSED001545029A32N00;52121938;11.2.2026
Myllymäki 26.pdf;NXKLSED001545029AB2N00;52121938;11.2.2026
Myllymäki 26.pdf;NXKLSED001545029B52N00;52121938;11.2.2026
Myllymäki 26.pdf;NXKLSED001545029BF2N00;52121938;11.2.2026
Myllymäki 26.pdf;NXKLSED001545029C72N00;52121938;11.2.2026
Myllymäki 26.pdf;NXKLSED001545029C92N00;52121938;11.2.2026
Myllymäki 26.pdf;NXKLSED001545029D02N00;52121938;11.2.2026
Myllymäki 26.pdf;NXKLSED001545029D22N00;52121938;11.2.2026
Myllymäki 26.pdf;NXKLSED001545029DB2N00;52121938;11.2.2026
Myllymäki 26.pdf;NXKLSED001545029DC2N00;52121938;11.2.2026
Myllymäki 26.pdf;NXKLSED001545029DD2N00;52121938;11.2.2026
Myllymäki 26.pdf;NXKLSED001545029DE2N00;52121938;11.2.2026
Myllymäki 26.pdf;NXKLSED001545029EA2N00;52121938;11.2.2026
Myllymäki 26.pdf;NXKLSED001545029ED2N00;52121938;11.2.2026
Myllymäki 26.pdf;NXKLSED001545029EF2N00;52121938;11.2.2026
Myllymäki 26.pdf;NXKLSED001545029FD2N00;52121938;11.2.2026
Myllymäki 26.pdf;NXKLSED00154502A002N00;52121938;11.2.2026
Myllymäki 26.pdf;NXKLSED00154502A072N00;52121938;11.2.2026
Myllymäki 26.pdf;NXKLSED00154502A0F2N00;52121938;11.2.2026
Myllymäki 26.pdf;NXKLSED00154502A142N00;52121938;11.2.2026
Myllymäki 26.pdf;NXKLSED00154502A322N00;52121938;11.2.2026
Myllymäki 26.pdf;NXKLSED00154502A462N00;52121938;11.2.2026
Myllymäki 26.pdf;NXKLSED00154502A512N00;52121938;11.2.2026
Myllymäki 26.pdf;NXKLSED00154502A792N00;52121938;11.2.2026
Myllymäki 26.pdf;NXKLSED00154502A7D2N00;52121938;11.2.2026
Myllymäki 26.pdf;NXKLSED00154502A832N00;52121938;11.2.2026
Myllymäki 26.pdf;NXKLSED00154502AA12N00;52121938;11.2.2026
Myllymäki 26.pdf;NXKLSED00154502AAF2N00;52121938;11.2.2026
Myllymäki 26.pdf;NXKLSED00154502AB42N00;52121938;11.2.2026
Myllymäki 26.pdf;NXKLSED00154502ABA2N00;52121938;11.2.2026
Myllymäki 26.pdf;NXKLSED00154502AC32N00;52121938;11.2.2026
Myllymäki 26.pdf;NXKLSED00154502AC52N00;52121938;11.2.2026
Myllymäki 26.pdf;NXKLSED00154502AC92N00;52121938;11.2.2026
Myllymäki 26.pdf;NXKLSED00154502ACD2N00;52121938;11.2.2026
Myllymäki 26.pdf;NXKLSED00154502AD22N00;52121938;11.2.2026
Myllymäki 26.pdf;NXKLSED00154502ADB2N00;52121938;11.2.2026
Myllymäki 26.pdf;NXKLSED00154502ADC2N00;52121938;11.2.2026
Myllymäki 26.pdf;NXKLSED00154502AE22N00;52121938;11.2.2026
Myllymäki 26.pdf;NXKLSED00154502AE52N00;52121938;11.2.2026
Myllymäki 26.pdf;NXKLSED00154502AE62N00;52121938;11.2.2026
Myllymäki 26.pdf;NXKLSED00154502AE82N00;52121938;11.2.2026
Myllymäki 26.pdf;NXKLSED00154502AEF2N00;52121938;11.2.2026
Myllymäki 26.pdf;NXKLSED00154502AF52N00;52121938;11.2.2026
Myllymäki 26.pdf;NXKLSED00154502AFD2N00;52121938;11.2.2026
Myllymäki 26.pdf;NXKLSED00154502B032N00;52121938;11.2.2026
Myllymäki 26.pdf;NXKLSED00154502B052N00;52121938;11.2.2026
Myllymäki 26.pdf;NXKLSED00154502B082N00;52121938;11.2.2026
Myllymäki 26.pdf;NXKLSED00154502B0B2N00;52121938;11.2.2026
Myllymäki 26.pdf;NXKLSED00154502B0D2N00;52121938;11.2.2026
Myllymäki 26.pdf;NXKLSED00154502B0F2N00;52121938;11.2.2026
Myllymäki 26.pdf;NXKLSED00154502B182N00;52121938;11.2.2026
Myllymäki 26.pdf;NXKLSED00154502B1B2N00;52121938;11.2.2026
Myllymäki 26.pdf;NXKLSED00154502B272N00;52121938;11.2.2026
Myllymäki 26.pdf;NXKLSED00154502B292N00;52121938;11.2.2026
Myllymäki 26.pdf;NXKLSED00154502B322N00;52121938;11.2.2026
Myllymäki 26.pdf;NXKLSED00154502B332N00;52121938;11.2.2026
Myllymäki 26.pdf;NXKLSED00154502B4C2N00;52121938;11.2.2026
Lönnrot 26.pdf;NXKLSED00154502B4D2N00;52121937;11.2.2026
Lönnrot 26.pdf;NXKLSED001545024122N00;52121937;11.2.2026
Lönnrot 26.pdf;NXKLSED001545024162N00;52121937;11.2.2026
Lönnrot 26.pdf;NXKLSED001545024172N00;52121937;11.2.2026
Lönnrot 26.pdf;NXKLSED0015450241D2N00;52121937;11.2.2026
Lönnrot 26.pdf;NXKLSED001545024262N00;52121937;11.2.2026
Lönnrot 26.pdf;NXKLSED001545024292N00;52121937;11.2.2026
Lönnrot 26.pdf;NXKLSED001545024342N00;52121937;11.2.2026
Lönnrot 26.pdf;NXKLSED0015450279B2N00;52121937;11.2.2026
Lönnrot 26.pdf;NXKLSED0015450279E2N00;52121937;11.2.2026
Lönnrot 26.pdf;NXKLSED001545027B22N00;52121937;11.2.2026
Lönnrot 26.pdf;NXKLSED001545027C32N00;52121937;11.2.2026
Lönnrot 26.pdf;NXKLSED001545028022N00;52121937;11.2.2026
Lönnrot 26.pdf;NXKLSED0015450280D2N00;52121937;11.2.2026
Lönnrot 26.pdf;NXKLSED0015450280E2N00;52121937;11.2.2026
Lönnrot 26.pdf;NXKLSED001545028182N00;52121937;11.2.2026
Lönnrot 26.pdf;NXKLSED001545028352N00;52121937;11.2.2026
Lönnrot 26.pdf;NXKLSED001545028462N00;52121937;11.2.2026
Lönnrot 26.pdf;NXKLSED001545028512N00;52121937;11.2.2026
Lönnrot 26.pdf;NXKLSED0015450285A2N00;52121937;11.2.2026
Lönnrot 26.pdf;NXKLSED001545028852N00;52121937;11.2.2026
Lönnrot 26.pdf;NXKLSED0015450288B2N00;52121937;11.2.2026
Lönnrot 26.pdf;NXKLSED001545028D22N00;52121937;11.2.2026
Lönnrot 26.pdf;NXKLSED001545028D32N00;52121937;11.2.2026
Lönnrot 26.pdf;NXKLSED001545028D52N00;52121937;11.2.2026
Lönnrot 26.pdf;NXKLSED001545028F32N00;52121937;11.2.2026
Lönnrot 26.pdf;NXKLSED001545028FA2N00;52121937;11.2.2026
Lönnrot 26.pdf;NXKLSED001545029052N00;52121937;11.2.2026
Lönnrot 26.pdf;NXKLSED001545029112N00;52121937;11.2.2026
Lönnrot 26.pdf;NXKLSED001545029362N00;52121937;11.2.2026
Lönnrot 26.pdf;NXKLSED0015450293D2N00;52121937;11.2.2026
Lönnrot 26.pdf;NXKLSED001545029692N00;52121937;11.2.2026
Lönnrot 26.pdf;NXKLSED0015450297A2N00;52121937;11.2.2026
Lönnrot 26.pdf;NXKLSED0015450298D2N00;52121937;11.2.2026
Lönnrot 26.pdf;NXKLSED001545029AD2N00;52121937;11.2.2026
Lönnrot 26.pdf;NXKLSED001545029AF2N00;52121937;11.2.2026
Lönnrot 26.pdf;NXKLSED001545029F92N00;52121937;11.2.2026
Lönnrot 26.pdf;NXKLSED00154502A182N00;52121937;11.2.2026
Lönnrot 26.pdf;NXKLSED00154502A362N00;52121937;11.2.2026
Lönnrot 26.pdf;NXKLSED00154502A562N00;52121937;11.2.2026
Lönnrot 26.pdf;NXKLSED00154502A6C2N00;52121937;11.2.2026
Lönnrot 26.pdf;NXKLSED00154502A6E2N00;52121937;11.2.2026
Lönnrot 26.pdf;NXKLSED00154502A862N00;52121937;11.2.2026
Lönnrot 26.pdf;NXKLSED00154502AB12N00;52121937;11.2.2026
Lönnrot 26.pdf;NXKLSED00154502AC62N00;52121937;11.2.2026
Lönnrot 26.pdf;NXKLSED00154502ADE2N00;52121937;11.2.2026
Lönnrot 26.pdf;NXKLSED00154502AE02N00;52121937;11.2.2026
Lönnrot 26.pdf;NXKLSED00154502B062N00;52121937;11.2.2026
Lönnrot 26.pdf;NXKLSED00154502B3B2N00;52121937;11.2.2026
Lönnrot 26.pdf;NXKLSED00154502B482N00;52121937;11.2.2026
Lönnrot 26.pdf;NXKKAED001545025142N00;52121937;11.2.2026
Lönnrot 26.pdf;NXKKAED0015450246F2N00;52121937;11.2.2026
Lönnrot 26.pdf;NXKKAED001545024C62N00;52121937;11.2.2026
Lönnrot 26.pdf;NXKKAED001545024E72N00;52121937;11.2.2026
Lauritsala 26.pdf;NXKLSED00154502B4E2N00;52121936;11.2.2026
Lauritsala 26.pdf;NXKLSED001545023CF2N00;52121936;11.2.2026
Lauritsala 26.pdf;NXKLSED001545023D12N00;52121936;11.2.2026
Lauritsala 26.pdf;NXKLSED001545023D72N00;52121936;11.2.2026
Lauritsala 26.pdf;NXKLSED001545023D92N00;52121936;11.2.2026
Lauritsala 26.pdf;NXKLSED001545023DB2N00;52121936;11.2.2026
Lauritsala 26.pdf;NXKLSED001545023EF2N00;52121936;11.2.2026
Lauritsala 26.pdf;NXKLSED001545023F42N00;52121936;11.2.2026
Lauritsala 26.pdf;NXKLSED001545023F82N00;52121936;11.2.2026
Lauritsala 26.pdf;NXKLSED001545023F92N00;52121936;11.2.2026
Lauritsala 26.pdf;NXKLSED001545023FA2N00;52121936;11.2.2026
Lauritsala 26.pdf;NXKLSED001545024012N00;52121936;11.2.2026
Lauritsala 26.pdf;NXKLSED001545024032N00;52121936;11.2.2026
Lauritsala 26.pdf;NXKLSED001545024042N00;52121936;11.2.2026
Lauritsala 26.pdf;NXKLSED0015450240F2N00;52121936;11.2.2026
Lauritsala 26.pdf;NXKLSED001545024152N00;52121936;11.2.2026
Lauritsala 26.pdf;NXKLSED0015450241E2N00;52121936;11.2.2026
Lauritsala 26.pdf;NXKLSED001545024252N00;52121936;11.2.2026
Lauritsala 26.pdf;NXKLSED0015450242A2N00;52121936;11.2.2026
Lauritsala 26.pdf;NXKLSED0015450242D2N00;52121936;11.2.2026
Lauritsala 26.pdf;NXKLSED001545024332N00;52121936;11.2.2026
Lauritsala 26.pdf;NXKLSED001545024362N00;52121936;11.2.2026
Lauritsala 26.pdf;NXKLSED0015450243B2N00;52121936;11.2.2026
Lauritsala 26.pdf;NXKLSED0015450243D2N00;52121936;11.2.2026
Lauritsala 26.pdf;NXKLSED0015450243E2N00;52121936;11.2.2026
Lauritsala 26.pdf;NXKLSED001545027912N00;52121936;11.2.2026
Lauritsala 26.pdf;NXKLSED001545027992N00;52121936;11.2.2026
Lauritsala 26.pdf;NXKLSED001545027A02N00;52121936;11.2.2026
Lauritsala 26.pdf;NXKLSED001545027A32N00;52121936;11.2.2026
Lauritsala 26.pdf;NXKLSED001545027A82N00;52121936;11.2.2026
Lauritsala 26.pdf;NXKLSED001545027A92N00;52121936;11.2.2026
Lauritsala 26.pdf;NXKLSED001545027AA2N00;52121936;11.2.2026
Lauritsala 26.pdf;NXKLSED001545027AC2N00;52121936;11.2.2026
Lauritsala 26.pdf;NXKLSED001545027B42N00;52121936;11.2.2026
Lauritsala 26.pdf;NXKLSED001545027B52N00;52121936;11.2.2026
Lauritsala 26.pdf;NXKLSED001545027BB2N00;52121936;11.2.2026
Lauritsala 26.pdf;NXKLSED001545027BF2N00;52121936;11.2.2026
Lauritsala 26.pdf;NXKLSED001545027C12N00;52121936;11.2.2026
Lauritsala 26.pdf;NXKLSED001545027C42N00;52121936;11.2.2026
Lauritsala 26.pdf;NXKLSED001545027C72N00;52121936;11.2.2026
Lauritsala 26.pdf;NXKLSED001545027CB2N00;52121936;11.2.2026
Lauritsala 26.pdf;NXKLSED001545027D42N00;52121936;11.2.2026
Lauritsala 26.pdf;NXKLSED001545027D92N00;52121936;11.2.2026
Lauritsala 26.pdf;NXKLSED001545027DB2N00;52121936;11.2.2026
Lauritsala 26.pdf;NXKLSED001545027DE2N00;52121936;11.2.2026
Lauritsala 26.pdf;NXKLSED001545027E92N00;52121936;11.2.2026
Lauritsala 26.pdf;NXKLSED001545027F12N00;52121936;11.2.2026
Lauritsala 26.pdf;NXKLSED001545027F82N00;52121936;11.2.2026
Lauritsala 26.pdf;NXKLSED001545027F92N00;52121936;11.2.2026
Lauritsala 26.pdf;NXKLSED001545027FA2N00;52121936;11.2.2026
Lauritsala 26.pdf;NXKLSED001545027FB2N00;52121936;11.2.2026
Lauritsala 26.pdf;NXKLSED001545027FC2N00;52121936;11.2.2026
Lauritsala 26.pdf;NXKLSED001545028002N00;52121936;11.2.2026
Lauritsala 26.pdf;NXKLSED001545028062N00;52121936;11.2.2026
Lauritsala 26.pdf;NXKLSED001545028072N00;52121936;11.2.2026
Lauritsala 26.pdf;NXKLSED001545028142N00;52121936;11.2.2026
Lauritsala 26.pdf;NXKLSED001545028202N00;52121936;11.2.2026
Lauritsala 26.pdf;NXKLSED001545028222N00;52121936;11.2.2026
Lauritsala 26.pdf;NXKLSED001545028232N00;52121936;11.2.2026
Lauritsala 26.pdf;NXKLSED001545028312N00;52121936;11.2.2026
Lauritsala 26.pdf;NXKLSED001545028362N00;52121936;11.2.2026
Lauritsala 26.pdf;NXKLSED001545028372N00;52121936;11.2.2026
Lauritsala 26.pdf;NXKLSED0015450283B2N00;52121936;11.2.2026
Lauritsala 26.pdf;NXKLSED0015450283C2N00;52121936;11.2.2026
Lauritsala 26.pdf;NXKLSED0015450283D2N00;52121936;11.2.2026
Lauritsala 26.pdf;NXKLSED0015450283E2N00;52121936;11.2.2026
Lauritsala 26.pdf;NXKLSED001545028412N00;52121936;11.2.2026
Lauritsala 26.pdf;NXKLSED001545028422N00;52121936;11.2.2026
Lauritsala 26.pdf;NXKLSED001545028452N00;52121936;11.2.2026
Lauritsala 26.pdf;NXKLSED001545028472N00;52121936;11.2.2026
Lauritsala 26.pdf;NXKLSED0015450284B2N00;52121936;11.2.2026
Lauritsala 26.pdf;NXKLSED001545028552N00;52121936;11.2.2026
Lauritsala 26.pdf;NXKLSED001545028562N00;52121936;11.2.2026
Lauritsala 26.pdf;NXKLSED001545028572N00;52121936;11.2.2026
Lauritsala 26.pdf;NXKLSED0015450285F2N00;52121936;11.2.2026
Lauritsala 26.pdf;NXKLSED001545028602N00;52121936;11.2.2026
Lauritsala 26.pdf;NXKLSED001545028612N00;52121936;11.2.2026
Lauritsala 26.pdf;NXKLSED0015450286A2N00;52121936;11.2.2026
Lauritsala 26.pdf;NXKLSED001545028712N00;52121936;11.2.2026
Lauritsala 26.pdf;NXKLSED001545028742N00;52121936;11.2.2026
Lauritsala 26.pdf;NXKLSED0015450288F2N00;52121936;11.2.2026
Lauritsala 26.pdf;NXKLSED001545028902N00;52121936;11.2.2026
Lauritsala 26.pdf;NXKLSED001545028952N00;52121936;11.2.2026
Lauritsala 26.pdf;NXKLSED001545028A12N00;52121936;11.2.2026
Lauritsala 26.pdf;NXKLSED001545028A82N00;52121936;11.2.2026
Lauritsala 26.pdf;NXKLSED001545028B82N00;52121936;11.2.2026
Lauritsala 26.pdf;NXKLSED001545028C02N00;52121936;11.2.2026
Lauritsala 26.pdf;NXKLSED001545028C52N00;52121936;11.2.2026
Lauritsala 26.pdf;NXKLSED001545028E12N00;52121936;11.2.2026
Lauritsala 26.pdf;NXKLSED001545028E32N00;52121936;11.2.2026
Lauritsala 26.pdf;NXKLSED001545028ED2N00;52121936;11.2.2026
Lauritsala 26.pdf;NXKLSED001545028EE2N00;52121936;11.2.2026
Lauritsala 26.pdf;NXKLSED001545028F92N00;52121936;11.2.2026
Lauritsala 26.pdf;NXKLSED001545029012N00;52121936;11.2.2026
Lauritsala 26.pdf;NXKLSED0015450290E2N00;52121936;11.2.2026
Lauritsala 26.pdf;NXKLSED001545029152N00;52121936;11.2.2026
Lauritsala 26.pdf;NXKLSED001545029182N00;52121936;11.2.2026
Lauritsala 26.pdf;NXKLSED001545029192N00;52121936;11.2.2026
Lauritsala 26.pdf;NXKLSED0015450291B2N00;52121936;11.2.2026
Lauritsala 26.pdf;NXKLSED001545029892N00;52121936;11.2.2026
Lauritsala 26.pdf;NXKLSED001545029D42N00;52121936;11.2.2026
Lauritsala 26.pdf;NXKLSED001545029E72N00;52121936;11.2.2026
Lauritsala 26.pdf;NXKLSED00154502A262N00;52121936;11.2.2026
Lauritsala 26.pdf;NXKLSED00154502A582N00;52121936;11.2.2026
Lauritsala 26.pdf;NXKLSED00154502A932N00;52121936;11.2.2026
Lauritsala 26.pdf;NXKLSED00154502ABD2N00;52121936;11.2.2026
Lauritsala 26.pdf;NXKLSED00154502ACF2N00;52121936;11.2.2026
Lauritsala 26.pdf;NXKLSED00154502AD52N00;52121936;11.2.2026
Lauritsala 26.pdf;NXKLSED00154502AE12N00;52121936;11.2.2026
Lauritsala 26.pdf;NXKLSED00154502AE32N00;52121936;11.2.2026
Lauritsala 26.pdf;NXKLSED00154502AEA2N00;52121936;11.2.2026
Lauritsala 26.pdf;NXKLSED00154502B012N00;52121936;11.2.2026
Lauritsala 26.pdf;NXKLSED00154502B022N00;52121936;11.2.2026
Lauritsala 26.pdf;NXKLSED00154502B132N00;52121936;11.2.2026
Lauritsala 26.pdf;NXKLSED00154502B152N00;52121936;11.2.2026
Lauritsala 26.pdf;NXKLSED00154502B1D2N00;52121936;11.2.2026
Lauritsala 26.pdf;NXKLSED00154502B362N00;52121936;11.2.2026
Lauritsala 26.pdf;NXKLSED00154502B3C2N00;52121936;11.2.2026
Lauritsala 26.pdf;NXKLSED00154502B3F2N00;52121936;11.2.2026
Lauritsala 26.pdf;NXKLSED00154502B4A2N00;52121936;11.2.2026
Lappee 26.pdf;NXKLSED00154502B462N00;52121935;11.2.2026
Lappee 26.pdf;NXKLSED001545023D52N00;52121935;11.2.2026
Lappee 26.pdf;NXKLSED001545023E72N00;52121935;11.2.2026
Lappee 26.pdf;NXKLSED001545023E92N00;52121935;11.2.2026
Lappee 26.pdf;NXKLSED001545023F12N00;52121935;11.2.2026
Lappee 26.pdf;NXKLSED001545024132N00;52121935;11.2.2026
Lappee 26.pdf;NXKLSED001545027D02N00;52121935;11.2.2026
Lappee 26.pdf;NXKLSED0015450281C2N00;52121935;11.2.2026
Lappee 26.pdf;NXKLSED001545028BA2N00;52121935;11.2.2026
Lappee 26.pdf;NXKLSED001545028BB2N00;52121935;11.2.2026
Lappee 26.pdf;NXKLSED001545028D12N00;52121935;11.2.2026
Lappee 26.pdf;NXKLSED001545028DB2N00;52121935;11.2.2026
Lappee 26.pdf;NXKLSED001545028FD2N00;52121935;11.2.2026
Lappee 26.pdf;NXKLSED001545029242N00;52121935;11.2.2026
Lappee 26.pdf;NXKLSED001545029252N00;52121935;11.2.2026
Lappee 26.pdf;NXKLSED001545029282N00;52121935;11.2.2026
Lappee 26.pdf;NXKLSED0015450292B2N00;52121935;11.2.2026
Lappee 26.pdf;NXKLSED001545029372N00;52121935;11.2.2026
Lappee 26.pdf;NXKLSED001545029382N00;52121935;11.2.2026
Lappee 26.pdf;NXKLSED001545029422N00;52121935;11.2.2026
Lappee 26.pdf;NXKLSED001545029472N00;52121935;11.2.2026
Lappee 26.pdf;NXKLSED0015450294A2N00;52121935;11.2.2026
Lappee 26.pdf;NXKLSED001545029532N00;52121935;11.2.2026
Lappee 26.pdf;NXKLSED0015450295D2N00;52121935;11.2.2026
Lappee 26.pdf;NXKLSED0015450295F2N00;52121935;11.2.2026
Lappee 26.pdf;NXKLSED001545029602N00;52121935;11.2.2026
Lappee 26.pdf;NXKLSED001545029612N00;52121935;11.2.2026
Lappee 26.pdf;NXKLSED001545029622N00;52121935;11.2.2026
Lappee 26.pdf;NXKLSED001545029632N00;52121935;11.2.2026
Lappee 26.pdf;NXKLSED001545029672N00;52121935;11.2.2026
Lappee 26.pdf;NXKLSED0015450296A2N00;52121935;11.2.2026
Lappee 26.pdf;NXKLSED0015450296B2N00;52121935;11.2.2026
Lappee 26.pdf;NXKLSED001545029732N00;52121935;11.2.2026
Lappee 26.pdf;NXKLSED001545029752N00;52121935;11.2.2026
Lappee 26.pdf;NXKLSED001545029792N00;52121935;11.2.2026
Lappee 26.pdf;NXKLSED0015450297F2N00;52121935;11.2.2026
Lappee 26.pdf;NXKLSED001545029802N00;52121935;11.2.2026
Lappee 26.pdf;NXKLSED001545029842N00;52121935;11.2.2026
Lappee 26.pdf;NXKLSED001545029852N00;52121935;11.2.2026
Lappee 26.pdf;NXKLSED001545029872N00;52121935;11.2.2026
Lappee 26.pdf;NXKLSED001545029882N00;52121935;11.2.2026
Lappee 26.pdf;NXKLSED0015450298C2N00;52121935;11.2.2026
Lappee 26.pdf;NXKLSED001545029912N00;52121935;11.2.2026
Lappee 26.pdf;NXKLSED001545029922N00;52121935;11.2.2026
Lappee 26.pdf;NXKLSED001545029932N00;52121935;11.2.2026
Lappee 26.pdf;NXKLSED001545029982N00;52121935;11.2.2026
Lappee 26.pdf;NXKLSED0015450299B2N00;52121935;11.2.2026
Lappee 26.pdf;NXKLSED0015450299C2N00;52121935;11.2.2026
Lappee 26.pdf;NXKLSED0015450299F2N00;52121935;11.2.2026
Lappee 26.pdf;NXKLSED001545029A42N00;52121935;11.2.2026
Lappee 26.pdf;NXKLSED001545029AE2N00;52121935;11.2.2026
Lappee 26.pdf;NXKLSED001545029B02N00;52121935;11.2.2026
Lappee 26.pdf;NXKLSED001545029B22N00;52121935;11.2.2026
Lappee 26.pdf;NXKLSED001545029B72N00;52121935;11.2.2026
Lappee 26.pdf;NXKLSED001545029B92N00;52121935;11.2.2026
Lappee 26.pdf;NXKLSED001545029BB2N00;52121935;11.2.2026
Lappee 26.pdf;NXKLSED001545029C32N00;52121935;11.2.2026
Lappee 26.pdf;NXKLSED001545029C52N00;52121935;11.2.2026
Lappee 26.pdf;NXKLSED001545029CA2N00;52121935;11.2.2026
Lappee 26.pdf;NXKLSED001545029D52N00;52121935;11.2.2026
Lappee 26.pdf;NXKLSED001545029D92N00;52121935;11.2.2026
Lappee 26.pdf;NXKLSED001545029E12N00;52121935;11.2.2026
Lappee 26.pdf;NXKLSED001545029E32N00;52121935;11.2.2026
Lappee 26.pdf;NXKLSED001545029F12N00;52121935;11.2.2026
Lappee 26.pdf;NXKLSED001545029F42N00;52121935;11.2.2026
Lappee 26.pdf;NXKLSED001545029F82N00;52121935;11.2.2026
Lappee 26.pdf;NXKLSED001545029FA2N00;52121935;11.2.2026
Lappee 26.pdf;NXKLSED001545029FB2N00;52121935;11.2.2026
Lappee 26.pdf;NXKLSED00154502A032N00;52121935;11.2.2026
Lappee 26.pdf;NXKLSED00154502A0B2N00;52121935;11.2.2026
Lappee 26.pdf;NXKLSED00154502A0D2N00;52121935;11.2.2026
Lappee 26.pdf;NXKLSED00154502A202N00;52121935;11.2.2026
Lappee 26.pdf;NXKLSED00154502A212N00;52121935;11.2.2026
Lappee 26.pdf;NXKLSED00154502A222N00;52121935;11.2.2026
Lappee 26.pdf;NXKLSED00154502A232N00;52121935;11.2.2026
Lappee 26.pdf;NXKLSED00154502A412N00;52121935;11.2.2026
Lappee 26.pdf;NXKLSED00154502A422N00;52121935;11.2.2026
Lappee 26.pdf;NXKLSED00154502A452N00;52121935;11.2.2026
Lappee 26.pdf;NXKLSED00154502A492N00;52121935;11.2.2026
Lappee 26.pdf;NXKLSED00154502A4C2N00;52121935;11.2.2026
Lappee 26.pdf;NXKLSED00154502A5F2N00;52121935;11.2.2026
Lappee 26.pdf;NXKLSED00154502A672N00;52121935;11.2.2026
Lappee 26.pdf;NXKLSED00154502A6A2N00;52121935;11.2.2026
Lappee 26.pdf;NXKLSED00154502A712N00;52121935;11.2.2026
Lappee 26.pdf;NXKLSED00154502A722N00;52121935;11.2.2026
Lappee 26.pdf;NXKLSED00154502A732N00;52121935;11.2.2026
Lappee 26.pdf;NXKLSED00154502A7B2N00;52121935;11.2.2026
Lappee 26.pdf;NXKLSED00154502A852N00;52121935;11.2.2026
Lappee 26.pdf;NXKLSED00154502A912N00;52121935;11.2.2026
Lappee 26.pdf;NXKLSED00154502A9A2N00;52121935;11.2.2026
Lappee 26.pdf;NXKLSED00154502A9C2N00;52121935;11.2.2026
Lappee 26.pdf;NXKLSED00154502AA22N00;52121935;11.2.2026
Lappee 26.pdf;NXKLSED00154502AAD2N00;52121935;11.2.2026
Lappee 26.pdf;NXKLSED00154502ABC2N00;52121935;11.2.2026
Lappee 26.pdf;NXKLSED00154502ABE2N00;52121935;11.2.2026
Lappee 26.pdf;NXKLSED00154502AC12N00;52121935;11.2.2026
Lappee 26.pdf;NXKLSED00154502ACA2N00;52121935;11.2.2026
Lappee 26.pdf;NXKLSED00154502ACC2N00;52121935;11.2.2026
Lappee 26.pdf;NXKLSED00154502AD42N00;52121935;11.2.2026
Lappee 26.pdf;NXKLSED00154502AD92N00;52121935;11.2.2026
Lappee 26.pdf;NXKLSED00154502ADF2N00;52121935;11.2.2026
Lappee 26.pdf;NXKLSED00154502AF12N00;52121935;11.2.2026
Lappee 26.pdf;NXKLSED00154502AFC2N00;52121935;11.2.2026
Lappee 26.pdf;NXKLSED00154502B0E2N00;52121935;11.2.2026
Lappee 26.pdf;NXKLSED00154502B142N00;52121935;11.2.2026
Lappee 26.pdf;NXKLSED00154502B1F2N00;52121935;11.2.2026
Lappee 26.pdf;NXKLSED00154502B212N00;52121935;11.2.2026
Lappee 26.pdf;NXKLSED00154502B242N00;52121935;11.2.2026
Lappee 26.pdf;NXKLSED00154502B412N00;52121935;11.2.2026
Lappee 26.pdf;NXKLSED00154502B442N00;52121935;11.2.2026
Lappee 26.pdf;NXKKAED001545024962N00;52121935;11.2.2026
Kuusimäki 26.pdf;NXKLSED00154502B492N00;52121940;11.2.2026
Kuusimäki 26.pdf;NXKLSED001545023E52N00;52121940;11.2.2026
Kuusimäki 26.pdf;NXKLSED001545023E82N00;52121940;11.2.2026
Kuusimäki 26.pdf;NXKLSED001545023EB2N00;52121940;11.2.2026
Kuusimäki 26.pdf;NXKLSED001545023EC2N00;52121940;11.2.2026
Kuusimäki 26.pdf;NXKLSED001545024082N00;52121940;11.2.2026
Kuusimäki 26.pdf;NXKLSED0015450240A2N00;52121940;11.2.2026
Kuusimäki 26.pdf;NXKLSED001545024182N00;52121940;11.2.2026
Kuusimäki 26.pdf;NXKLSED0015450279F2N00;52121940;11.2.2026
Kuusimäki 26.pdf;NXKLSED001545027E62N00;52121940;11.2.2026
Kuusimäki 26.pdf;NXKLSED001545027E72N00;52121940;11.2.2026
Kuusimäki 26.pdf;NXKLSED001545028042N00;52121940;11.2.2026
Kuusimäki 26.pdf;NXKLSED001545028492N00;52121940;11.2.2026
Kuusimäki 26.pdf;NXKLSED001545028542N00;52121940;11.2.2026
Kuusimäki 26.pdf;NXKLSED0015450285E2N00;52121940;11.2.2026
Kuusimäki 26.pdf;NXKLSED001545028782N00;52121940;11.2.2026
Kuusimäki 26.pdf;NXKLSED0015450287B2N00;52121940;11.2.2026
Kuusimäki 26.pdf;NXKLSED001545028A32N00;52121940;11.2.2026
Kuusimäki 26.pdf;NXKLSED001545028AE2N00;52121940;11.2.2026
Kuusimäki 26.pdf;NXKLSED001545028BD2N00;52121940;11.2.2026
Kuusimäki 26.pdf;NXKLSED001545028DE2N00;52121940;11.2.2026
Kuusimäki 26.pdf;NXKLSED001545028DF2N00;52121940;11.2.2026
Kuusimäki 26.pdf;NXKLSED00154502A372N00;52121940;11.2.2026
Kuusimäki 26.pdf;NXKLSED00154502A3E2N00;52121940;11.2.2026
Kuusimäki 26.pdf;NXKLSED00154502A472N00;52121940;11.2.2026
Kuusimäki 26.pdf;NXKLSED00154502A652N00;52121940;11.2.2026
Kuusimäki 26.pdf;NXKLSED00154502A692N00;52121940;11.2.2026
Kuusimäki 26.pdf;NXKLSED00154502A892N00;52121940;11.2.2026
Kuusimäki 26.pdf;NXKLSED00154502A922N00;52121940;11.2.2026
Kuusimäki 26.pdf;NXKLSED00154502AEE2N00;52121940;11.2.2026
Kuusimäki 26.pdf;NXKLSED00154502AF72N00;52121940;11.2.2026
Kuusimäki 26.pdf;NXKLSED00154502B092N00;52121940;11.2.2026
Kuusimäki 26.pdf;NXKLSED00154502B312N00;52121940;11.2.2026
Kuusimäki 26.pdf;NXKLSED00154502B402N00;52121940;11.2.2026
Kuusimäki 26.pdf;NXKLSED00154502B452N00;52121940;11.2.2026
Kuusimäki 26.pdf;NXKKAED001545024D52N00;52121940;11.2.2026
Kuusimäki 26.pdf;NXKKAED001545024B32N00;52121940;11.2.2026
Korvenkylä 26.pdf;NXKLSED00154502B3D2N00;52121934;11.2.2026
Korvenkylä 26.pdf;NXKLSED001545023D22N00;52121934;11.2.2026
Korvenkylä 26.pdf;NXKLSED001545023E62N00;52121934;11.2.2026
Korvenkylä 26.pdf;NXKLSED001545023F62N00;52121934;11.2.2026
Korvenkylä 26.pdf;NXKLSED001545024022N00;52121934;11.2.2026
Korvenkylä 26.pdf;NXKLSED0015450241B2N00;52121934;11.2.2026
Korvenkylä 26.pdf;NXKLSED001545024202N00;52121934;11.2.2026
Korvenkylä 26.pdf;NXKLSED0015450242B2N00;52121934;11.2.2026
Korvenkylä 26.pdf;NXKLSED001545024352N00;52121934;11.2.2026
Korvenkylä 26.pdf;NXKLSED001545027A22N00;52121934;11.2.2026
Korvenkylä 26.pdf;NXKLSED001545027AF2N00;52121934;11.2.2026
Korvenkylä 26.pdf;NXKLSED001545027B32N00;52121934;11.2.2026
Korvenkylä 26.pdf;NXKLSED001545027DC2N00;52121934;11.2.2026
Korvenkylä 26.pdf;NXKLSED0015450284C2N00;52121934;11.2.2026
Korvenkylä 26.pdf;NXKLSED0015450285B2N00;52121934;11.2.2026
Korvenkylä 26.pdf;NXKLSED001545028962N00;52121934;11.2.2026
Korvenkylä 26.pdf;NXKLSED001545028A92N00;52121934;11.2.2026
Korvenkylä 26.pdf;NXKLSED001545029552N00;52121934;11.2.2026
Korvenkylä 26.pdf;NXKLSED0015450299A2N00;52121934;11.2.2026
Korvenkylä 26.pdf;NXKLSED001545029F62N00;52121934;11.2.2026
Korvenkylä 26.pdf;NXKLSED001545029FC2N00;52121934;11.2.2026
Korvenkylä 26.pdf;NXKLSED00154502A052N00;52121934;11.2.2026
Korvenkylä 26.pdf;NXKLSED00154502A242N00;52121934;11.2.2026
Korvenkylä 26.pdf;NXKLSED00154502A612N00;52121934;11.2.2026
Korvenkylä 26.pdf;NXKLSED00154502AC82N00;52121934;11.2.2026
Korvenkylä 26.pdf;NXKKAED001545025222N00;52121934;11.2.2026
Korvenkylä 26.pdf;NXKKAED001545024922N00;52121934;11.2.2026
Korvenkylä 26.pdf;NXKKAED001545024F12N00;52121934;11.2.2026
Kimpinen 26.pdf;NXKKAED001545025352N00;52121933;11.2.2026
Kimpinen 26.pdf;NXKKAED001545024462N00;52121933;11.2.2026
Kimpinen 26.pdf;NXKKAED001545024482N00;52121933;11.2.2026
Kimpinen 26.pdf;NXKKAED0015450244A2N00;52121933;11.2.2026
Kimpinen 26.pdf;NXKKAED0015450244F2N00;52121933;11.2.2026
Kimpinen 26.pdf;NXKKAED001545024502N00;52121933;11.2.2026
Kimpinen 26.pdf;NXKKAED001545024512N00;52121933;11.2.2026
Kimpinen 26.pdf;NXKKAED001545024532N00;52121933;11.2.2026
Kimpinen 26.pdf;NXKKAED001545024542N00;52121933;11.2.2026
Kimpinen 26.pdf;NXKKAED001545024552N00;52121933;11.2.2026
Kimpinen 26.pdf;NXKKAED001545024562N00;52121933;11.2.2026
Kimpinen 26.pdf;NXKKAED001545024572N00;52121933;11.2.2026
Kimpinen 26.pdf;NXKKAED001545024582N00;52121933;11.2.2026
Kimpinen 26.pdf;NXKKAED0015450245B2N00;52121933;11.2.2026
Kimpinen 26.pdf;NXKKAED0015450245C2N00;52121933;11.2.2026
Kimpinen 26.pdf;NXKKAED0015450245E2N00;52121933;11.2.2026
Kimpinen 26.pdf;NXKKAED001545024632N00;52121933;11.2.2026
Kimpinen 26.pdf;NXKKAED001545024652N00;52121933;11.2.2026
Kimpinen 26.pdf;NXKKAED001545024662N00;52121933;11.2.2026
Kimpinen 26.pdf;NXKKAED001545024672N00;52121933;11.2.2026
Kimpinen 26.pdf;NXKKAED001545024682N00;52121933;11.2.2026
Kimpinen 26.pdf;NXKKAED001545024692N00;52121933;11.2.2026
Kimpinen 26.pdf;NXKKAED0015450246D2N00;52121933;11.2.2026
Kimpinen 26.pdf;NXKKAED001545024722N00;52121933;11.2.2026
Kimpinen 26.pdf;NXKKAED001545024732N00;52121933;11.2.2026
Kimpinen 26.pdf;NXKKAED001545024742N00;52121933;11.2.2026
Kimpinen 26.pdf;NXKKAED001545024772N00;52121933;11.2.2026
Kimpinen 26.pdf;NXKKAED0015450247A2N00;52121933;11.2.2026
Kimpinen 26.pdf;NXKKAED0015450247C2N00;52121933;11.2.2026
Kimpinen 26.pdf;NXKKAED0015450247D2N00;52121933;11.2.2026
Kimpinen 26.pdf;NXKKAED0015450247E2N00;52121933;11.2.2026
Kimpinen 26.pdf;NXKKAED0015450247F2N00;52121933;11.2.2026
Kimpinen 26.pdf;NXKKAED001545024812N00;52121933;11.2.2026
Kimpinen 26.pdf;NXKKAED001545024832N00;52121933;11.2.2026
Kimpinen 26.pdf;NXKKAED001545024842N00;52121933;11.2.2026
Kimpinen 26.pdf;NXKKAED001545024852N00;52121933;11.2.2026
Kimpinen 26.pdf;NXKKAED001545024872N00;52121933;11.2.2026
Kimpinen 26.pdf;NXKKAED001545024882N00;52121933;11.2.2026
Kimpinen 26.pdf;NXKKAED0015450248B2N00;52121933;11.2.2026
Kimpinen 26.pdf;NXKKAED0015450248C2N00;52121933;11.2.2026
Kimpinen 26.pdf;NXKKAED0015450248F2N00;52121933;11.2.2026
Kimpinen 26.pdf;NXKKAED001545024902N00;52121933;11.2.2026
Kimpinen 26.pdf;NXKKAED001545024932N00;52121933;11.2.2026
Kimpinen 26.pdf;NXKKAED001545024942N00;52121933;11.2.2026
Kimpinen 26.pdf;NXKKAED001545024952N00;52121933;11.2.2026
Kimpinen 26.pdf;NXKKAED001545024972N00;52121933;11.2.2026
Kimpinen 26.pdf;NXKKAED0015450249A2N00;52121933;11.2.2026
Kimpinen 26.pdf;NXKKAED0015450249B2N00;52121933;11.2.2026
Kimpinen 26.pdf;NXKKAED0015450249C2N00;52121933;11.2.2026
Kimpinen 26.pdf;NXKKAED0015450249D2N00;52121933;11.2.2026
Kimpinen 26.pdf;NXKKAED0015450249E2N00;52121933;11.2.2026
Kimpinen 26.pdf;NXKKAED0015450249F2N00;52121933;11.2.2026
Kimpinen 26.pdf;NXKKAED001545024A22N00;52121933;11.2.2026
Kimpinen 26.pdf;NXKKAED001545024A32N00;52121933;11.2.2026
Kimpinen 26.pdf;NXKKAED001545024A42N00;52121933;11.2.2026
Kimpinen 26.pdf;NXKKAED001545024A62N00;52121933;11.2.2026
Kimpinen 26.pdf;NXKKAED001545024A72N00;52121933;11.2.2026
Kimpinen 26.pdf;NXKKAED001545024A82N00;52121933;11.2.2026
Kimpinen 26.pdf;NXKKAED001545024AA2N00;52121933;11.2.2026
Kimpinen 26.pdf;NXKKAED001545024AC2N00;52121933;11.2.2026
Kimpinen 26.pdf;NXKKAED001545024AD2N00;52121933;11.2.2026
Kimpinen 26.pdf;NXKKAED001545024AF2N00;52121933;11.2.2026
Kimpinen 26.pdf;NXKKAED001545024B12N00;52121933;11.2.2026
Kimpinen 26.pdf;NXKKAED001545024B22N00;52121933;11.2.2026
Kimpinen 26.pdf;NXKKAED001545024B42N00;52121933;11.2.2026
Kimpinen 26.pdf;NXKKAED001545024B52N00;52121933;11.2.2026
Kimpinen 26.pdf;NXKKAED001545024B62N00;52121933;11.2.2026
Kimpinen 26.pdf;NXKKAED001545024B82N00;52121933;11.2.2026
Kimpinen 26.pdf;NXKKAED001545024BA2N00;52121933;11.2.2026
Kimpinen 26.pdf;NXKKAED001545024BB2N00;52121933;11.2.2026
Kimpinen 26.pdf;NXKKAED001545024BF2N00;52121933;11.2.2026
Kimpinen 26.pdf;NXKKAED001545024C02N00;52121933;11.2.2026
Kimpinen 26.pdf;NXKKAED001545024C52N00;52121933;11.2.2026
Kimpinen 26.pdf;NXKKAED001545024C72N00;52121933;11.2.2026
Kimpinen 26.pdf;NXKKAED001545024C82N00;52121933;11.2.2026
Kimpinen 26.pdf;NXKKAED001545024CA2N00;52121933;11.2.2026
Kimpinen 26.pdf;NXKKAED001545024CD2N00;52121933;11.2.2026
Kimpinen 26.pdf;NXKKAED001545024CE2N00;52121933;11.2.2026
Kimpinen 26.pdf;NXKKAED001545024CF2N00;52121933;11.2.2026
Kimpinen 26.pdf;NXKKAED001545024D02N00;52121933;11.2.2026
Kimpinen 26.pdf;NXKKAED001545024D12N00;52121933;11.2.2026
Kimpinen 26.pdf;NXKKAED001545024D22N00;52121933;11.2.2026
Kimpinen 26.pdf;NXKKAED001545024D42N00;52121933;11.2.2026
Kimpinen 26.pdf;NXKKAED001545024D62N00;52121933;11.2.2026
Kimpinen 26.pdf;NXKKAED001545024D72N00;52121933;11.2.2026
Kimpinen 26.pdf;NXKKAED001545024D82N00;52121933;11.2.2026
Kimpinen 26.pdf;NXKKAED001545024DB2N00;52121933;11.2.2026
Kimpinen 26.pdf;NXKKAED001545024DC2N00;52121933;11.2.2026
Kimpinen 26.pdf;NXKKAED001545024DD2N00;52121933;11.2.2026
Kimpinen 26.pdf;NXKKAED001545024DF2N00;52121933;11.2.2026
Kimpinen 26.pdf;NXKKAED001545024E12N00;52121933;11.2.2026
Kimpinen 26.pdf;NXKKAED001545024E22N00;52121933;11.2.2026
Kimpinen 26.pdf;NXKKAED001545024E42N00;52121933;11.2.2026
Kimpinen 26.pdf;NXKKAED001545024E52N00;52121933;11.2.2026
Kimpinen 26.pdf;NXKKAED001545024E62N00;52121933;11.2.2026
Kimpinen 26.pdf;NXKKAED001545024E82N00;52121933;11.2.2026
Kimpinen 26.pdf;NXKKAED001545024ED2N00;52121933;11.2.2026
Kimpinen 26.pdf;NXKKAED001545024EE2N00;52121933;11.2.2026
Kimpinen 26.pdf;NXKKAED001545024F42N00;52121933;11.2.2026
Kimpinen 26.pdf;NXKKAED001545024F52N00;52121933;11.2.2026
Kimpinen 26.pdf;NXKKAED001545024F62N00;52121933;11.2.2026
Kimpinen 26.pdf;NXKKAED001545024F82N00;52121933;11.2.2026
Kimpinen 26.pdf;NXKKAED001545024F92N00;52121933;11.2.2026
Kimpinen 26.pdf;NXKKAED001545024FA2N00;52121933;11.2.2026
Kimpinen 26.pdf;NXKKAED001545024FB2N00;52121933;11.2.2026
Kimpinen 26.pdf;NXKKAED001545024FD2N00;52121933;11.2.2026
Kimpinen 26.pdf;NXKKAED001545024FE2N00;52121933;11.2.2026
Kimpinen 26.pdf;NXKKAED001545025022N00;52121933;11.2.2026
Kimpinen 26.pdf;NXKKAED001545025032N00;52121933;11.2.2026
Kimpinen 26.pdf;NXKKAED001545025042N00;52121933;11.2.2026
Kimpinen 26.pdf;NXKKAED001545025092N00;52121933;11.2.2026
Kimpinen 26.pdf;NXKKAED0015450250D2N00;52121933;11.2.2026
Kimpinen 26.pdf;NXKKAED0015450250F2N00;52121933;11.2.2026
Kimpinen 26.pdf;NXKKAED001545025102N00;52121933;11.2.2026
Kimpinen 26.pdf;NXKKAED001545025112N00;52121933;11.2.2026
Kimpinen 26.pdf;NXKKAED001545025152N00;52121933;11.2.2026
Kimpinen 26.pdf;NXKKAED001545025162N00;52121933;11.2.2026
Kimpinen 26.pdf;NXKKAED001545025172N00;52121933;11.2.2026
Kimpinen 26.pdf;NXKKAED001545025182N00;52121933;11.2.2026
Kimpinen 26.pdf;NXKKAED0015450251A2N00;52121933;11.2.2026
Kimpinen 26.pdf;NXKKAED0015450251B2N00;52121933;11.2.2026
Kimpinen 26.pdf;NXKKAED0015450251C2N00;52121933;11.2.2026
Kimpinen 26.pdf;NXKKAED0015450251E2N00;52121933;11.2.2026
Kimpinen 26.pdf;NXKKAED0015450251F2N00;52121933;11.2.2026
Kimpinen 26.pdf;NXKKAED001545025212N00;52121933;11.2.2026
Kimpinen 26.pdf;NXKKAED001545025232N00;52121933;11.2.2026
Kimpinen 26.pdf;NXKKAED001545025262N00;52121933;11.2.2026
Kimpinen 26.pdf;NXKKAED001545025282N00;52121933;11.2.2026
Kimpinen 26.pdf;NXKKAED001545025292N00;52121933;11.2.2026
Kimpinen 26.pdf;NXKKAED0015450252A2N00;52121933;11.2.2026
Kimpinen 26.pdf;NXKKAED0015450252B2N00;52121933;11.2.2026
Kimpinen 26.pdf;NXKKAED0015450252D2N00;52121933;11.2.2026
Kimpinen 26.pdf;NXKKAED001545025332N00;52121933;11.2.2026
Kimpinen 26.pdf;NXKKAED001545025342N00;52121933;11.2.2026
Kesämäki 26.pdf;NXKLSED00154502B382N00;52121932;11.2.2026
Kesämäki 26.pdf;NXKLSED001545023CE2N00;52121932;11.2.2026
Kesämäki 26.pdf;NXKLSED001545023D62N00;52121932;11.2.2026
Kesämäki 26.pdf;NXKLSED001545023D82N00;52121932;11.2.2026
Kesämäki 26.pdf;NXKLSED001545023DC2N00;52121932;11.2.2026
Kesämäki 26.pdf;NXKLSED001545023DF2N00;52121932;11.2.2026
Kesämäki 26.pdf;NXKLSED001545023E12N00;52121932;11.2.2026
Kesämäki 26.pdf;NXKLSED001545023EE2N00;52121932;11.2.2026
Kesämäki 26.pdf;NXKLSED001545023F22N00;52121932;11.2.2026
Kesämäki 26.pdf;NXKLSED001545023FB2N00;52121932;11.2.2026
Kesämäki 26.pdf;NXKLSED0015450240C2N00;52121932;11.2.2026
Kesämäki 26.pdf;NXKLSED0015450240D2N00;52121932;11.2.2026
Kesämäki 26.pdf;NXKLSED001545024102N00;52121932;11.2.2026
Kesämäki 26.pdf;NXKLSED001545024192N00;52121932;11.2.2026
Kesämäki 26.pdf;NXKLSED001545024232N00;52121932;11.2.2026
Kesämäki 26.pdf;NXKLSED001545024242N00;52121932;11.2.2026
Kesämäki 26.pdf;NXKLSED001545024272N00;52121932;11.2.2026
Kesämäki 26.pdf;NXKLSED001545024282N00;52121932;11.2.2026
Kesämäki 26.pdf;NXKLSED0015450242E2N00;52121932;11.2.2026
Kesämäki 26.pdf;NXKLSED0015450243A2N00;52121932;11.2.2026
Kesämäki 26.pdf;NXKLSED0015450243F2N00;52121932;11.2.2026
Kesämäki 26.pdf;NXKLSED001545024422N00;52121932;11.2.2026
Kesämäki 26.pdf;NXKLSED001545024452N00;52121932;11.2.2026
Kesämäki 26.pdf;NXKLSED001545027922N00;52121932;11.2.2026
Kesämäki 26.pdf;NXKLSED001545027952N00;52121932;11.2.2026
Kesämäki 26.pdf;NXKLSED001545027962N00;52121932;11.2.2026
Kesämäki 26.pdf;NXKLSED001545027982N00;52121932;11.2.2026
Kesämäki 26.pdf;NXKLSED0015450279C2N00;52121932;11.2.2026
Kesämäki 26.pdf;NXKLSED001545027A12N00;52121932;11.2.2026
Kesämäki 26.pdf;NXKLSED001545027A42N00;52121932;11.2.2026
Kesämäki 26.pdf;NXKLSED001545027A62N00;52121932;11.2.2026
Kesämäki 26.pdf;NXKLSED001545027AB2N00;52121932;11.2.2026
Kesämäki 26.pdf;NXKLSED001545027AE2N00;52121932;11.2.2026
Kesämäki 26.pdf;NXKLSED001545027B92N00;52121932;11.2.2026
Kesämäki 26.pdf;NXKLSED001545027BC2N00;52121932;11.2.2026
Kesämäki 26.pdf;NXKLSED001545027C02N00;52121932;11.2.2026
Kesämäki 26.pdf;NXKLSED001545027C62N00;52121932;11.2.2026
Kesämäki 26.pdf;NXKLSED001545027C82N00;52121932;11.2.2026
Kesämäki 26.pdf;NXKLSED001545027C92N00;52121932;11.2.2026
Kesämäki 26.pdf;NXKLSED001545027CF2N00;52121932;11.2.2026
Kesämäki 26.pdf;NXKLSED001545027D32N00;52121932;11.2.2026
Kesämäki 26.pdf;NXKLSED001545027D62N00;52121932;11.2.2026
Kesämäki 26.pdf;NXKLSED001545027E12N00;52121932;11.2.2026
Kesämäki 26.pdf;NXKLSED001545027EF2N00;52121932;11.2.2026
Kesämäki 26.pdf;NXKLSED001545027FD2N00;52121932;11.2.2026
Kesämäki 26.pdf;NXKLSED001545028052N00;52121932;11.2.2026
Kesämäki 26.pdf;NXKLSED0015450281A2N00;52121932;11.2.2026
Kesämäki 26.pdf;NXKLSED0015450281F2N00;52121932;11.2.2026
Kesämäki 26.pdf;NXKLSED001545028292N00;52121932;11.2.2026
Kesämäki 26.pdf;NXKLSED001545028302N00;52121932;11.2.2026
Kesämäki 26.pdf;NXKLSED0015450283F2N00;52121932;11.2.2026
Kesämäki 26.pdf;NXKLSED001545028402N00;52121932;11.2.2026
Kesämäki 26.pdf;NXKLSED0015450284A2N00;52121932;11.2.2026
Kesämäki 26.pdf;NXKLSED001545028532N00;52121932;11.2.2026
Kesämäki 26.pdf;NXKLSED001545028632N00;52121932;11.2.2026
Kesämäki 26.pdf;NXKLSED001545028932N00;52121932;11.2.2026
Kesämäki 26.pdf;NXKLSED001545028A42N00;52121932;11.2.2026
Kesämäki 26.pdf;NXKLSED001545028AB2N00;52121932;11.2.2026
Kesämäki 26.pdf;NXKLSED001545028AC2N00;52121932;11.2.2026
Kesämäki 26.pdf;NXKLSED001545028AF2N00;52121932;11.2.2026
Kesämäki 26.pdf;NXKLSED001545028B12N00;52121932;11.2.2026
Kesämäki 26.pdf;NXKLSED001545028B42N00;52121932;11.2.2026
Kesämäki 26.pdf;NXKLSED001545028B92N00;52121932;11.2.2026
Kesämäki 26.pdf;NXKLSED001545028C22N00;52121932;11.2.2026
Kesämäki 26.pdf;NXKLSED001545028C32N00;52121932;11.2.2026
Kesämäki 26.pdf;NXKLSED001545028D42N00;52121932;11.2.2026
Kesämäki 26.pdf;NXKLSED001545028E92N00;52121932;11.2.2026
Kesämäki 26.pdf;NXKLSED001545029072N00;52121932;11.2.2026
Kesämäki 26.pdf;NXKLSED0015450290C2N00;52121932;11.2.2026
Kesämäki 26.pdf;NXKLSED001545029212N00;52121932;11.2.2026
Kesämäki 26.pdf;NXKLSED001545029342N00;52121932;11.2.2026
Kesämäki 26.pdf;NXKLSED001545029402N00;52121932;11.2.2026
Kesämäki 26.pdf;NXKLSED001545029442N00;52121932;11.2.2026
Kesämäki 26.pdf;NXKLSED0015450294B2N00;52121932;11.2.2026
Kesämäki 26.pdf;NXKLSED0015450294C2N00;52121932;11.2.2026
Kesämäki 26.pdf;NXKLSED0015450297E2N00;52121932;11.2.2026
Kesämäki 26.pdf;NXKLSED001545029992N00;52121932;11.2.2026
Kesämäki 26.pdf;NXKLSED001545029A02N00;52121932;11.2.2026
Kesämäki 26.pdf;NXKLSED001545029A52N00;52121932;11.2.2026
Kesämäki 26.pdf;NXKLSED001545029AA2N00;52121932;11.2.2026
Kesämäki 26.pdf;NXKLSED001545029B42N00;52121932;11.2.2026
Kesämäki 26.pdf;NXKLSED001545029B62N00;52121932;11.2.2026
Kesämäki 26.pdf;NXKLSED001545029BE2N00;52121932;11.2.2026
Kesämäki 26.pdf;NXKLSED001545029CD2N00;52121932;11.2.2026
Kesämäki 26.pdf;NXKLSED001545029E02N00;52121932;11.2.2026
Kesämäki 26.pdf;NXKLSED001545029E82N00;52121932;11.2.2026
Kesämäki 26.pdf;NXKLSED001545029E92N00;52121932;11.2.2026
Kesämäki 26.pdf;NXKLSED001545029F32N00;52121932;11.2.2026
Kesämäki 26.pdf;NXKLSED001545029FF2N00;52121932;11.2.2026
Kesämäki 26.pdf;NXKLSED00154502A012N00;52121932;11.2.2026
Kesämäki 26.pdf;NXKLSED00154502A082N00;52121932;11.2.2026
Kesämäki 26.pdf;NXKLSED00154502A0C2N00;52121932;11.2.2026
Kesämäki 26.pdf;NXKLSED00154502A132N00;52121932;11.2.2026
Kesämäki 26.pdf;NXKLSED00154502A162N00;52121932;11.2.2026
Kesämäki 26.pdf;NXKLSED00154502A1C2N00;52121932;11.2.2026
Kesämäki 26.pdf;NXKLSED00154502A252N00;52121932;11.2.2026
Kesämäki 26.pdf;NXKLSED00154502A292N00;52121932;11.2.2026
Kesämäki 26.pdf;NXKLSED00154502A2B2N00;52121932;11.2.2026
Kesämäki 26.pdf;NXKLSED00154502A3B2N00;52121932;11.2.2026
Kesämäki 26.pdf;NXKLSED00154502A402N00;52121932;11.2.2026
Kesämäki 26.pdf;NXKLSED00154502A442N00;52121932;11.2.2026
Kesämäki 26.pdf;NXKLSED00154502A4A2N00;52121932;11.2.2026
Kesämäki 26.pdf;NXKLSED00154502A4E2N00;52121932;11.2.2026
Kesämäki 26.pdf;NXKLSED00154502A542N00;52121932;11.2.2026
Kesämäki 26.pdf;NXKLSED00154502A572N00;52121932;11.2.2026
Kesämäki 26.pdf;NXKLSED00154502A5E2N00;52121932;11.2.2026
Kesämäki 26.pdf;NXKLSED00154502A602N00;52121932;11.2.2026
Kesämäki 26.pdf;NXKLSED00154502A662N00;52121932;11.2.2026
Kesämäki 26.pdf;NXKLSED00154502A752N00;52121932;11.2.2026
Kesämäki 26.pdf;NXKLSED00154502A802N00;52121932;11.2.2026
Kesämäki 26.pdf;NXKLSED00154502A822N00;52121932;11.2.2026
Kesämäki 26.pdf;NXKLSED00154502A8A2N00;52121932;11.2.2026
Kesämäki 26.pdf;NXKLSED00154502A8E2N00;52121932;11.2.2026
Kesämäki 26.pdf;NXKLSED00154502A962N00;52121932;11.2.2026
Kesämäki 26.pdf;NXKLSED00154502A992N00;52121932;11.2.2026
Kesämäki 26.pdf;NXKLSED00154502AA62N00;52121932;11.2.2026
Kesämäki 26.pdf;NXKLSED00154502AAA2N00;52121932;11.2.2026
Kesämäki 26.pdf;NXKLSED00154502AAB2N00;52121932;11.2.2026
Kesämäki 26.pdf;NXKLSED00154502AB82N00;52121932;11.2.2026
Kesämäki 26.pdf;NXKLSED00154502ACE2N00;52121932;11.2.2026
Kesämäki 26.pdf;NXKLSED00154502AD72N00;52121932;11.2.2026
Kesämäki 26.pdf;NXKLSED00154502AE42N00;52121932;11.2.2026
Kesämäki 26.pdf;NXKLSED00154502AE72N00;52121932;11.2.2026
Kesämäki 26.pdf;NXKLSED00154502AF92N00;52121932;11.2.2026
Kesämäki 26.pdf;NXKLSED00154502B372N00;52121932;11.2.2026
Kaukaa 26.pdf;NXKLSED00154502B302N00;52121931;11.2.2026
Kaukaa 26.pdf;NXKLSED001545023E32N00;52121931;11.2.2026
Kaukaa 26.pdf;NXKLSED001545023FD2N00;52121931;11.2.2026
Kaukaa 26.pdf;NXKLSED0015450241A2N00;52121931;11.2.2026
Kaukaa 26.pdf;NXKLSED001545024212N00;52121931;11.2.2026
Kaukaa 26.pdf;NXKLSED001545024432N00;52121931;11.2.2026
Kaukaa 26.pdf;NXKLSED001545027972N00;52121931;11.2.2026
Kaukaa 26.pdf;NXKLSED001545027B72N00;52121931;11.2.2026
Kaukaa 26.pdf;NXKLSED001545027BD2N00;52121931;11.2.2026
Kaukaa 26.pdf;NXKLSED001545027CD2N00;52121931;11.2.2026
Kaukaa 26.pdf;NXKLSED001545027D52N00;52121931;11.2.2026
Kaukaa 26.pdf;NXKLSED001545027DF2N00;52121931;11.2.2026
Kaukaa 26.pdf;NXKLSED001545027ED2N00;52121931;11.2.2026
Kaukaa 26.pdf;NXKLSED001545028132N00;52121931;11.2.2026
Kaukaa 26.pdf;NXKLSED0015450281D2N00;52121931;11.2.2026
Kaukaa 26.pdf;NXKLSED001545028212N00;52121931;11.2.2026
Kaukaa 26.pdf;NXKLSED0015450282C2N00;52121931;11.2.2026
Kaukaa 26.pdf;NXKLSED001545028332N00;52121931;11.2.2026
Kaukaa 26.pdf;NXKLSED0015450283A2N00;52121931;11.2.2026
Kaukaa 26.pdf;NXKLSED001545028432N00;52121931;11.2.2026
Kaukaa 26.pdf;NXKLSED001545028662N00;52121931;11.2.2026
Kaukaa 26.pdf;NXKLSED0015450286D2N00;52121931;11.2.2026
Kaukaa 26.pdf;NXKLSED0015450287A2N00;52121931;11.2.2026
Kaukaa 26.pdf;NXKLSED0015450287F2N00;52121931;11.2.2026
Kaukaa 26.pdf;NXKLSED001545028922N00;52121931;11.2.2026
Kaukaa 26.pdf;NXKLSED001545028D72N00;52121931;11.2.2026
Kaukaa 26.pdf;NXKLSED001545028D82N00;52121931;11.2.2026
Kaukaa 26.pdf;NXKLSED001545028DC2N00;52121931;11.2.2026
Kaukaa 26.pdf;NXKLSED001545028E22N00;52121931;11.2.2026
Kaukaa 26.pdf;NXKLSED001545028FC2N00;52121931;11.2.2026
Kaukaa 26.pdf;NXKLSED001545029202N00;52121931;11.2.2026
Kaukaa 26.pdf;NXKLSED001545029312N00;52121931;11.2.2026
Kaukaa 26.pdf;NXKLSED001545029392N00;52121931;11.2.2026
Kaukaa 26.pdf;NXKLSED0015450293E2N00;52121931;11.2.2026
Kaukaa 26.pdf;NXKLSED001545029522N00;52121931;11.2.2026
Kaukaa 26.pdf;NXKLSED001545029572N00;52121931;11.2.2026
Kaukaa 26.pdf;NXKLSED0015450295E2N00;52121931;11.2.2026
Kaukaa 26.pdf;NXKLSED001545029742N00;52121931;11.2.2026
Kaukaa 26.pdf;NXKLSED0015450297B2N00;52121931;11.2.2026
Kaukaa 26.pdf;NXKLSED001545029812N00;52121931;11.2.2026
Kaukaa 26.pdf;NXKLSED001545029832N00;52121931;11.2.2026
Kaukaa 26.pdf;NXKLSED001545029862N00;52121931;11.2.2026
Kaukaa 26.pdf;NXKLSED001545029952N00;52121931;11.2.2026
Kaukaa 26.pdf;NXKLSED0015450299D2N00;52121931;11.2.2026
Kaukaa 26.pdf;NXKLSED001545029A22N00;52121931;11.2.2026
Kaukaa 26.pdf;NXKLSED001545029AC2N00;52121931;11.2.2026
Kaukaa 26.pdf;NXKLSED001545029B12N00;52121931;11.2.2026
Kaukaa 26.pdf;NXKLSED001545029BD2N00;52121931;11.2.2026
Kaukaa 26.pdf;NXKLSED001545029C22N00;52121931;11.2.2026
Kaukaa 26.pdf;NXKLSED001545029CF2N00;52121931;11.2.2026
Kaukaa 26.pdf;NXKLSED001545029D12N00;52121931;11.2.2026
Kaukaa 26.pdf;NXKLSED001545029D82N00;52121931;11.2.2026
Kaukaa 26.pdf;NXKLSED001545029E62N00;52121931;11.2.2026
Kaukaa 26.pdf;NXKLSED001545029F02N00;52121931;11.2.2026
Kaukaa 26.pdf;NXKLSED00154502A042N00;52121931;11.2.2026
Kaukaa 26.pdf;NXKLSED00154502A2D2N00;52121931;11.2.2026
Kaukaa 26.pdf;NXKLSED00154502A3D2N00;52121931;11.2.2026
Kaukaa 26.pdf;NXKLSED00154502A5C2N00;52121931;11.2.2026
Kaukaa 26.pdf;NXKLSED00154502A742N00;52121931;11.2.2026
Kaukaa 26.pdf;NXKLSED00154502A762N00;52121931;11.2.2026
Kaukaa 26.pdf;NXKLSED00154502A8D2N00;52121931;11.2.2026
Kaukaa 26.pdf;NXKLSED00154502A952N00;52121931;11.2.2026
Kaukaa 26.pdf;NXKLSED00154502AA02N00;52121931;11.2.2026
Kaukaa 26.pdf;NXKLSED00154502AA52N00;52121931;11.2.2026
Kaukaa 26.pdf;NXKLSED00154502AB62N00;52121931;11.2.2026
Kaukaa 26.pdf;NXKLSED00154502AD02N00;52121931;11.2.2026
Kaukaa 26.pdf;NXKLSED00154502AD32N00;52121931;11.2.2026
Kaukaa 26.pdf;NXKLSED00154502AE92N00;52121931;11.2.2026
Kaukaa 26.pdf;NXKLSED00154502B202N00;52121931;11.2.2026
Kaukaa 26.pdf;NXKLSED00154502B282N00;52121931;11.2.2026
Kaukaa 26.pdf;NXKKAED001545025192N00;52121931;11.2.2026
Kasukkala 26.pdf;NXKLSED00154502AFF2N00;52121930;11.2.2026
Kasukkala 26.pdf;NXKLSED001545023DE2N00;52121930;11.2.2026
Kasukkala 26.pdf;NXKLSED001545024072N00;52121930;11.2.2026
Kasukkala 26.pdf;NXKLSED0015450240B2N00;52121930;11.2.2026
Kasukkala 26.pdf;NXKLSED001545027B62N00;52121930;11.2.2026
Kasukkala 26.pdf;NXKLSED001545027D12N00;52121930;11.2.2026
Kasukkala 26.pdf;NXKLSED001545027F72N00;52121930;11.2.2026
Kasukkala 26.pdf;NXKLSED001545028112N00;52121930;11.2.2026
Kasukkala 26.pdf;NXKLSED0015450288C2N00;52121930;11.2.2026
Kasukkala 26.pdf;NXKLSED001545028CC2N00;52121930;11.2.2026
Kasukkala 26.pdf;NXKLSED001545028FB2N00;52121930;11.2.2026
Kasukkala 26.pdf;NXKLSED001545029032N00;52121930;11.2.2026
Kasukkala 26.pdf;NXKLSED0015450297C2N00;52121930;11.2.2026
Kasukkala 26.pdf;NXKLSED00154502A902N00;52121930;11.2.2026
Kasukkala 26.pdf;NXKLSED00154502AB32N00;52121930;11.2.2026
Kasukkala 26.pdf;NXKKAED001545024DA2N00;52121930;11.2.2026
Kasukkala 26.pdf;NXKKAED0015450247B2N00;52121930;11.2.2026
Joutseno 26.pdf;NXKLSED00154502B422N00;52121929;11.2.2026
Joutseno 26.pdf;NXKLSED001545023E22N00;52121929;11.2.2026
Joutseno 26.pdf;NXKLSED001545023F52N00;52121929;11.2.2026
Joutseno 26.pdf;NXKLSED001545027942N00;52121929;11.2.2026
Joutseno 26.pdf;NXKLSED0015450279D2N00;52121929;11.2.2026
Joutseno 26.pdf;NXKLSED001545027B82N00;52121929;11.2.2026
Joutseno 26.pdf;NXKLSED001545027BE2N00;52121929;11.2.2026
Joutseno 26.pdf;NXKLSED001545027C22N00;52121929;11.2.2026
Joutseno 26.pdf;NXKLSED001545027F42N00;52121929;11.2.2026
Joutseno 26.pdf;NXKLSED001545027FE2N00;52121929;11.2.2026
Joutseno 26.pdf;NXKLSED001545028282N00;52121929;11.2.2026
Joutseno 26.pdf;NXKLSED0015450282B2N00;52121929;11.2.2026
Joutseno 26.pdf;NXKLSED001545028322N00;52121929;11.2.2026
Joutseno 26.pdf;NXKLSED001545028442N00;52121929;11.2.2026
Joutseno 26.pdf;NXKLSED001545028482N00;52121929;11.2.2026
Joutseno 26.pdf;NXKLSED0015450284E2N00;52121929;11.2.2026
Joutseno 26.pdf;NXKLSED001545028872N00;52121929;11.2.2026
Joutseno 26.pdf;NXKLSED0015450288D2N00;52121929;11.2.2026
Joutseno 26.pdf;NXKLSED001545028C42N00;52121929;11.2.2026
Joutseno 26.pdf;NXKLSED001545028C62N00;52121929;11.2.2026
Joutseno 26.pdf;NXKLSED001545028CA2N00;52121929;11.2.2026
Joutseno 26.pdf;NXKLSED001545028CD2N00;52121929;11.2.2026
Joutseno 26.pdf;NXKLSED001545028CF2N00;52121929;11.2.2026
Joutseno 26.pdf;NXKLSED001545028E42N00;52121929;11.2.2026
Joutseno 26.pdf;NXKLSED001545028F82N00;52121929;11.2.2026
Joutseno 26.pdf;NXKLSED001545029082N00;52121929;11.2.2026
Joutseno 26.pdf;NXKLSED001545029132N00;52121929;11.2.2026
Joutseno 26.pdf;NXKLSED0015450291C2N00;52121929;11.2.2026
Joutseno 26.pdf;NXKLSED0015450291D2N00;52121929;11.2.2026
Joutseno 26.pdf;NXKLSED0015450292A2N00;52121929;11.2.2026
Joutseno 26.pdf;NXKLSED0015450292C2N00;52121929;11.2.2026
Joutseno 26.pdf;NXKLSED0015450292D2N00;52121929;11.2.2026
Joutseno 26.pdf;NXKLSED001545029332N00;52121929;11.2.2026
Joutseno 26.pdf;NXKLSED0015450293C2N00;52121929;11.2.2026
Joutseno 26.pdf;NXKLSED0015450293F2N00;52121929;11.2.2026
Joutseno 26.pdf;NXKLSED001545029412N00;52121929;11.2.2026
Joutseno 26.pdf;NXKLSED001545029432N00;52121929;11.2.2026
Joutseno 26.pdf;NXKLSED001545029482N00;52121929;11.2.2026
Joutseno 26.pdf;NXKLSED001545029492N00;52121929;11.2.2026
Joutseno 26.pdf;NXKLSED001545029642N00;52121929;11.2.2026
Joutseno 26.pdf;NXKLSED001545029682N00;52121929;11.2.2026
Joutseno 26.pdf;NXKLSED0015450296E2N00;52121929;11.2.2026
Joutseno 26.pdf;NXKLSED001545029702N00;52121929;11.2.2026
Joutseno 26.pdf;NXKLSED001545029722N00;52121929;11.2.2026
Joutseno 26.pdf;NXKLSED0015450298B2N00;52121929;11.2.2026
Joutseno 26.pdf;NXKLSED0015450298E2N00;52121929;11.2.2026
Joutseno 26.pdf;NXKLSED0015450298F2N00;52121929;11.2.2026
Joutseno 26.pdf;NXKLSED001545029902N00;52121929;11.2.2026
Joutseno 26.pdf;NXKLSED001545029942N00;52121929;11.2.2026
Joutseno 26.pdf;NXKLSED001545029B32N00;52121929;11.2.2026
Joutseno 26.pdf;NXKLSED001545029B82N00;52121929;11.2.2026
Joutseno 26.pdf;NXKLSED001545029C02N00;52121929;11.2.2026
Joutseno 26.pdf;NXKLSED001545029C82N00;52121929;11.2.2026
Joutseno 26.pdf;NXKLSED001545029CB2N00;52121929;11.2.2026
Joutseno 26.pdf;NXKLSED001545029D62N00;52121929;11.2.2026
Joutseno 26.pdf;NXKLSED001545029D72N00;52121929;11.2.2026
Joutseno 26.pdf;NXKLSED001545029E22N00;52121929;11.2.2026
Joutseno 26.pdf;NXKLSED001545029E52N00;52121929;11.2.2026
Joutseno 26.pdf;NXKLSED001545029EC2N00;52121929;11.2.2026
Joutseno 26.pdf;NXKLSED001545029F52N00;52121929;11.2.2026
Joutseno 26.pdf;NXKLSED001545029F72N00;52121929;11.2.2026
Joutseno 26.pdf;NXKLSED00154502A022N00;52121929;11.2.2026
Joutseno 26.pdf;NXKLSED00154502A092N00;52121929;11.2.2026
Joutseno 26.pdf;NXKLSED00154502A0A2N00;52121929;11.2.2026
Joutseno 26.pdf;NXKLSED00154502A102N00;52121929;11.2.2026
Joutseno 26.pdf;NXKLSED00154502A112N00;52121929;11.2.2026
Joutseno 26.pdf;NXKLSED00154502A122N00;52121929;11.2.2026
Joutseno 26.pdf;NXKLSED00154502A152N00;52121929;11.2.2026
Joutseno 26.pdf;NXKLSED00154502A1B2N00;52121929;11.2.2026
Joutseno 26.pdf;NXKLSED00154502A1D2N00;52121929;11.2.2026
Joutseno 26.pdf;NXKLSED00154502A1E2N00;52121929;11.2.2026
Joutseno 26.pdf;NXKLSED00154502A1F2N00;52121929;11.2.2026
Joutseno 26.pdf;NXKLSED00154502A282N00;52121929;11.2.2026
Joutseno 26.pdf;NXKLSED00154502A2C2N00;52121929;11.2.2026
Joutseno 26.pdf;NXKLSED00154502A2F2N00;52121929;11.2.2026
Joutseno 26.pdf;NXKLSED00154502A312N00;52121929;11.2.2026
Joutseno 26.pdf;NXKLSED00154502A332N00;52121929;11.2.2026
Joutseno 26.pdf;NXKLSED00154502A342N00;52121929;11.2.2026
Joutseno 26.pdf;NXKLSED00154502A392N00;52121929;11.2.2026
Joutseno 26.pdf;NXKLSED00154502A3A2N00;52121929;11.2.2026
Joutseno 26.pdf;NXKLSED00154502A3C2N00;52121929;11.2.2026
Joutseno 26.pdf;NXKLSED00154502A3F2N00;52121929;11.2.2026
Joutseno 26.pdf;NXKLSED00154502A432N00;52121929;11.2.2026
Joutseno 26.pdf;NXKLSED00154502A482N00;52121929;11.2.2026
Joutseno 26.pdf;NXKLSED00154502A4F2N00;52121929;11.2.2026
Joutseno 26.pdf;NXKLSED00154502A502N00;52121929;11.2.2026
Joutseno 26.pdf;NXKLSED00154502A532N00;52121929;11.2.2026
Joutseno 26.pdf;NXKLSED00154502A592N00;52121929;11.2.2026
Joutseno 26.pdf;NXKLSED00154502A5A2N00;52121929;11.2.2026
Joutseno 26.pdf;NXKLSED00154502A5B2N00;52121929;11.2.2026
Joutseno 26.pdf;NXKLSED00154502A5D2N00;52121929;11.2.2026
Joutseno 26.pdf;NXKLSED00154502A622N00;52121929;11.2.2026
Joutseno 26.pdf;NXKLSED00154502A642N00;52121929;11.2.2026
Joutseno 26.pdf;NXKLSED00154502A6B2N00;52121929;11.2.2026
Joutseno 26.pdf;NXKLSED00154502A6D2N00;52121929;11.2.2026
Joutseno 26.pdf;NXKLSED00154502A6F2N00;52121929;11.2.2026
Joutseno 26.pdf;NXKLSED00154502A702N00;52121929;11.2.2026
Joutseno 26.pdf;NXKLSED00154502A772N00;52121929;11.2.2026
Joutseno 26.pdf;NXKLSED00154502A7A2N00;52121929;11.2.2026
Joutseno 26.pdf;NXKLSED00154502A7C2N00;52121929;11.2.2026
Joutseno 26.pdf;NXKLSED00154502A812N00;52121929;11.2.2026
Joutseno 26.pdf;NXKLSED00154502A872N00;52121929;11.2.2026
Joutseno 26.pdf;NXKLSED00154502A8C2N00;52121929;11.2.2026
Joutseno 26.pdf;NXKLSED00154502A8F2N00;52121929;11.2.2026
Joutseno 26.pdf;NXKLSED00154502A942N00;52121929;11.2.2026
Joutseno 26.pdf;NXKLSED00154502A972N00;52121929;11.2.2026
Joutseno 26.pdf;NXKLSED00154502A9F2N00;52121929;11.2.2026
Joutseno 26.pdf;NXKLSED00154502AA32N00;52121929;11.2.2026
Joutseno 26.pdf;NXKLSED00154502AA72N00;52121929;11.2.2026
Joutseno 26.pdf;NXKLSED00154502AA82N00;52121929;11.2.2026
Joutseno 26.pdf;NXKLSED00154502AA92N00;52121929;11.2.2026
Joutseno 26.pdf;NXKLSED00154502AAC2N00;52121929;11.2.2026
Joutseno 26.pdf;NXKLSED00154502AAE2N00;52121929;11.2.2026
Joutseno 26.pdf;NXKLSED00154502AB22N00;52121929;11.2.2026
Joutseno 26.pdf;NXKLSED00154502AB52N00;52121929;11.2.2026
Joutseno 26.pdf;NXKLSED00154502AC02N00;52121929;11.2.2026
Joutseno 26.pdf;NXKLSED00154502AC42N00;52121929;11.2.2026
Joutseno 26.pdf;NXKLSED00154502AEC2N00;52121929;11.2.2026
Joutseno 26.pdf;NXKLSED00154502AF22N00;52121929;11.2.2026
Joutseno 26.pdf;NXKLSED00154502AF82N00;52121929;11.2.2026
Joutseno 26.pdf;NXKLSED00154502B002N00;52121929;11.2.2026
Joutseno 26.pdf;NXKLSED00154502B042N00;52121929;11.2.2026
Joutseno 26.pdf;NXKLSED00154502B0A2N00;52121929;11.2.2026
Joutseno 26.pdf;NXKLSED00154502B102N00;52121929;11.2.2026
Joutseno 26.pdf;NXKLSED00154502B122N00;52121929;11.2.2026
Joutseno 26.pdf;NXKLSED00154502B172N00;52121929;11.2.2026
Joutseno 26.pdf;NXKLSED00154502B192N00;52121929;11.2.2026
Joutseno 26.pdf;NXKLSED00154502B1C2N00;52121929;11.2.2026
Joutseno 26.pdf;NXKLSED00154502B2D2N00;52121929;11.2.2026
Joutseno 26.pdf;NXKLSED00154502B392N00;52121929;11.2.2026
Joutseno 26.pdf;NXKKAED0015450248A2N00;52121929;11.2.2026
Pontus 25.pdf;NXKLSED001447014D92N00;51943486;15.1.2025
Pontus 25.pdf;NXKLSED00144700DEC2N00;51943486;15.1.2025
Pontus 25.pdf;NXKLSED00144700DED2N00;51943486;15.1.2025
Pontus 25.pdf;NXKLSED00144700DF12N00;51943486;15.1.2025
Pontus 25.pdf;NXKLSED00144700DFF2N00;51943486;15.1.2025
Pontus 25.pdf;NXKLSED00144700E072N00;51943486;15.1.2025
Pontus 25.pdf;NXKLSED00144700E082N00;51943486;15.1.2025
Pontus 25.pdf;NXKLSED00144700E1C2N00;51943486;15.1.2025
Pontus 25.pdf;NXKLSED00144700E242N00;51943486;15.1.2025
Pontus 25.pdf;NXKLSED00144700E262N00;51943486;15.1.2025
Pontus 25.pdf;NXKLSED00144700E442N00;51943486;15.1.2025
Pontus 25.pdf;NXKLSED00144700E462N00;51943486;15.1.2025
Pontus 25.pdf;NXKLSED00144700E472N00;51943486;15.1.2025
Pontus 25.pdf;NXKLSED00144700E4B2N00;51943486;15.1.2025
Pontus 25.pdf;NXKLSED00144700E4C2N00;51943486;15.1.2025
Pontus 25.pdf;NXKLSED00144700E612N00;51943486;15.1.2025
Pontus 25.pdf;NXKLSED00144700E622N00;51943486;15.1.2025
Pontus 25.pdf;NXKLSED00144700E742N00;51943486;15.1.2025
Pontus 25.pdf;NXKLSED00144700E762N00;51943486;15.1.2025
Pontus 25.pdf;NXKLSED00144700E782N00;51943486;15.1.2025
Pontus 25.pdf;NXKLSED00144700E7E2N00;51943486;15.1.2025
Pontus 25.pdf;NXKLSED00144700E922N00;51943486;15.1.2025
Pontus 25.pdf;NXKLSED00144700E9F2N00;51943486;15.1.2025
Pontus 25.pdf;NXKLSED0014470105C2N00;51943486;15.1.2025
Pontus 25.pdf;NXKLSED001447010692N00;51943486;15.1.2025
Pontus 25.pdf;NXKLSED001447010912N00;51943486;15.1.2025
Pontus 25.pdf;NXKLSED001447010A52N00;51943486;15.1.2025
Pontus 25.pdf;NXKLSED001447010B02N00;51943486;15.1.2025
Pontus 25.pdf;NXKLSED001447010B12N00;51943486;15.1.2025
Pontus 25.pdf;NXKLSED001447010D82N00;51943486;15.1.2025
Pontus 25.pdf;NXKLSED0014470110B2N00;51943486;15.1.2025
Pontus 25.pdf;NXKLSED001447011132N00;51943486;15.1.2025
Pontus 25.pdf;NXKLSED0014470111E2N00;51943486;15.1.2025
Pontus 25.pdf;NXKLSED001447012212N00;51943486;15.1.2025
Pontus 25.pdf;NXKLSED001447012262N00;51943486;15.1.2025
Pontus 25.pdf;NXKLSED0014470122A2N00;51943486;15.1.2025
Pontus 25.pdf;NXKLSED001447012302N00;51943486;15.1.2025
Pontus 25.pdf;NXKLSED001447012332N00;51943486;15.1.2025
Pontus 25.pdf;NXKLSED001447012372N00;51943486;15.1.2025
Pontus 25.pdf;NXKLSED0014470123D2N00;51943486;15.1.2025
Pontus 25.pdf;NXKLSED001447012412N00;51943486;15.1.2025
Pontus 25.pdf;NXKLSED001447012432N00;51943486;15.1.2025
Pontus 25.pdf;NXKLSED0014470124A2N00;51943486;15.1.2025
Pontus 25.pdf;NXKLSED0014470124B2N00;51943486;15.1.2025
Pontus 25.pdf;NXKLSED001447012522N00;51943486;15.1.2025
Pontus 25.pdf;NXKLSED0014470125A2N00;51943486;15.1.2025
Pontus 25.pdf;NXKLSED001447012652N00;51943486;15.1.2025
Pontus 25.pdf;NXKLSED001447012722N00;51943486;15.1.2025
Pontus 25.pdf;NXKLSED001447012752N00;51943486;15.1.2025
Pontus 25.pdf;NXKLSED0014470127D2N00;51943486;15.1.2025
Pontus 25.pdf;NXKLSED0014470127E2N00;51943486;15.1.2025
Pontus 25.pdf;NXKLSED001447012852N00;51943486;15.1.2025
Pontus 25.pdf;NXKLSED001447012862N00;51943486;15.1.2025
Pontus 25.pdf;NXKLSED001447012882N00;51943486;15.1.2025
Pontus 25.pdf;NXKLSED001447012912N00;51943486;15.1.2025
Pontus 25.pdf;NXKLSED0014470129D2N00;51943486;15.1.2025
Pontus 25.pdf;NXKLSED001447012A42N00;51943486;15.1.2025
Pontus 25.pdf;NXKLSED001447012AD2N00;51943486;15.1.2025
Pontus 25.pdf;NXKLSED001447012AF2N00;51943486;15.1.2025
Pontus 25.pdf;NXKLSED001447012B92N00;51943486;15.1.2025
Pontus 25.pdf;NXKLSED001447012BB2N00;51943486;15.1.2025
Pontus 25.pdf;NXKLSED001447012C32N00;51943486;15.1.2025
Pontus 25.pdf;NXKLSED001447012CE2N00;51943486;15.1.2025
Pontus 25.pdf;NXKLSED001447012EA2N00;51943486;15.1.2025
Pontus 25.pdf;NXKLSED001447013012N00;51943486;15.1.2025
Pontus 25.pdf;NXKLSED0014470130A2N00;51943486;15.1.2025
Pontus 25.pdf;NXKLSED001447013122N00;51943486;15.1.2025
Pontus 25.pdf;NXKLSED001447013142N00;51943486;15.1.2025
Pontus 25.pdf;NXKLSED001447013152N00;51943486;15.1.2025
Pontus 25.pdf;NXKLSED001447013332N00;51943486;15.1.2025
Pontus 25.pdf;NXKLSED001447013502N00;51943486;15.1.2025
Pontus 25.pdf;NXKLSED0014470136C2N00;51943486;15.1.2025
Pontus 25.pdf;NXKLSED001447013742N00;51943486;15.1.2025
Pontus 25.pdf;NXKLSED001447013D72N00;51943486;15.1.2025
Pontus 25.pdf;NXKLSED001447014352N00;51943486;15.1.2025
Pontus 25.pdf;NXKLSED001447014442N00;51943486;15.1.2025
Pontus 25.pdf;NXKLSED0014470145F2N00;51943486;15.1.2025
Pontus 25.pdf;NXKLSED001447014982N00;51943486;15.1.2025
Pontus 25.pdf;NXKLSED001447014C82N00;51943486;15.1.2025
Pontus 25.pdf;NXKLSED001447014D22N00;51943486;15.1.2025
Pontus 25.pdf;NXKKAED001444025152N00;51943486;15.1.2025
Pontus 25.pdf;NXKKAED001444024E02N00;51943486;15.1.2025
Nuijamaa 25.pdf;NXKKAED00142601D6D2N00;51938368;3.1.2025
Nuijamaa 25.pdf;NXKKAED001426015622N00;51938368;3.1.2025
Nuijamaa 25.pdf;NXKKAED0014260162E2N00;51938368;3.1.2025
Nuijamaa 25.pdf;NXKKAED00142601D262N00;51938368;3.1.2025
Skinnarila 25.pdf;NXKLSED001447014A82N00;51941345;10.1.2025
Skinnarila 25.pdf;NXKLSED0014470108A2N00;51941345;10.1.2025
Skinnarila 25.pdf;NXKLSED001447010EA2N00;51941345;10.1.2025
Skinnarila 25.pdf;NXKLSED0014470116A2N00;51941345;10.1.2025
Skinnarila 25.pdf;NXKLSED001447011C12N00;51941345;10.1.2025
Skinnarila 25.pdf;NXKLSED001447011D72N00;51941345;10.1.2025
Skinnarila 25.pdf;NXKLSED001447012472N00;51941345;10.1.2025
Skinnarila 25.pdf;NXKLSED001447012692N00;51941345;10.1.2025
Skinnarila 25.pdf;NXKLSED0014470126A2N00;51941345;10.1.2025
Skinnarila 25.pdf;NXKLSED0014470128A2N00;51941345;10.1.2025
Skinnarila 25.pdf;NXKLSED0014470128C2N00;51941345;10.1.2025
Skinnarila 25.pdf;NXKLSED001447012952N00;51941345;10.1.2025
Skinnarila 25.pdf;NXKLSED001447012A02N00;51941345;10.1.2025
Skinnarila 25.pdf;NXKLSED001447012A62N00;51941345;10.1.2025
Skinnarila 25.pdf;NXKLSED001447012AA2N00;51941345;10.1.2025
Skinnarila 25.pdf;NXKLSED001447012AE2N00;51941345;10.1.2025
Skinnarila 25.pdf;NXKLSED001447012B02N00;51941345;10.1.2025
Skinnarila 25.pdf;NXKLSED001447012B42N00;51941345;10.1.2025
Skinnarila 25.pdf;NXKLSED001447012B72N00;51941345;10.1.2025
Skinnarila 25.pdf;NXKLSED001447012BC2N00;51941345;10.1.2025
Skinnarila 25.pdf;NXKLSED001447012CD2N00;51941345;10.1.2025
Skinnarila 25.pdf;NXKLSED001447012E22N00;51941345;10.1.2025
Skinnarila 25.pdf;NXKLSED001447012EF2N00;51941345;10.1.2025
Skinnarila 25.pdf;NXKLSED001447012F22N00;51941345;10.1.2025
Skinnarila 25.pdf;NXKLSED001447012F92N00;51941345;10.1.2025
Skinnarila 25.pdf;NXKLSED001447012FA2N00;51941345;10.1.2025
Skinnarila 25.pdf;NXKLSED001447012FB2N00;51941345;10.1.2025
Skinnarila 25.pdf;NXKLSED001447013022N00;51941345;10.1.2025
Skinnarila 25.pdf;NXKLSED001447013042N00;51941345;10.1.2025
Skinnarila 25.pdf;NXKLSED001447013162N00;51941345;10.1.2025
Skinnarila 25.pdf;NXKLSED0014470131D2N00;51941345;10.1.2025
Skinnarila 25.pdf;NXKLSED001447013212N00;51941345;10.1.2025
Skinnarila 25.pdf;NXKLSED001447013252N00;51941345;10.1.2025
Skinnarila 25.pdf;NXKLSED0014470132B2N00;51941345;10.1.2025
Skinnarila 25.pdf;NXKLSED0014470132C2N00;51941345;10.1.2025
Skinnarila 25.pdf;NXKLSED0014470133B2N00;51941345;10.1.2025
Skinnarila 25.pdf;NXKLSED001447013402N00;51941345;10.1.2025
Skinnarila 25.pdf;NXKLSED001447013442N00;51941345;10.1.2025
Skinnarila 25.pdf;NXKLSED0014470134A2N00;51941345;10.1.2025
Skinnarila 25.pdf;NXKLSED0014470134C2N00;51941345;10.1.2025
Skinnarila 25.pdf;NXKLSED001447013792N00;51941345;10.1.2025
Skinnarila 25.pdf;NXKLSED0014470138C2N00;51941345;10.1.2025
Skinnarila 25.pdf;NXKLSED001447013902N00;51941345;10.1.2025
Skinnarila 25.pdf;NXKLSED001447013A12N00;51941345;10.1.2025
Skinnarila 25.pdf;NXKLSED001447013AA2N00;51941345;10.1.2025
Skinnarila 25.pdf;NXKLSED001447013B42N00;51941345;10.1.2025
Skinnarila 25.pdf;NXKLSED001447013BD2N00;51941345;10.1.2025
Skinnarila 25.pdf;NXKLSED001447013C72N00;51941345;10.1.2025
Skinnarila 25.pdf;NXKLSED001447013C92N00;51941345;10.1.2025
Skinnarila 25.pdf;NXKLSED001447013D22N00;51941345;10.1.2025
Skinnarila 25.pdf;NXKLSED001447013D92N00;51941345;10.1.2025
Skinnarila 25.pdf;NXKLSED001447013DC2N00;51941345;10.1.2025
Skinnarila 25.pdf;NXKLSED001447013E62N00;51941345;10.1.2025
Skinnarila 25.pdf;NXKLSED001447013E92N00;51941345;10.1.2025
Skinnarila 25.pdf;NXKLSED001447013F02N00;51941345;10.1.2025
Skinnarila 25.pdf;NXKLSED001447013FB2N00;51941345;10.1.2025
Skinnarila 25.pdf;NXKLSED001447014052N00;51941345;10.1.2025
Skinnarila 25.pdf;NXKLSED001447014572N00;51941345;10.1.2025
Skinnarila 25.pdf;NXKLSED001447014622N00;51941345;10.1.2025
Skinnarila 25.pdf;NXKLSED0014470146B2N00;51941345;10.1.2025
Skinnarila 25.pdf;NXKKAED0014440250C2N00;51941345;10.1.2025
Skinnarila 25.pdf;NXKKAED001444024AE2N00;51941345;10.1.2025
Skinnarila 25.pdf;NXKKAED001444024E32N00;51941345;10.1.2025
Skinnarila 25.pdf;NXKKAED001444025062N00;51941345;10.1.2025
Kuusimäki 25.pdf;NXKLSED001447014D82N00;51941344;10.1.2025
Kuusimäki 25.pdf;NXKLSED00144700E062N00;51941344;10.1.2025
Kuusimäki 25.pdf;NXKLSED00144700E192N00;51941344;10.1.2025
Kuusimäki 25.pdf;NXKLSED00144700E682N00;51941344;10.1.2025
Kuusimäki 25.pdf;NXKLSED00144700E7C2N00;51941344;10.1.2025
Kuusimäki 25.pdf;NXKLSED0014470106D2N00;51941344;10.1.2025
Kuusimäki 25.pdf;NXKLSED001447010CA2N00;51941344;10.1.2025
Kuusimäki 25.pdf;NXKLSED001447010CD2N00;51941344;10.1.2025
Kuusimäki 25.pdf;NXKLSED001447010F22N00;51941344;10.1.2025
Kuusimäki 25.pdf;NXKLSED001447010FC2N00;51941344;10.1.2025
Kuusimäki 25.pdf;NXKLSED001447011532N00;51941344;10.1.2025
Kuusimäki 25.pdf;NXKLSED0014470116C2N00;51941344;10.1.2025
Kuusimäki 25.pdf;NXKLSED001447011762N00;51941344;10.1.2025
Kuusimäki 25.pdf;NXKLSED0014470118E2N00;51941344;10.1.2025
Kuusimäki 25.pdf;NXKLSED001447011A92N00;51941344;10.1.2025
Kuusimäki 25.pdf;NXKLSED001447011AB2N00;51941344;10.1.2025
Kuusimäki 25.pdf;NXKLSED001447011B42N00;51941344;10.1.2025
Kuusimäki 25.pdf;NXKLSED001447011BB2N00;51941344;10.1.2025
Kuusimäki 25.pdf;NXKLSED001447011C72N00;51941344;10.1.2025
Kuusimäki 25.pdf;NXKLSED001447011E72N00;51941344;10.1.2025
Kuusimäki 25.pdf;NXKLSED0014470122D2N00;51941344;10.1.2025
Kuusimäki 25.pdf;NXKLSED001447013612N00;51941344;10.1.2025
Kuusimäki 25.pdf;NXKLSED001447013C12N00;51941344;10.1.2025
Kuusimäki 25.pdf;NXKLSED001447013E82N00;51941344;10.1.2025
Kuusimäki 25.pdf;NXKLSED001447013EE2N00;51941344;10.1.2025
Kuusimäki 25.pdf;NXKLSED0014470141B2N00;51941344;10.1.2025
Kuusimäki 25.pdf;NXKLSED0014470142B2N00;51941344;10.1.2025
Kuusimäki 25.pdf;NXKLSED001447014342N00;51941344;10.1.2025
Kuusimäki 25.pdf;NXKLSED0014470143F2N00;51941344;10.1.2025
Kuusimäki 25.pdf;NXKLSED001447014402N00;51941344;10.1.2025
Kuusimäki 25.pdf;NXKLSED001447014422N00;51941344;10.1.2025
Kuusimäki 25.pdf;NXKLSED001447014472N00;51941344;10.1.2025
Kuusimäki 25.pdf;NXKLSED001447014492N00;51941344;10.1.2025
Kuusimäki 25.pdf;NXKLSED0014470144A2N00;51941344;10.1.2025
Kuusimäki 25.pdf;NXKLSED001447014502N00;51941344;10.1.2025
Kuusimäki 25.pdf;NXKLSED001447014512N00;51941344;10.1.2025
Kuusimäki 25.pdf;NXKLSED001447014532N00;51941344;10.1.2025
Kuusimäki 25.pdf;NXKLSED001447014542N00;51941344;10.1.2025
Kuusimäki 25.pdf;NXKLSED0014470145E2N00;51941344;10.1.2025
Kuusimäki 25.pdf;NXKLSED001447014812N00;51941344;10.1.2025
Kuusimäki 25.pdf;NXKLSED001447014902N00;51941344;10.1.2025
Kuusimäki 25.pdf;NXKLSED001447014A42N00;51941344;10.1.2025
Kuusimäki 25.pdf;NXKLSED001447014B62N00;51941344;10.1.2025
Kuusimäki 25.pdf;NXKLSED001447014C52N00;51941344;10.1.2025
Kuusimäki 25.pdf;NXKLSED001447014D62N00;51941344;10.1.2025
Ylämaa 25.pdf;NXKLSED001447014AC2N00;51941343;10.1.2025
Ylämaa 25.pdf;NXKLSED00144700DF52N00;51941343;10.1.2025
Ylämaa 25.pdf;NXKLSED00144700DFD2N00;51941343;10.1.2025
Ylämaa 25.pdf;NXKLSED00144700DFE2N00;51941343;10.1.2025
Ylämaa 25.pdf;NXKLSED00144700E1D2N00;51941343;10.1.2025
Ylämaa 25.pdf;NXKLSED00144700E232N00;51941343;10.1.2025
Ylämaa 25.pdf;NXKLSED00144700E252N00;51941343;10.1.2025
Ylämaa 25.pdf;NXKLSED00144700E2F2N00;51941343;10.1.2025
Ylämaa 25.pdf;NXKLSED00144700E3B2N00;51941343;10.1.2025
Ylämaa 25.pdf;NXKLSED00144700E4F2N00;51941343;10.1.2025
Ylämaa 25.pdf;NXKLSED00144700E552N00;51941343;10.1.2025
Ylämaa 25.pdf;NXKLSED00144700E692N00;51941343;10.1.2025
Ylämaa 25.pdf;NXKLSED00144700E792N00;51941343;10.1.2025
Ylämaa 25.pdf;NXKLSED00144700E802N00;51941343;10.1.2025
Ylämaa 25.pdf;NXKLSED00144700E9E2N00;51941343;10.1.2025
Ylämaa 25.pdf;NXKLSED00144700EA02N00;51941343;10.1.2025
Ylämaa 25.pdf;NXKLSED001447012732N00;51941343;10.1.2025
Ylämaa 25.pdf;NXKLSED001447014652N00;51941343;10.1.2025
Ylämaa 25.pdf;NXKLSED001447014702N00;51941343;10.1.2025
Ylämaa 25.pdf;NXKLSED001447014742N00;51941343;10.1.2025
Ylämaa 25.pdf;NXKKAED001444024EA2N00;51941343;10.1.2025
Ylämaa 25.pdf;NXKKAED001444024BE2N00;51941343;10.1.2025
Voisalmi 25.pdf;NXKLSED0014470148D2N00;51941342;10.1.2025
Voisalmi 25.pdf;NXKLSED00144700DDB2N00;51941342;10.1.2025
Voisalmi 25.pdf;NXKLSED00144700DDE2N00;51941342;10.1.2025
Voisalmi 25.pdf;NXKLSED00144700E0C2N00;51941342;10.1.2025
Voisalmi 25.pdf;NXKLSED00144700E162N00;51941342;10.1.2025
Voisalmi 25.pdf;NXKLSED00144700E302N00;51941342;10.1.2025
Voisalmi 25.pdf;NXKLSED00144700E402N00;51941342;10.1.2025
Voisalmi 25.pdf;NXKLSED00144700E482N00;51941342;10.1.2025
Voisalmi 25.pdf;NXKLSED00144700E5E2N00;51941342;10.1.2025
Voisalmi 25.pdf;NXKLSED00144700E702N00;51941342;10.1.2025
Voisalmi 25.pdf;NXKLSED00144700E7A2N00;51941342;10.1.2025
Voisalmi 25.pdf;NXKLSED00144700E852N00;51941342;10.1.2025
Voisalmi 25.pdf;NXKLSED00144700E8E2N00;51941342;10.1.2025
Voisalmi 25.pdf;NXKLSED00144700E942N00;51941342;10.1.2025
Voisalmi 25.pdf;NXKLSED001447010622N00;51941342;10.1.2025
Voisalmi 25.pdf;NXKLSED0014470106B2N00;51941342;10.1.2025
Voisalmi 25.pdf;NXKLSED001447010752N00;51941342;10.1.2025
Voisalmi 25.pdf;NXKLSED001447010762N00;51941342;10.1.2025
Voisalmi 25.pdf;NXKLSED001447010782N00;51941342;10.1.2025
Voisalmi 25.pdf;NXKLSED0014470107A2N00;51941342;10.1.2025
Voisalmi 25.pdf;NXKLSED0014470107E2N00;51941342;10.1.2025
Voisalmi 25.pdf;NXKLSED0014470107F2N00;51941342;10.1.2025
Voisalmi 25.pdf;NXKLSED001447010852N00;51941342;10.1.2025
Voisalmi 25.pdf;NXKLSED001447010892N00;51941342;10.1.2025
Voisalmi 25.pdf;NXKLSED001447010942N00;51941342;10.1.2025
Voisalmi 25.pdf;NXKLSED001447010A32N00;51941342;10.1.2025
Voisalmi 25.pdf;NXKLSED001447010A72N00;51941342;10.1.2025
Voisalmi 25.pdf;NXKLSED001447010A92N00;51941342;10.1.2025
Voisalmi 25.pdf;NXKLSED001447010AF2N00;51941342;10.1.2025
Voisalmi 25.pdf;NXKLSED001447010B22N00;51941342;10.1.2025
Voisalmi 25.pdf;NXKLSED001447010BC2N00;51941342;10.1.2025
Voisalmi 25.pdf;NXKLSED001447010BD2N00;51941342;10.1.2025
Voisalmi 25.pdf;NXKLSED001447010C42N00;51941342;10.1.2025
Voisalmi 25.pdf;NXKLSED001447010C62N00;51941342;10.1.2025
Voisalmi 25.pdf;NXKLSED001447010C92N00;51941342;10.1.2025
Voisalmi 25.pdf;NXKLSED001447010D02N00;51941342;10.1.2025
Voisalmi 25.pdf;NXKLSED001447010D42N00;51941342;10.1.2025
Voisalmi 25.pdf;NXKLSED001447010E42N00;51941342;10.1.2025
Voisalmi 25.pdf;NXKLSED001447010E52N00;51941342;10.1.2025
Voisalmi 25.pdf;NXKLSED001447010ED2N00;51941342;10.1.2025
Voisalmi 25.pdf;NXKLSED001447010EE2N00;51941342;10.1.2025
Voisalmi 25.pdf;NXKLSED001447010EF2N00;51941342;10.1.2025
Voisalmi 25.pdf;NXKLSED001447010F72N00;51941342;10.1.2025
Voisalmi 25.pdf;NXKLSED001447010F82N00;51941342;10.1.2025
Voisalmi 25.pdf;NXKLSED001447010FE2N00;51941342;10.1.2025
Voisalmi 25.pdf;NXKLSED001447011012N00;51941342;10.1.2025
Voisalmi 25.pdf;NXKLSED001447011032N00;51941342;10.1.2025
Voisalmi 25.pdf;NXKLSED0014470110A2N00;51941342;10.1.2025
Voisalmi 25.pdf;NXKLSED0014470111F2N00;51941342;10.1.2025
Voisalmi 25.pdf;NXKLSED001447011202N00;51941342;10.1.2025
Voisalmi 25.pdf;NXKLSED001447011212N00;51941342;10.1.2025
Voisalmi 25.pdf;NXKLSED0014470115B2N00;51941342;10.1.2025
Voisalmi 25.pdf;NXKLSED0014470118A2N00;51941342;10.1.2025
Voisalmi 25.pdf;NXKLSED001447011972N00;51941342;10.1.2025
Voisalmi 25.pdf;NXKLSED001447011AD2N00;51941342;10.1.2025
Voisalmi 25.pdf;NXKLSED001447011C02N00;51941342;10.1.2025
Voisalmi 25.pdf;NXKLSED001447011D32N00;51941342;10.1.2025
Voisalmi 25.pdf;NXKLSED001447012062N00;51941342;10.1.2025
Voisalmi 25.pdf;NXKLSED001447012072N00;51941342;10.1.2025
Voisalmi 25.pdf;NXKLSED0014470121F2N00;51941342;10.1.2025
Voisalmi 25.pdf;NXKLSED001447012812N00;51941342;10.1.2025
Voisalmi 25.pdf;NXKLSED0014470129C2N00;51941342;10.1.2025
Voisalmi 25.pdf;NXKLSED001447013452N00;51941342;10.1.2025
Voisalmi 25.pdf;NXKLSED0014470138F2N00;51941342;10.1.2025
Voisalmi 25.pdf;NXKLSED0014470146E2N00;51941342;10.1.2025
Voisalmi 25.pdf;NXKKAED00142601D4A2N00;51941342;10.1.2025
Voisalmi 25.pdf;NXKKAED00142601D132N00;51941342;10.1.2025
Pulp 25.pdf;NXKLSED001447014DF2N00;51941341;10.1.2025
Pulp 25.pdf;NXKLSED00144700DDF2N00;51941341;10.1.2025
Pulp 25.pdf;NXKLSED00144700DE52N00;51941341;10.1.2025
Pulp 25.pdf;NXKLSED00144700DE92N00;51941341;10.1.2025
Pulp 25.pdf;NXKLSED00144700E0D2N00;51941341;10.1.2025
Pulp 25.pdf;NXKLSED00144700E2D2N00;51941341;10.1.2025
Pulp 25.pdf;NXKLSED00144700E3C2N00;51941341;10.1.2025
Pulp 25.pdf;NXKLSED00144700E592N00;51941341;10.1.2025
Pulp 25.pdf;NXKLSED00144700E642N00;51941341;10.1.2025
Pulp 25.pdf;NXKLSED00144700E8B2N00;51941341;10.1.2025
Pulp 25.pdf;NXKLSED00144700E9D2N00;51941341;10.1.2025
Pulp 25.pdf;NXKLSED001447010792N00;51941341;10.1.2025
Pulp 25.pdf;NXKLSED0014470107D2N00;51941341;10.1.2025
Pulp 25.pdf;NXKLSED001447010982N00;51941341;10.1.2025
Pulp 25.pdf;NXKLSED001447010B62N00;51941341;10.1.2025
Pulp 25.pdf;NXKLSED001447010D52N00;51941341;10.1.2025
Pulp 25.pdf;NXKLSED001447010D72N00;51941341;10.1.2025
Pulp 25.pdf;NXKLSED001447010F32N00;51941341;10.1.2025
Pulp 25.pdf;NXKLSED001447011612N00;51941341;10.1.2025
Pulp 25.pdf;NXKLSED001447011772N00;51941341;10.1.2025
Pulp 25.pdf;NXKLSED0014470119E2N00;51941341;10.1.2025
Pulp 25.pdf;NXKLSED001447011A52N00;51941341;10.1.2025
Pulp 25.pdf;NXKLSED001447011B12N00;51941341;10.1.2025
Pulp 25.pdf;NXKLSED001447011B22N00;51941341;10.1.2025
Pulp 25.pdf;NXKLSED001447011D12N00;51941341;10.1.2025
Pulp 25.pdf;NXKLSED001447011D22N00;51941341;10.1.2025
Pulp 25.pdf;NXKLSED001447011DD2N00;51941341;10.1.2025
Pulp 25.pdf;NXKLSED001447011DF2N00;51941341;10.1.2025
Pulp 25.pdf;NXKLSED001447011E52N00;51941341;10.1.2025
Pulp 25.pdf;NXKLSED001447011EA2N00;51941341;10.1.2025
Pulp 25.pdf;NXKLSED001447011EE2N00;51941341;10.1.2025
Pulp 25.pdf;NXKLSED0014470127B2N00;51941341;10.1.2025
Pulp 25.pdf;NXKLSED0014470130C2N00;51941341;10.1.2025
Pulp 25.pdf;NXKLSED0014470130D2N00;51941341;10.1.2025
Pulp 25.pdf;NXKLSED001447013632N00;51941341;10.1.2025
Pulp 25.pdf;NXKLSED0014470137C2N00;51941341;10.1.2025
Pulp 25.pdf;NXKLSED0014470139A2N00;51941341;10.1.2025
Pulp 25.pdf;NXKLSED001447013B72N00;51941341;10.1.2025
Pulp 25.pdf;NXKLSED001447013FC2N00;51941341;10.1.2025
Pulp 25.pdf;NXKLSED001447014072N00;51941341;10.1.2025
Pulp 25.pdf;NXKLSED001447014212N00;51941341;10.1.2025
Pulp 25.pdf;NXKLSED001447014282N00;51941341;10.1.2025
Pulp 25.pdf;NXKLSED0014470142C2N00;51941341;10.1.2025
Pulp 25.pdf;NXKLSED0014470143D2N00;51941341;10.1.2025
Pulp 25.pdf;NXKLSED001447014522N00;51941341;10.1.2025
Pulp 25.pdf;NXKLSED001447014582N00;51941341;10.1.2025
Pulp 25.pdf;NXKLSED0014470145B2N00;51941341;10.1.2025
Pulp 25.pdf;NXKLSED001447014892N00;51941341;10.1.2025
Pulp 25.pdf;NXKLSED0014470149A2N00;51941341;10.1.2025
Pulp 25.pdf;NXKLSED001447014A32N00;51941341;10.1.2025
Pulp 25.pdf;NXKLSED001447014AD2N00;51941341;10.1.2025
Pulp 25.pdf;NXKLSED001447014AE2N00;51941341;10.1.2025
Pulp 25.pdf;NXKLSED001447014B12N00;51941341;10.1.2025
Pulp 25.pdf;NXKLSED001447014B72N00;51941341;10.1.2025
Pulp 25.pdf;NXKLSED001447014B82N00;51941341;10.1.2025
Pulp 25.pdf;NXKLSED001447014C22N00;51941341;10.1.2025
Pulp 25.pdf;NXKLSED001447014C72N00;51941341;10.1.2025
Pulp 25.pdf;NXKLSED001447014CB2N00;51941341;10.1.2025
Pulp 25.pdf;NXKLSED001447014CE2N00;51941341;10.1.2025
Pulp 25.pdf;NXKLSED001447014DB2N00;51941341;10.1.2025
Myllymäki 25.pdf;NXKLSED0014470149B2N00;51941340;10.1.2025
Myllymäki 25.pdf;NXKLSED00144700DDC2N00;51941340;10.1.2025
Myllymäki 25.pdf;NXKLSED00144700DE62N00;51941340;10.1.2025
Myllymäki 25.pdf;NXKLSED00144700DE82N00;51941340;10.1.2025
Myllymäki 25.pdf;NXKLSED00144700DEB2N00;51941340;10.1.2025
Myllymäki 25.pdf;NXKLSED00144700DF02N00;51941340;10.1.2025
Myllymäki 25.pdf;NXKLSED00144700E002N00;51941340;10.1.2025
Myllymäki 25.pdf;NXKLSED00144700E042N00;51941340;10.1.2025
Myllymäki 25.pdf;NXKLSED00144700E0F2N00;51941340;10.1.2025
Myllymäki 25.pdf;NXKLSED00144700E102N00;51941340;10.1.2025
Myllymäki 25.pdf;NXKLSED00144700E112N00;51941340;10.1.2025
Myllymäki 25.pdf;NXKLSED00144700E222N00;51941340;10.1.2025
Myllymäki 25.pdf;NXKLSED00144700E2C2N00;51941340;10.1.2025
Myllymäki 25.pdf;NXKLSED00144700E312N00;51941340;10.1.2025
Myllymäki 25.pdf;NXKLSED00144700E352N00;51941340;10.1.2025
Myllymäki 25.pdf;NXKLSED00144700E382N00;51941340;10.1.2025
Myllymäki 25.pdf;NXKLSED00144700E422N00;51941340;10.1.2025
Myllymäki 25.pdf;NXKLSED00144700E432N00;51941340;10.1.2025
Myllymäki 25.pdf;NXKLSED00144700E572N00;51941340;10.1.2025
Myllymäki 25.pdf;NXKLSED00144700E5F2N00;51941340;10.1.2025
Myllymäki 25.pdf;NXKLSED00144700E632N00;51941340;10.1.2025
Myllymäki 25.pdf;NXKLSED00144700E6A2N00;51941340;10.1.2025
Myllymäki 25.pdf;NXKLSED00144700E6B2N00;51941340;10.1.2025
Myllymäki 25.pdf;NXKLSED00144700E732N00;51941340;10.1.2025
Myllymäki 25.pdf;NXKLSED00144700E752N00;51941340;10.1.2025
Myllymäki 25.pdf;NXKLSED00144700E7F2N00;51941340;10.1.2025
Myllymäki 25.pdf;NXKLSED00144700E832N00;51941340;10.1.2025
Myllymäki 25.pdf;NXKLSED00144700E912N00;51941340;10.1.2025
Myllymäki 25.pdf;NXKLSED00144700E9B2N00;51941340;10.1.2025
Myllymäki 25.pdf;NXKLSED00144700E9C2N00;51941340;10.1.2025
Myllymäki 25.pdf;NXKLSED0014470105D2N00;51941340;10.1.2025
Myllymäki 25.pdf;NXKLSED0014470105F2N00;51941340;10.1.2025
Myllymäki 25.pdf;NXKLSED001447010652N00;51941340;10.1.2025
Myllymäki 25.pdf;NXKLSED001447010672N00;51941340;10.1.2025
Myllymäki 25.pdf;NXKLSED001447010682N00;51941340;10.1.2025
Myllymäki 25.pdf;NXKLSED001447010712N00;51941340;10.1.2025
Myllymäki 25.pdf;NXKLSED001447010722N00;51941340;10.1.2025
Myllymäki 25.pdf;NXKLSED001447010742N00;51941340;10.1.2025
Myllymäki 25.pdf;NXKLSED0014470107C2N00;51941340;10.1.2025
Myllymäki 25.pdf;NXKLSED001447010862N00;51941340;10.1.2025
Myllymäki 25.pdf;NXKLSED0014470108D2N00;51941340;10.1.2025
Myllymäki 25.pdf;NXKLSED001447010922N00;51941340;10.1.2025
Myllymäki 25.pdf;NXKLSED0014470109A2N00;51941340;10.1.2025
Myllymäki 25.pdf;NXKLSED0014470109B2N00;51941340;10.1.2025
Myllymäki 25.pdf;NXKLSED001447010B82N00;51941340;10.1.2025
Myllymäki 25.pdf;NXKLSED001447010C22N00;51941340;10.1.2025
Myllymäki 25.pdf;NXKLSED001447010C32N00;51941340;10.1.2025
Myllymäki 25.pdf;NXKLSED001447010CC2N00;51941340;10.1.2025
Myllymäki 25.pdf;NXKLSED001447010DD2N00;51941340;10.1.2025
Myllymäki 25.pdf;NXKLSED001447010EB2N00;51941340;10.1.2025
Myllymäki 25.pdf;NXKLSED001447010FD2N00;51941340;10.1.2025
Myllymäki 25.pdf;NXKLSED001447011002N00;51941340;10.1.2025
Myllymäki 25.pdf;NXKLSED001447011082N00;51941340;10.1.2025
Myllymäki 25.pdf;NXKLSED001447011092N00;51941340;10.1.2025
Myllymäki 25.pdf;NXKLSED001447011122N00;51941340;10.1.2025
Myllymäki 25.pdf;NXKLSED001447011142N00;51941340;10.1.2025
Myllymäki 25.pdf;NXKLSED001447011172N00;51941340;10.1.2025
Myllymäki 25.pdf;NXKLSED0014470111D2N00;51941340;10.1.2025
Myllymäki 25.pdf;NXKLSED001447011C92N00;51941340;10.1.2025
Myllymäki 25.pdf;NXKLSED0014470121E2N00;51941340;10.1.2025
Myllymäki 25.pdf;NXKLSED001447012972N00;51941340;10.1.2025
Myllymäki 25.pdf;NXKLSED001447012AC2N00;51941340;10.1.2025
Myllymäki 25.pdf;NXKLSED001447012BF2N00;51941340;10.1.2025
Myllymäki 25.pdf;NXKLSED001447013072N00;51941340;10.1.2025
Myllymäki 25.pdf;NXKLSED0014470130F2N00;51941340;10.1.2025
Myllymäki 25.pdf;NXKLSED0014470132A2N00;51941340;10.1.2025
Myllymäki 25.pdf;NXKLSED001447013312N00;51941340;10.1.2025
Myllymäki 25.pdf;NXKLSED001447013352N00;51941340;10.1.2025
Myllymäki 25.pdf;NXKLSED001447013542N00;51941340;10.1.2025
Myllymäki 25.pdf;NXKLSED001447013562N00;51941340;10.1.2025
Myllymäki 25.pdf;NXKLSED0014470135C2N00;51941340;10.1.2025
Myllymäki 25.pdf;NXKLSED0014470135E2N00;51941340;10.1.2025
Myllymäki 25.pdf;NXKLSED001447013622N00;51941340;10.1.2025
Myllymäki 25.pdf;NXKLSED001447013672N00;51941340;10.1.2025
Myllymäki 25.pdf;NXKLSED0014470136B2N00;51941340;10.1.2025
Myllymäki 25.pdf;NXKLSED001447013782N00;51941340;10.1.2025
Myllymäki 25.pdf;NXKLSED0014470137B2N00;51941340;10.1.2025
Myllymäki 25.pdf;NXKLSED001447013832N00;51941340;10.1.2025
Myllymäki 25.pdf;NXKLSED001447013842N00;51941340;10.1.2025
Myllymäki 25.pdf;NXKLSED001447013862N00;51941340;10.1.2025
Myllymäki 25.pdf;NXKLSED0014470138B2N00;51941340;10.1.2025
Myllymäki 25.pdf;NXKLSED0014470138D2N00;51941340;10.1.2025
Myllymäki 25.pdf;NXKLSED001447013992N00;51941340;10.1.2025
Myllymäki 25.pdf;NXKLSED0014470139B2N00;51941340;10.1.2025
Myllymäki 25.pdf;NXKLSED0014470139F2N00;51941340;10.1.2025
Myllymäki 25.pdf;NXKLSED001447013A22N00;51941340;10.1.2025
Myllymäki 25.pdf;NXKLSED001447013A32N00;51941340;10.1.2025
Myllymäki 25.pdf;NXKLSED001447013A42N00;51941340;10.1.2025
Myllymäki 25.pdf;NXKLSED001447013A82N00;51941340;10.1.2025
Myllymäki 25.pdf;NXKLSED001447013AF2N00;51941340;10.1.2025
Myllymäki 25.pdf;NXKLSED001447013C22N00;51941340;10.1.2025
Myllymäki 25.pdf;NXKLSED001447013C32N00;51941340;10.1.2025
Myllymäki 25.pdf;NXKLSED001447013CD2N00;51941340;10.1.2025
Myllymäki 25.pdf;NXKLSED001447013D52N00;51941340;10.1.2025
Myllymäki 25.pdf;NXKLSED001447013D82N00;51941340;10.1.2025
Myllymäki 25.pdf;NXKLSED001447013DD2N00;51941340;10.1.2025
Myllymäki 25.pdf;NXKLSED001447013EB2N00;51941340;10.1.2025
Myllymäki 25.pdf;NXKLSED001447013F42N00;51941340;10.1.2025
Myllymäki 25.pdf;NXKLSED001447013F52N00;51941340;10.1.2025
Myllymäki 25.pdf;NXKLSED001447013F72N00;51941340;10.1.2025
Myllymäki 25.pdf;NXKLSED001447014082N00;51941340;10.1.2025
Myllymäki 25.pdf;NXKLSED001447014112N00;51941340;10.1.2025
Myllymäki 25.pdf;NXKLSED001447014132N00;51941340;10.1.2025
Myllymäki 25.pdf;NXKLSED001447014172N00;51941340;10.1.2025
Myllymäki 25.pdf;NXKLSED0014470148B2N00;51941340;10.1.2025
Lauritsala 25.pdf;NXKLSED001447014B22N00;51941339;10.1.2025
Lauritsala 25.pdf;NXKLSED001447012142N00;51941339;10.1.2025
Lauritsala 25.pdf;NXKLSED001447012232N00;51941339;10.1.2025
Lauritsala 25.pdf;NXKLSED001447012282N00;51941339;10.1.2025
Lauritsala 25.pdf;NXKLSED0014470123A2N00;51941339;10.1.2025
Lauritsala 25.pdf;NXKLSED001447012462N00;51941339;10.1.2025
Lauritsala 25.pdf;NXKLSED0014470126E2N00;51941339;10.1.2025
Lauritsala 25.pdf;NXKLSED001447012772N00;51941339;10.1.2025
Lauritsala 25.pdf;NXKLSED0014470128B2N00;51941339;10.1.2025
Lauritsala 25.pdf;NXKLSED0014470128D2N00;51941339;10.1.2025
Lauritsala 25.pdf;NXKLSED001447012962N00;51941339;10.1.2025
Lauritsala 25.pdf;NXKLSED001447012982N00;51941339;10.1.2025
Lauritsala 25.pdf;NXKLSED001447012992N00;51941339;10.1.2025
Lauritsala 25.pdf;NXKLSED0014470129B2N00;51941339;10.1.2025
Lauritsala 25.pdf;NXKLSED0014470129F2N00;51941339;10.1.2025
Lauritsala 25.pdf;NXKLSED001447012A22N00;51941339;10.1.2025
Lauritsala 25.pdf;NXKLSED001447012AB2N00;51941339;10.1.2025
Lauritsala 25.pdf;NXKLSED001447012B12N00;51941339;10.1.2025
Lauritsala 25.pdf;NXKLSED001447012B52N00;51941339;10.1.2025
Lauritsala 25.pdf;NXKLSED001447012B62N00;51941339;10.1.2025
Lauritsala 25.pdf;NXKLSED001447012BD2N00;51941339;10.1.2025
Lauritsala 25.pdf;NXKLSED001447012C02N00;51941339;10.1.2025
Lauritsala 25.pdf;NXKLSED001447012C42N00;51941339;10.1.2025
Lauritsala 25.pdf;NXKLSED001447012C72N00;51941339;10.1.2025
Lauritsala 25.pdf;NXKLSED001447012CF2N00;51941339;10.1.2025
Lauritsala 25.pdf;NXKLSED001447012D42N00;51941339;10.1.2025
Lauritsala 25.pdf;NXKLSED001447012D52N00;51941339;10.1.2025
Lauritsala 25.pdf;NXKLSED001447012D82N00;51941339;10.1.2025
Lauritsala 25.pdf;NXKLSED001447012DE2N00;51941339;10.1.2025
Lauritsala 25.pdf;NXKLSED001447012DF2N00;51941339;10.1.2025
Lauritsala 25.pdf;NXKLSED001447012E32N00;51941339;10.1.2025
Lauritsala 25.pdf;NXKLSED001447012E72N00;51941339;10.1.2025
Lauritsala 25.pdf;NXKLSED001447012E82N00;51941339;10.1.2025
Lauritsala 25.pdf;NXKLSED001447012EB2N00;51941339;10.1.2025
Lauritsala 25.pdf;NXKLSED001447012F12N00;51941339;10.1.2025
Lauritsala 25.pdf;NXKLSED001447012F42N00;51941339;10.1.2025
Lauritsala 25.pdf;NXKLSED001447012F72N00;51941339;10.1.2025
Lauritsala 25.pdf;NXKLSED001447012FC2N00;51941339;10.1.2025
Lauritsala 25.pdf;NXKLSED001447012FD2N00;51941339;10.1.2025
Lauritsala 25.pdf;NXKLSED001447013062N00;51941339;10.1.2025
Lauritsala 25.pdf;NXKLSED001447013102N00;51941339;10.1.2025
Lauritsala 25.pdf;NXKLSED001447013192N00;51941339;10.1.2025
Lauritsala 25.pdf;NXKLSED0014470131A2N00;51941339;10.1.2025
Lauritsala 25.pdf;NXKLSED0014470131B2N00;51941339;10.1.2025
Lauritsala 25.pdf;NXKLSED0014470131E2N00;51941339;10.1.2025
Lauritsala 25.pdf;NXKLSED001447013232N00;51941339;10.1.2025
Lauritsala 25.pdf;NXKLSED001447013242N00;51941339;10.1.2025
Lauritsala 25.pdf;NXKLSED001447013272N00;51941339;10.1.2025
Lauritsala 25.pdf;NXKLSED0014470132E2N00;51941339;10.1.2025
Lauritsala 25.pdf;NXKLSED0014470132F2N00;51941339;10.1.2025
Lauritsala 25.pdf;NXKLSED001447013322N00;51941339;10.1.2025
Lauritsala 25.pdf;NXKLSED001447013372N00;51941339;10.1.2025
Lauritsala 25.pdf;NXKLSED001447013382N00;51941339;10.1.2025
Lauritsala 25.pdf;NXKLSED001447013392N00;51941339;10.1.2025
Lauritsala 25.pdf;NXKLSED0014470133C2N00;51941339;10.1.2025
Lauritsala 25.pdf;NXKLSED001447013422N00;51941339;10.1.2025
Lauritsala 25.pdf;NXKLSED001447013432N00;51941339;10.1.2025
Lauritsala 25.pdf;NXKLSED001447013482N00;51941339;10.1.2025
Lauritsala 25.pdf;NXKLSED0014470134D2N00;51941339;10.1.2025
Lauritsala 25.pdf;NXKLSED0014470135B2N00;51941339;10.1.2025
Lauritsala 25.pdf;NXKLSED001447013662N00;51941339;10.1.2025
Lauritsala 25.pdf;NXKLSED001447013682N00;51941339;10.1.2025
Lauritsala 25.pdf;NXKLSED0014470137A2N00;51941339;10.1.2025
Lauritsala 25.pdf;NXKLSED001447013912N00;51941339;10.1.2025
Lauritsala 25.pdf;NXKLSED001447013982N00;51941339;10.1.2025
Lauritsala 25.pdf;NXKLSED0014470139D2N00;51941339;10.1.2025
Lauritsala 25.pdf;NXKLSED001447013AC2N00;51941339;10.1.2025
Lauritsala 25.pdf;NXKLSED001447013AD2N00;51941339;10.1.2025
Lauritsala 25.pdf;NXKLSED001447013AE2N00;51941339;10.1.2025
Lauritsala 25.pdf;NXKLSED001447013B62N00;51941339;10.1.2025
Lauritsala 25.pdf;NXKLSED001447013BE2N00;51941339;10.1.2025
Lauritsala 25.pdf;NXKLSED001447013BF2N00;51941339;10.1.2025
Lauritsala 25.pdf;NXKLSED001447013CB2N00;51941339;10.1.2025
Lauritsala 25.pdf;NXKLSED001447013CC2N00;51941339;10.1.2025
Lauritsala 25.pdf;NXKLSED001447013CE2N00;51941339;10.1.2025
Lauritsala 25.pdf;NXKLSED001447013D42N00;51941339;10.1.2025
Lauritsala 25.pdf;NXKLSED001447013D62N00;51941339;10.1.2025
Lauritsala 25.pdf;NXKLSED001447013DB2N00;51941339;10.1.2025
Lauritsala 25.pdf;NXKLSED001447013DE2N00;51941339;10.1.2025
Lauritsala 25.pdf;NXKLSED001447013DF2N00;51941339;10.1.2025
Lauritsala 25.pdf;NXKLSED001447013E12N00;51941339;10.1.2025
Lauritsala 25.pdf;NXKLSED001447013E42N00;51941339;10.1.2025
Lauritsala 25.pdf;NXKLSED001447013F22N00;51941339;10.1.2025
Lauritsala 25.pdf;NXKLSED001447013FD2N00;51941339;10.1.2025
Lauritsala 25.pdf;NXKLSED001447013FE2N00;51941339;10.1.2025
Lauritsala 25.pdf;NXKLSED001447014062N00;51941339;10.1.2025
Lauritsala 25.pdf;NXKLSED001447014122N00;51941339;10.1.2025
Lauritsala 25.pdf;NXKLSED001447014142N00;51941339;10.1.2025
Lauritsala 25.pdf;NXKLSED001447014192N00;51941339;10.1.2025
Lauritsala 25.pdf;NXKLSED0014470141C2N00;51941339;10.1.2025
Lauritsala 25.pdf;NXKLSED0014470141F2N00;51941339;10.1.2025
Lauritsala 25.pdf;NXKLSED001447014222N00;51941339;10.1.2025
Lauritsala 25.pdf;NXKLSED001447014312N00;51941339;10.1.2025
Lauritsala 25.pdf;NXKLSED001447014372N00;51941339;10.1.2025
Lauritsala 25.pdf;NXKLSED001447014392N00;51941339;10.1.2025
Lauritsala 25.pdf;NXKLSED0014470143B2N00;51941339;10.1.2025
Lauritsala 25.pdf;NXKLSED001447014412N00;51941339;10.1.2025
Lauritsala 25.pdf;NXKLSED001447014432N00;51941339;10.1.2025
Lauritsala 25.pdf;NXKLSED0014470144B2N00;51941339;10.1.2025
Lauritsala 25.pdf;NXKLSED0014470144F2N00;51941339;10.1.2025
Lauritsala 25.pdf;NXKLSED001447014552N00;51941339;10.1.2025
Lauritsala 25.pdf;NXKLSED001447014592N00;51941339;10.1.2025
Lauritsala 25.pdf;NXKLSED001447014692N00;51941339;10.1.2025
Lauritsala 25.pdf;NXKLSED0014470146C2N00;51941339;10.1.2025
Lauritsala 25.pdf;NXKLSED0014470146D2N00;51941339;10.1.2025
Lauritsala 25.pdf;NXKLSED001447014732N00;51941339;10.1.2025
Lauritsala 25.pdf;NXKLSED0014470147D2N00;51941339;10.1.2025
Lauritsala 25.pdf;NXKLSED0014470147F2N00;51941339;10.1.2025
Lauritsala 25.pdf;NXKLSED001447014802N00;51941339;10.1.2025
Lauritsala 25.pdf;NXKLSED001447014872N00;51941339;10.1.2025
Lauritsala 25.pdf;NXKLSED0014470148A2N00;51941339;10.1.2025
Lauritsala 25.pdf;NXKLSED001447014942N00;51941339;10.1.2025
Lauritsala 25.pdf;NXKLSED001447014952N00;51941339;10.1.2025
Lauritsala 25.pdf;NXKLSED0014470149E2N00;51941339;10.1.2025
Lauritsala 25.pdf;NXKLSED001447014AF2N00;51941339;10.1.2025
Lappee 25.pdf;NXKLSED001447014C92N00;51941338;10.1.2025
Lappee 25.pdf;NXKLSED00144700DE02N00;51941338;10.1.2025
Lappee 25.pdf;NXKLSED00144700DE22N00;51941338;10.1.2025
Lappee 25.pdf;NXKLSED00144700DEA2N00;51941338;10.1.2025
Lappee 25.pdf;NXKLSED00144700DF32N00;51941338;10.1.2025
Lappee 25.pdf;NXKLSED00144700E272N00;51941338;10.1.2025
Lappee 25.pdf;NXKLSED00144700E282N00;51941338;10.1.2025
Lappee 25.pdf;NXKLSED00144700E2A2N00;51941338;10.1.2025
Lappee 25.pdf;NXKLSED00144700E392N00;51941338;10.1.2025
Lappee 25.pdf;NXKLSED00144700E3A2N00;51941338;10.1.2025
Lappee 25.pdf;NXKLSED00144700E452N00;51941338;10.1.2025
Lappee 25.pdf;NXKLSED00144700E4E2N00;51941338;10.1.2025
Lappee 25.pdf;NXKLSED00144700E512N00;51941338;10.1.2025
Lappee 25.pdf;NXKLSED00144700E582N00;51941338;10.1.2025
Lappee 25.pdf;NXKLSED00144700E5A2N00;51941338;10.1.2025
Lappee 25.pdf;NXKLSED00144700E652N00;51941338;10.1.2025
Lappee 25.pdf;NXKLSED00144700E6D2N00;51941338;10.1.2025
Lappee 25.pdf;NXKLSED00144700E772N00;51941338;10.1.2025
Lappee 25.pdf;NXKLSED00144700E812N00;51941338;10.1.2025
Lappee 25.pdf;NXKLSED00144700E882N00;51941338;10.1.2025
Lappee 25.pdf;NXKLSED00144700E8A2N00;51941338;10.1.2025
Lappee 25.pdf;NXKLSED00144700E8C2N00;51941338;10.1.2025
Lappee 25.pdf;NXKLSED001447010602N00;51941338;10.1.2025
Lappee 25.pdf;NXKLSED0014470109C2N00;51941338;10.1.2025
Lappee 25.pdf;NXKLSED001447010A82N00;51941338;10.1.2025
Lappee 25.pdf;NXKLSED001447010CF2N00;51941338;10.1.2025
Lappee 25.pdf;NXKLSED0014470116B2N00;51941338;10.1.2025
Lappee 25.pdf;NXKLSED001447011802N00;51941338;10.1.2025
Lappee 25.pdf;NXKLSED0014470118D2N00;51941338;10.1.2025
Lappee 25.pdf;NXKLSED001447011CD2N00;51941338;10.1.2025
Lappee 25.pdf;NXKLSED001447011DE2N00;51941338;10.1.2025
Lappee 25.pdf;NXKLSED001447011F22N00;51941338;10.1.2025
Lappee 25.pdf;NXKLSED001447012182N00;51941338;10.1.2025
Lappee 25.pdf;NXKLSED001447012442N00;51941338;10.1.2025
Lappee 25.pdf;NXKLSED001447012482N00;51941338;10.1.2025
Lappee 25.pdf;NXKLSED001447012562N00;51941338;10.1.2025
Lappee 25.pdf;NXKLSED0014470127C2N00;51941338;10.1.2025
Lappee 25.pdf;NXKLSED0014470127F2N00;51941338;10.1.2025
Lappee 25.pdf;NXKLSED001447012892N00;51941338;10.1.2025
Lappee 25.pdf;NXKLSED0014470129E2N00;51941338;10.1.2025
Lappee 25.pdf;NXKLSED001447012A82N00;51941338;10.1.2025
Lappee 25.pdf;NXKLSED001447012A92N00;51941338;10.1.2025
Lappee 25.pdf;NXKLSED001447012B22N00;51941338;10.1.2025
Lappee 25.pdf;NXKLSED001447012B32N00;51941338;10.1.2025
Lappee 25.pdf;NXKLSED001447012BE2N00;51941338;10.1.2025
Lappee 25.pdf;NXKLSED001447012C12N00;51941338;10.1.2025
Lappee 25.pdf;NXKLSED001447012C62N00;51941338;10.1.2025
Lappee 25.pdf;NXKLSED001447012C92N00;51941338;10.1.2025
Lappee 25.pdf;NXKLSED001447012CB2N00;51941338;10.1.2025
Lappee 25.pdf;NXKLSED001447012CC2N00;51941338;10.1.2025
Lappee 25.pdf;NXKLSED001447012D02N00;51941338;10.1.2025
Lappee 25.pdf;NXKLSED001447012D72N00;51941338;10.1.2025
Lappee 25.pdf;NXKLSED001447012DB2N00;51941338;10.1.2025
Lappee 25.pdf;NXKLSED001447012DD2N00;51941338;10.1.2025
Lappee 25.pdf;NXKLSED001447012E92N00;51941338;10.1.2025
Lappee 25.pdf;NXKLSED001447012EE2N00;51941338;10.1.2025
Lappee 25.pdf;NXKLSED001447012F02N00;51941338;10.1.2025
Lappee 25.pdf;NXKLSED001447012F32N00;51941338;10.1.2025
Lappee 25.pdf;NXKLSED001447012F52N00;51941338;10.1.2025
Lappee 25.pdf;NXKLSED001447012FE2N00;51941338;10.1.2025
Lappee 25.pdf;NXKLSED001447012FF2N00;51941338;10.1.2025
Lappee 25.pdf;NXKLSED001447013052N00;51941338;10.1.2025
Lappee 25.pdf;NXKLSED0014470130E2N00;51941338;10.1.2025
Lappee 25.pdf;NXKLSED001447013132N00;51941338;10.1.2025
Lappee 25.pdf;NXKLSED001447013182N00;51941338;10.1.2025
Lappee 25.pdf;NXKLSED001447013202N00;51941338;10.1.2025
Lappee 25.pdf;NXKLSED0014470132D2N00;51941338;10.1.2025
Lappee 25.pdf;NXKLSED001447013412N00;51941338;10.1.2025
Lappee 25.pdf;NXKLSED001447013492N00;51941338;10.1.2025
Lappee 25.pdf;NXKLSED0014470134F2N00;51941338;10.1.2025
Lappee 25.pdf;NXKLSED001447013532N00;51941338;10.1.2025
Lappee 25.pdf;NXKLSED001447013572N00;51941338;10.1.2025
Lappee 25.pdf;NXKLSED001447013582N00;51941338;10.1.2025
Lappee 25.pdf;NXKLSED001447013752N00;51941338;10.1.2025
Lappee 25.pdf;NXKLSED001447013762N00;51941338;10.1.2025
Lappee 25.pdf;NXKLSED001447013802N00;51941338;10.1.2025
Lappee 25.pdf;NXKLSED001447013892N00;51941338;10.1.2025
Lappee 25.pdf;NXKLSED0014470138A2N00;51941338;10.1.2025
Lappee 25.pdf;NXKLSED0014470138E2N00;51941338;10.1.2025
Lappee 25.pdf;NXKLSED001447013922N00;51941338;10.1.2025
Lappee 25.pdf;NXKLSED001447013942N00;51941338;10.1.2025
Lappee 25.pdf;NXKLSED001447013962N00;51941338;10.1.2025
Lappee 25.pdf;NXKLSED001447013972N00;51941338;10.1.2025
Lappee 25.pdf;NXKLSED0014470139E2N00;51941338;10.1.2025
Lappee 25.pdf;NXKLSED001447013A02N00;51941338;10.1.2025
Lappee 25.pdf;NXKLSED001447013A72N00;51941338;10.1.2025
Lappee 25.pdf;NXKLSED001447013A92N00;51941338;10.1.2025
Lappee 25.pdf;NXKLSED001447013AB2N00;51941338;10.1.2025
Lappee 25.pdf;NXKLSED001447013B32N00;51941338;10.1.2025
Lappee 25.pdf;NXKLSED001447013BB2N00;51941338;10.1.2025
Lappee 25.pdf;NXKLSED001447013BC2N00;51941338;10.1.2025
Lappee 25.pdf;NXKLSED001447013C42N00;51941338;10.1.2025
Lappee 25.pdf;NXKLSED001447013C52N00;51941338;10.1.2025
Lappee 25.pdf;NXKLSED001447013E02N00;51941338;10.1.2025
Lappee 25.pdf;NXKLSED001447013F82N00;51941338;10.1.2025
Lappee 25.pdf;NXKLSED001447013F92N00;51941338;10.1.2025
Lappee 25.pdf;NXKLSED001447013FF2N00;51941338;10.1.2025
Lappee 25.pdf;NXKLSED001447014022N00;51941338;10.1.2025
Lappee 25.pdf;NXKLSED0014470140C2N00;51941338;10.1.2025
Lappee 25.pdf;NXKLSED0014470140D2N00;51941338;10.1.2025
Lappee 25.pdf;NXKLSED0014470140F2N00;51941338;10.1.2025
Lappee 25.pdf;NXKLSED001447014232N00;51941338;10.1.2025
Lappee 25.pdf;NXKLSED001447014992N00;51941338;10.1.2025
Lappee 25.pdf;NXKLSED0014470149D2N00;51941338;10.1.2025
Lappee 25.pdf;NXKLSED001447014A12N00;51941338;10.1.2025
Lappee 25.pdf;NXKKAED001444024F12N00;51941338;10.1.2025
Kimpinen 25.pdf;NXKLSED001447014DE2N00;51941337;10.1.2025
Kimpinen 25.pdf;NXKLSED00144700DE12N00;51941337;10.1.2025
Kimpinen 25.pdf;NXKLSED00144700E1B2N00;51941337;10.1.2025
Kimpinen 25.pdf;NXKLSED00144700E292N00;51941337;10.1.2025
Kimpinen 25.pdf;NXKLSED00144700E2E2N00;51941337;10.1.2025
Kimpinen 25.pdf;NXKLSED00144700E362N00;51941337;10.1.2025
Kimpinen 25.pdf;NXKLSED00144700E3E2N00;51941337;10.1.2025
Kimpinen 25.pdf;NXKLSED00144700E4D2N00;51941337;10.1.2025
Kimpinen 25.pdf;NXKLSED00144700E562N00;51941337;10.1.2025
Kimpinen 25.pdf;NXKLSED00144700E7D2N00;51941337;10.1.2025
Kimpinen 25.pdf;NXKLSED00144700E8D2N00;51941337;10.1.2025
Kimpinen 25.pdf;NXKLSED00144700E982N00;51941337;10.1.2025
Kimpinen 25.pdf;NXKLSED0014470105E2N00;51941337;10.1.2025
Kimpinen 25.pdf;NXKLSED0014470106A2N00;51941337;10.1.2025
Kimpinen 25.pdf;NXKLSED001447010772N00;51941337;10.1.2025
Kimpinen 25.pdf;NXKLSED001447010842N00;51941337;10.1.2025
Kimpinen 25.pdf;NXKLSED0014470108F2N00;51941337;10.1.2025
Kimpinen 25.pdf;NXKLSED001447010932N00;51941337;10.1.2025
Kimpinen 25.pdf;NXKLSED0014470109D2N00;51941337;10.1.2025
Kimpinen 25.pdf;NXKLSED0014470109E2N00;51941337;10.1.2025
Kimpinen 25.pdf;NXKLSED001447010AE2N00;51941337;10.1.2025
Kimpinen 25.pdf;NXKLSED001447010B92N00;51941337;10.1.2025
Kimpinen 25.pdf;NXKLSED001447010BA2N00;51941337;10.1.2025
Kimpinen 25.pdf;NXKLSED001447010C52N00;51941337;10.1.2025
Kimpinen 25.pdf;NXKLSED001447010CB2N00;51941337;10.1.2025
Kimpinen 25.pdf;NXKLSED001447010DA2N00;51941337;10.1.2025
Kimpinen 25.pdf;NXKLSED001447010DE2N00;51941337;10.1.2025
Kimpinen 25.pdf;NXKLSED001447010E92N00;51941337;10.1.2025
Kimpinen 25.pdf;NXKLSED001447010FF2N00;51941337;10.1.2025
Kimpinen 25.pdf;NXKLSED001447011042N00;51941337;10.1.2025
Kimpinen 25.pdf;NXKLSED001447011072N00;51941337;10.1.2025
Kimpinen 25.pdf;NXKLSED001447011162N00;51941337;10.1.2025
Kimpinen 25.pdf;NXKLSED001447011192N00;51941337;10.1.2025
Kimpinen 25.pdf;NXKLSED001447011522N00;51941337;10.1.2025
Kimpinen 25.pdf;NXKLSED001447011622N00;51941337;10.1.2025
Kimpinen 25.pdf;NXKLSED001447011642N00;51941337;10.1.2025
Kimpinen 25.pdf;NXKLSED0014470116D2N00;51941337;10.1.2025
Kimpinen 25.pdf;NXKLSED001447011752N00;51941337;10.1.2025
Kimpinen 25.pdf;NXKLSED001447011792N00;51941337;10.1.2025
Kimpinen 25.pdf;NXKLSED001447011822N00;51941337;10.1.2025
Kimpinen 25.pdf;NXKLSED001447011892N00;51941337;10.1.2025
Kimpinen 25.pdf;NXKLSED0014470118F2N00;51941337;10.1.2025
Kimpinen 25.pdf;NXKLSED001447011902N00;51941337;10.1.2025
Kimpinen 25.pdf;NXKLSED001447011932N00;51941337;10.1.2025
Kimpinen 25.pdf;NXKLSED0014470119F2N00;51941337;10.1.2025
Kimpinen 25.pdf;NXKLSED001447011A12N00;51941337;10.1.2025
Kimpinen 25.pdf;NXKLSED001447011C62N00;51941337;10.1.2025
Kimpinen 25.pdf;NXKLSED001447011CC2N00;51941337;10.1.2025
Kimpinen 25.pdf;NXKLSED001447011E42N00;51941337;10.1.2025
Kimpinen 25.pdf;NXKLSED001447011E62N00;51941337;10.1.2025
Kimpinen 25.pdf;NXKLSED001447011E92N00;51941337;10.1.2025
Kimpinen 25.pdf;NXKLSED001447011EB2N00;51941337;10.1.2025
Kimpinen 25.pdf;NXKLSED001447012022N00;51941337;10.1.2025
Kimpinen 25.pdf;NXKLSED001447012032N00;51941337;10.1.2025
Kimpinen 25.pdf;NXKLSED0014470120F2N00;51941337;10.1.2025
Kimpinen 25.pdf;NXKLSED0014470121B2N00;51941337;10.1.2025
Kimpinen 25.pdf;NXKLSED0014470121C2N00;51941337;10.1.2025
Kimpinen 25.pdf;NXKLSED0014470122F2N00;51941337;10.1.2025
Kimpinen 25.pdf;NXKLSED001447012392N00;51941337;10.1.2025
Kimpinen 25.pdf;NXKLSED001447012422N00;51941337;10.1.2025
Kimpinen 25.pdf;NXKLSED001447012452N00;51941337;10.1.2025
Kimpinen 25.pdf;NXKLSED0014470124F2N00;51941337;10.1.2025
Kimpinen 25.pdf;NXKLSED001447012542N00;51941337;10.1.2025
Kimpinen 25.pdf;NXKLSED001447012582N00;51941337;10.1.2025
Kimpinen 25.pdf;NXKLSED0014470125F2N00;51941337;10.1.2025
Kimpinen 25.pdf;NXKLSED001447012612N00;51941337;10.1.2025
Kimpinen 25.pdf;NXKLSED001447012662N00;51941337;10.1.2025
Kimpinen 25.pdf;NXKLSED001447012762N00;51941337;10.1.2025
Kimpinen 25.pdf;NXKLSED0014470128E2N00;51941337;10.1.2025
Kimpinen 25.pdf;NXKLSED001447012C22N00;51941337;10.1.2025
Kimpinen 25.pdf;NXKLSED001447012CA2N00;51941337;10.1.2025
Kimpinen 25.pdf;NXKLSED001447012D22N00;51941337;10.1.2025
Kimpinen 25.pdf;NXKLSED001447012DA2N00;51941337;10.1.2025
Kimpinen 25.pdf;NXKLSED001447012F82N00;51941337;10.1.2025
Kimpinen 25.pdf;NXKLSED001447013032N00;51941337;10.1.2025
Kimpinen 25.pdf;NXKLSED001447013512N00;51941337;10.1.2025
Kimpinen 25.pdf;NXKLSED001447013852N00;51941337;10.1.2025
Kimpinen 25.pdf;NXKLSED001447013882N00;51941337;10.1.2025
Kimpinen 25.pdf;NXKLSED0014470139C2N00;51941337;10.1.2025
Kimpinen 25.pdf;NXKLSED001447013C62N00;51941337;10.1.2025
Kimpinen 25.pdf;NXKLSED001447013DB2N00;51941337;10.1.2025
Kimpinen 25.pdf;NXKLSED001447013DF2N00;51941337;10.1.2025
Kimpinen 25.pdf;NXKLSED001447013EC2N00;51941337;10.1.2025
Kimpinen 25.pdf;NXKLSED001447013FE2N00;51941337;10.1.2025
Kimpinen 25.pdf;NXKLSED001447014102N00;51941337;10.1.2025
Kimpinen 25.pdf;NXKLSED001447014162N00;51941337;10.1.2025
Kimpinen 25.pdf;NXKLSED001447014252N00;51941337;10.1.2025
Kimpinen 25.pdf;NXKLSED001447014262N00;51941337;10.1.2025
Kimpinen 25.pdf;NXKLSED001447014272N00;51941337;10.1.2025
Kimpinen 25.pdf;NXKLSED0014470142E2N00;51941337;10.1.2025
Kimpinen 25.pdf;NXKLSED001447014322N00;51941337;10.1.2025
Kimpinen 25.pdf;NXKLSED001447014482N00;51941337;10.1.2025
Kimpinen 25.pdf;NXKLSED0014470144B2N00;51941337;10.1.2025
Kimpinen 25.pdf;NXKLSED0014470144D2N00;51941337;10.1.2025
Kimpinen 25.pdf;NXKLSED0014470144E2N00;51941337;10.1.2025
Kimpinen 25.pdf;NXKLSED0014470145C2N00;51941337;10.1.2025
Kimpinen 25.pdf;NXKLSED0014470145D2N00;51941337;10.1.2025
Kimpinen 25.pdf;NXKLSED001447014632N00;51941337;10.1.2025
Kimpinen 25.pdf;NXKLSED001447014662N00;51941337;10.1.2025
Kimpinen 25.pdf;NXKLSED001447014682N00;51941337;10.1.2025
Kimpinen 25.pdf;NXKLSED001447014712N00;51941337;10.1.2025
Kimpinen 25.pdf;NXKLSED001447014772N00;51941337;10.1.2025
Kimpinen 25.pdf;NXKLSED0014470147A2N00;51941337;10.1.2025
Kimpinen 25.pdf;NXKLSED0014470147B2N00;51941337;10.1.2025
Kimpinen 25.pdf;NXKLSED001447014822N00;51941337;10.1.2025
Kimpinen 25.pdf;NXKLSED001447014872N00;51941337;10.1.2025
Kimpinen 25.pdf;NXKLSED0014470148C2N00;51941337;10.1.2025
Kimpinen 25.pdf;NXKLSED0014470148E2N00;51941337;10.1.2025
Kimpinen 25.pdf;NXKLSED0014470148F2N00;51941337;10.1.2025
Kimpinen 25.pdf;NXKLSED001447014962N00;51941337;10.1.2025
Kimpinen 25.pdf;NXKLSED001447014A02N00;51941337;10.1.2025
Kimpinen 25.pdf;NXKLSED001447014A62N00;51941337;10.1.2025
Kimpinen 25.pdf;NXKLSED001447014A92N00;51941337;10.1.2025
Kimpinen 25.pdf;NXKLSED001447014B42N00;51941337;10.1.2025
Kimpinen 25.pdf;NXKLSED001447014BB2N00;51941337;10.1.2025
Kimpinen 25.pdf;NXKLSED001447014BC2N00;51941337;10.1.2025
Kimpinen 25.pdf;NXKLSED001447014BE2N00;51941337;10.1.2025
Kimpinen 25.pdf;NXKLSED001447014C32N00;51941337;10.1.2025
Kimpinen 25.pdf;NXKLSED001447014C62N00;51941337;10.1.2025
Kimpinen 25.pdf;NXKLSED001447014CA2N00;51941337;10.1.2025
Kimpinen 25.pdf;NXKLSED001447014CC2N00;51941337;10.1.2025
Kimpinen 25.pdf;NXKLSED001447014D02N00;51941337;10.1.2025
Kimpinen 25.pdf;NXKLSED001447014DA2N00;51941337;10.1.2025
Kimpinen 25.pdf;NXKLSED001447014DC2N00;51941337;10.1.2025
Kimpinen 25.pdf;NXKLSED001447014DD2N00;51941337;10.1.2025
Kesämäki 25.pdf;NXKLSED001447014D32N00;51941336;10.1.2025
Kesämäki 25.pdf;NXKLSED00144700DE42N00;51941336;10.1.2025
Kesämäki 25.pdf;NXKLSED00144700DF42N00;51941336;10.1.2025
Kesämäki 25.pdf;NXKLSED00144700DF72N00;51941336;10.1.2025
Kesämäki 25.pdf;NXKLSED00144700DF92N00;51941336;10.1.2025
Kesämäki 25.pdf;NXKLSED00144700DFC2N00;51941336;10.1.2025
Kesämäki 25.pdf;NXKLSED00144700E0B2N00;51941336;10.1.2025
Kesämäki 25.pdf;NXKLSED00144700E0E2N00;51941336;10.1.2025
Kesämäki 25.pdf;NXKLSED00144700E132N00;51941336;10.1.2025
Kesämäki 25.pdf;NXKLSED00144700E142N00;51941336;10.1.2025
Kesämäki 25.pdf;NXKLSED00144700E1F2N00;51941336;10.1.2025
Kesämäki 25.pdf;NXKLSED00144700E372N00;51941336;10.1.2025
Kesämäki 25.pdf;NXKLSED00144700E412N00;51941336;10.1.2025
Kesämäki 25.pdf;NXKLSED00144700E492N00;51941336;10.1.2025
Kesämäki 25.pdf;NXKLSED00144700E502N00;51941336;10.1.2025
Kesämäki 25.pdf;NXKLSED00144700E602N00;51941336;10.1.2025
Kesämäki 25.pdf;NXKLSED00144700E662N00;51941336;10.1.2025
Kesämäki 25.pdf;NXKLSED00144700E6C2N00;51941336;10.1.2025
Kesämäki 25.pdf;NXKLSED00144700E872N00;51941336;10.1.2025
Kesämäki 25.pdf;NXKLSED00144700E892N00;51941336;10.1.2025
Kesämäki 25.pdf;NXKLSED00144700E902N00;51941336;10.1.2025
Kesämäki 25.pdf;NXKLSED00144700E932N00;51941336;10.1.2025
Kesämäki 25.pdf;NXKLSED001447010662N00;51941336;10.1.2025
Kesämäki 25.pdf;NXKLSED0014470106E2N00;51941336;10.1.2025
Kesämäki 25.pdf;NXKLSED001447010802N00;51941336;10.1.2025
Kesämäki 25.pdf;NXKLSED001447010952N00;51941336;10.1.2025
Kesämäki 25.pdf;NXKLSED0014470109F2N00;51941336;10.1.2025
Kesämäki 25.pdf;NXKLSED001447010A22N00;51941336;10.1.2025
Kesämäki 25.pdf;NXKLSED001447010B42N00;51941336;10.1.2025
Kesämäki 25.pdf;NXKLSED001447010BB2N00;51941336;10.1.2025
Kesämäki 25.pdf;NXKLSED001447010C02N00;51941336;10.1.2025
Kesämäki 25.pdf;NXKLSED001447010C12N00;51941336;10.1.2025
Kesämäki 25.pdf;NXKLSED001447010C72N00;51941336;10.1.2025
Kesämäki 25.pdf;NXKLSED001447010D32N00;51941336;10.1.2025
Kesämäki 25.pdf;NXKLSED001447010D92N00;51941336;10.1.2025
Kesämäki 25.pdf;NXKLSED001447010DB2N00;51941336;10.1.2025
Kesämäki 25.pdf;NXKLSED001447010E02N00;51941336;10.1.2025
Kesämäki 25.pdf;NXKLSED001447010E12N00;51941336;10.1.2025
Kesämäki 25.pdf;NXKLSED001447010E32N00;51941336;10.1.2025
Kesämäki 25.pdf;NXKLSED001447010E72N00;51941336;10.1.2025
Kesämäki 25.pdf;NXKLSED001447010F02N00;51941336;10.1.2025
Kesämäki 25.pdf;NXKLSED001447010F42N00;51941336;10.1.2025
Kesämäki 25.pdf;NXKLSED001447010F52N00;51941336;10.1.2025
Kesämäki 25.pdf;NXKLSED001447010F62N00;51941336;10.1.2025
Kesämäki 25.pdf;NXKLSED001447010FB2N00;51941336;10.1.2025
Kesämäki 25.pdf;NXKLSED001447011052N00;51941336;10.1.2025
Kesämäki 25.pdf;NXKLSED0014470110E2N00;51941336;10.1.2025
Kesämäki 25.pdf;NXKLSED001447011102N00;51941336;10.1.2025
Kesämäki 25.pdf;NXKLSED001447011112N00;51941336;10.1.2025
Kesämäki 25.pdf;NXKLSED001447011152N00;51941336;10.1.2025
Kesämäki 25.pdf;NXKLSED0014470114E2N00;51941336;10.1.2025
Kesämäki 25.pdf;NXKLSED001447011512N00;51941336;10.1.2025
Kesämäki 25.pdf;NXKLSED001447011552N00;51941336;10.1.2025
Kesämäki 25.pdf;NXKLSED001447011572N00;51941336;10.1.2025
Kesämäki 25.pdf;NXKLSED001447011592N00;51941336;10.1.2025
Kesämäki 25.pdf;NXKLSED0014470115C2N00;51941336;10.1.2025
Kesämäki 25.pdf;NXKLSED0014470115D2N00;51941336;10.1.2025
Kesämäki 25.pdf;NXKLSED001447011632N00;51941336;10.1.2025
Kesämäki 25.pdf;NXKLSED001447011722N00;51941336;10.1.2025
Kesämäki 25.pdf;NXKLSED0014470117E2N00;51941336;10.1.2025
Kesämäki 25.pdf;NXKLSED001447011832N00;51941336;10.1.2025
Kesämäki 25.pdf;NXKLSED001447011982N00;51941336;10.1.2025
Kesämäki 25.pdf;NXKLSED0014470119D2N00;51941336;10.1.2025
Kesämäki 25.pdf;NXKLSED001447011BD2N00;51941336;10.1.2025
Kesämäki 25.pdf;NXKLSED001447011D02N00;51941336;10.1.2025
Kesämäki 25.pdf;NXKLSED001447011DA2N00;51941336;10.1.2025
Kesämäki 25.pdf;NXKLSED001447011DB2N00;51941336;10.1.2025
Kesämäki 25.pdf;NXKLSED001447011E82N00;51941336;10.1.2025
Kesämäki 25.pdf;NXKLSED001447011F32N00;51941336;10.1.2025
Kesämäki 25.pdf;NXKLSED001447011FB2N00;51941336;10.1.2025
Kesämäki 25.pdf;NXKLSED001447011FF2N00;51941336;10.1.2025
Kesämäki 25.pdf;NXKLSED0014470120D2N00;51941336;10.1.2025
Kesämäki 25.pdf;NXKLSED001447012102N00;51941336;10.1.2025
Kesämäki 25.pdf;NXKLSED001447012122N00;51941336;10.1.2025
Kesämäki 25.pdf;NXKLSED001447012162N00;51941336;10.1.2025
Kesämäki 25.pdf;NXKLSED001447012172N00;51941336;10.1.2025
Kesämäki 25.pdf;NXKLSED0014470121A2N00;51941336;10.1.2025
Kesämäki 25.pdf;NXKLSED001447012222N00;51941336;10.1.2025
Kesämäki 25.pdf;NXKLSED001447012342N00;51941336;10.1.2025
Kesämäki 25.pdf;NXKLSED001447012382N00;51941336;10.1.2025
Kesämäki 25.pdf;NXKLSED0014470123B2N00;51941336;10.1.2025
Kesämäki 25.pdf;NXKLSED0014470124C2N00;51941336;10.1.2025
Kesämäki 25.pdf;NXKLSED0014470124D2N00;51941336;10.1.2025
Kesämäki 25.pdf;NXKLSED001447012502N00;51941336;10.1.2025
Kesämäki 25.pdf;NXKLSED001447012712N00;51941336;10.1.2025
Kesämäki 25.pdf;NXKLSED0014470127A2N00;51941336;10.1.2025
Kesämäki 25.pdf;NXKLSED001447012BA2N00;51941336;10.1.2025
Kesämäki 25.pdf;NXKLSED001447012D12N00;51941336;10.1.2025
Kesämäki 25.pdf;NXKLSED001447012E42N00;51941336;10.1.2025
Kesämäki 25.pdf;NXKLSED0014470133E2N00;51941336;10.1.2025
Kesämäki 25.pdf;NXKLSED001447013472N00;51941336;10.1.2025
Kesämäki 25.pdf;NXKLSED001447013522N00;51941336;10.1.2025
Kesämäki 25.pdf;NXKLSED001447013652N00;51941336;10.1.2025
Kesämäki 25.pdf;NXKLSED0014470137F2N00;51941336;10.1.2025
Kesämäki 25.pdf;NXKLSED001447013A52N00;51941336;10.1.2025
Kesämäki 25.pdf;NXKLSED001447013B22N00;51941336;10.1.2025
Kesämäki 25.pdf;NXKLSED001447013D02N00;51941336;10.1.2025
Kesämäki 25.pdf;NXKLSED001447013EA2N00;51941336;10.1.2025
Kesämäki 25.pdf;NXKLSED001447013EF2N00;51941336;10.1.2025
Kesämäki 25.pdf;NXKLSED001447013F12N00;51941336;10.1.2025
Kesämäki 25.pdf;NXKLSED001447013F32N00;51941336;10.1.2025
Kesämäki 25.pdf;NXKLSED001447014042N00;51941336;10.1.2025
Kesämäki 25.pdf;NXKLSED0014470141D2N00;51941336;10.1.2025
Kesämäki 25.pdf;NXKLSED0014470141E2N00;51941336;10.1.2025
Kesämäki 25.pdf;NXKLSED001447014292N00;51941336;10.1.2025
Kesämäki 25.pdf;NXKLSED001447014332N00;51941336;10.1.2025
Kesämäki 25.pdf;NXKLSED001447014362N00;51941336;10.1.2025
Kesämäki 25.pdf;NXKLSED0014470143A2N00;51941336;10.1.2025
Kesämäki 25.pdf;NXKLSED001447014452N00;51941336;10.1.2025
Kesämäki 25.pdf;NXKLSED001447014462N00;51941336;10.1.2025
Kesämäki 25.pdf;NXKLSED0014470145A2N00;51941336;10.1.2025
Kesämäki 25.pdf;NXKLSED0014470146F2N00;51941336;10.1.2025
Kesämäki 25.pdf;NXKLSED001447014722N00;51941336;10.1.2025
Kesämäki 25.pdf;NXKLSED001447014752N00;51941336;10.1.2025
Kesämäki 25.pdf;NXKLSED001447014762N00;51941336;10.1.2025
Kesämäki 25.pdf;NXKLSED001447014782N00;51941336;10.1.2025
Kesämäki 25.pdf;NXKLSED001447014792N00;51941336;10.1.2025
Kesämäki 25.pdf;NXKLSED001447014832N00;51941336;10.1.2025
Kesämäki 25.pdf;NXKLSED001447014852N00;51941336;10.1.2025
Kesämäki 25.pdf;NXKLSED001447014912N00;51941336;10.1.2025
Kesämäki 25.pdf;NXKLSED001447014972N00;51941336;10.1.2025
Kesämäki 25.pdf;NXKLSED0014470149F2N00;51941336;10.1.2025
Kesämäki 25.pdf;NXKLSED001447014A52N00;51941336;10.1.2025
Kesämäki 25.pdf;NXKLSED001447014A72N00;51941336;10.1.2025
Kesämäki 25.pdf;NXKLSED001447014AB2N00;51941336;10.1.2025
Kesämäki 25.pdf;NXKLSED001447014B32N00;51941336;10.1.2025
Kesämäki 25.pdf;NXKLSED001447014B52N00;51941336;10.1.2025
Kesämäki 25.pdf;NXKLSED001447014BD2N00;51941336;10.1.2025
Kesämäki 25.pdf;NXKLSED001447014BF2N00;51941336;10.1.2025
Kesämäki 25.pdf;NXKLSED001447014C12N00;51941336;10.1.2025
Kesämäki 25.pdf;NXKKAED001444024E72N00;51941336;10.1.2025
Kaukaa 25.pdf;NXKLSED001447014862N00;51941335;10.1.2025
Kaukaa 25.pdf;NXKLSED00144700DDD2N00;51941335;10.1.2025
Kaukaa 25.pdf;NXKLSED00144700DEF2N00;51941335;10.1.2025
Kaukaa 25.pdf;NXKLSED00144700E092N00;51941335;10.1.2025
Kaukaa 25.pdf;NXKLSED00144700E1A2N00;51941335;10.1.2025
Kaukaa 25.pdf;NXKLSED00144700E212N00;51941335;10.1.2025
Kaukaa 25.pdf;NXKLSED00144700E3F2N00;51941335;10.1.2025
Kaukaa 25.pdf;NXKLSED00144700E6F2N00;51941335;10.1.2025
Kaukaa 25.pdf;NXKLSED00144700E8F2N00;51941335;10.1.2025
Kaukaa 25.pdf;NXKLSED00144700E952N00;51941335;10.1.2025
Kaukaa 25.pdf;NXKLSED001447010612N00;51941335;10.1.2025
Kaukaa 25.pdf;NXKLSED001447010642N00;51941335;10.1.2025
Kaukaa 25.pdf;NXKLSED001447010732N00;51941335;10.1.2025
Kaukaa 25.pdf;NXKLSED001447010812N00;51941335;10.1.2025
Kaukaa 25.pdf;NXKLSED001447010832N00;51941335;10.1.2025
Kaukaa 25.pdf;NXKLSED001447010882N00;51941335;10.1.2025
Kaukaa 25.pdf;NXKLSED0014470108C2N00;51941335;10.1.2025
Kaukaa 25.pdf;NXKLSED001447010962N00;51941335;10.1.2025
Kaukaa 25.pdf;NXKLSED001447010972N00;51941335;10.1.2025
Kaukaa 25.pdf;NXKLSED001447010A12N00;51941335;10.1.2025
Kaukaa 25.pdf;NXKLSED001447010A42N00;51941335;10.1.2025
Kaukaa 25.pdf;NXKLSED001447010B32N00;51941335;10.1.2025
Kaukaa 25.pdf;NXKLSED001447010B52N00;51941335;10.1.2025
Kaukaa 25.pdf;NXKLSED001447010CE2N00;51941335;10.1.2025
Kaukaa 25.pdf;NXKLSED001447010D22N00;51941335;10.1.2025
Kaukaa 25.pdf;NXKLSED001447010DC2N00;51941335;10.1.2025
Kaukaa 25.pdf;NXKLSED001447010F12N00;51941335;10.1.2025
Kaukaa 25.pdf;NXKLSED001447011022N00;51941335;10.1.2025
Kaukaa 25.pdf;NXKLSED0014470110D2N00;51941335;10.1.2025
Kaukaa 25.pdf;NXKLSED0014470110F2N00;51941335;10.1.2025
Kaukaa 25.pdf;NXKLSED0014470111B2N00;51941335;10.1.2025
Kaukaa 25.pdf;NXKLSED0014470111C2N00;51941335;10.1.2025
Kaukaa 25.pdf;NXKLSED0014470114A2N00;51941335;10.1.2025
Kaukaa 25.pdf;NXKLSED001447011562N00;51941335;10.1.2025
Kaukaa 25.pdf;NXKLSED001447011582N00;51941335;10.1.2025
Kaukaa 25.pdf;NXKLSED0014470117A2N00;51941335;10.1.2025
Kaukaa 25.pdf;NXKLSED0014470117B2N00;51941335;10.1.2025
Kaukaa 25.pdf;NXKLSED0014470117C2N00;51941335;10.1.2025
Kaukaa 25.pdf;NXKLSED001447011812N00;51941335;10.1.2025
Kaukaa 25.pdf;NXKLSED0014470118B2N00;51941335;10.1.2025
Kaukaa 25.pdf;NXKLSED001447011992N00;51941335;10.1.2025
Kaukaa 25.pdf;NXKLSED001447011A32N00;51941335;10.1.2025
Kaukaa 25.pdf;NXKLSED001447011AA2N00;51941335;10.1.2025
Kaukaa 25.pdf;NXKLSED001447011AC2N00;51941335;10.1.2025
Kaukaa 25.pdf;NXKLSED001447011B52N00;51941335;10.1.2025
Kaukaa 25.pdf;NXKLSED001447011B72N00;51941335;10.1.2025
Kaukaa 25.pdf;NXKLSED001447011BA2N00;51941335;10.1.2025
Kaukaa 25.pdf;NXKLSED001447011BC2N00;51941335;10.1.2025
Kaukaa 25.pdf;NXKLSED001447011BF2N00;51941335;10.1.2025
Kaukaa 25.pdf;NXKLSED001447011CA2N00;51941335;10.1.2025
Kaukaa 25.pdf;NXKLSED001447011D62N00;51941335;10.1.2025
Kaukaa 25.pdf;NXKLSED001447011F42N00;51941335;10.1.2025
Kaukaa 25.pdf;NXKLSED001447011FD2N00;51941335;10.1.2025
Kaukaa 25.pdf;NXKLSED001447011FE2N00;51941335;10.1.2025
Kaukaa 25.pdf;NXKLSED001447012052N00;51941335;10.1.2025
Kaukaa 25.pdf;NXKLSED001447012092N00;51941335;10.1.2025
Kaukaa 25.pdf;NXKLSED001447012592N00;51941335;10.1.2025
Kaukaa 25.pdf;NXKLSED0014470125E2N00;51941335;10.1.2025
Kaukaa 25.pdf;NXKLSED001447012922N00;51941335;10.1.2025
Kaukaa 25.pdf;NXKLSED001447013112N00;51941335;10.1.2025
Kaukaa 25.pdf;NXKLSED001447013362N00;51941335;10.1.2025
Kaukaa 25.pdf;NXKLSED0014470133A2N00;51941335;10.1.2025
Kaukaa 25.pdf;NXKLSED001447013642N00;51941335;10.1.2025
Kaukaa 25.pdf;NXKLSED001447013722N00;51941335;10.1.2025
Kaukaa 25.pdf;NXKLSED001447013952N00;51941335;10.1.2025
Kaukaa 25.pdf;NXKLSED001447013CF2N00;51941335;10.1.2025
Kaukaa 25.pdf;NXKLSED0014470141A2N00;51941335;10.1.2025
Kaukaa 25.pdf;NXKLSED0014470142D2N00;51941335;10.1.2025
Kaukaa 25.pdf;NXKLSED001447014612N00;51941335;10.1.2025
Kaukaa 25.pdf;NXKLSED0014470147E2N00;51941335;10.1.2025
Kaukaa 25.pdf;NXKKAED00142601D762N00;51941335;10.1.2025
Kaukaa 25.pdf;NXKKAED001426015EE2N00;51941335;10.1.2025
Kaukaa 25.pdf;NXKKAED00142601D1C2N00;51941335;10.1.2025
Kaukaa 25.pdf;NXKKAED00142601D5C2N00;51941335;10.1.2025
Joutseno 25.pdf;NXKLSED0014470146A2N00;51941334;10.1.2025
Joutseno 25.pdf;NXKLSED00144700E182N00;51941334;10.1.2025
Joutseno 25.pdf;NXKLSED001447010992N00;51941334;10.1.2025
Joutseno 25.pdf;NXKLSED001447010FA2N00;51941334;10.1.2025
Joutseno 25.pdf;NXKLSED0014470116F2N00;51941334;10.1.2025
Joutseno 25.pdf;NXKLSED001447011882N00;51941334;10.1.2025
Joutseno 25.pdf;NXKLSED001447011AE2N00;51941334;10.1.2025
Joutseno 25.pdf;NXKLSED001447011B32N00;51941334;10.1.2025
Joutseno 25.pdf;NXKLSED001447012942N00;51941334;10.1.2025
Joutseno 25.pdf;NXKLSED001447012A12N00;51941334;10.1.2025
Joutseno 25.pdf;NXKLSED001447012C82N00;51941334;10.1.2025
Joutseno 25.pdf;NXKLSED001447012D32N00;51941334;10.1.2025
Joutseno 25.pdf;NXKLSED001447012E52N00;51941334;10.1.2025
Joutseno 25.pdf;NXKLSED001447013172N00;51941334;10.1.2025
Joutseno 25.pdf;NXKLSED001447013222N00;51941334;10.1.2025
Joutseno 25.pdf;NXKLSED0014470133F2N00;51941334;10.1.2025
Joutseno 25.pdf;NXKLSED0014470135A2N00;51941334;10.1.2025
Joutseno 25.pdf;NXKLSED0014470136D2N00;51941334;10.1.2025
Joutseno 25.pdf;NXKLSED0014470136F2N00;51941334;10.1.2025
Joutseno 25.pdf;NXKLSED001447013812N00;51941334;10.1.2025
Joutseno 25.pdf;NXKLSED001447013B52N00;51941334;10.1.2025
Joutseno 25.pdf;NXKLSED001447013E72N00;51941334;10.1.2025
Joutseno 25.pdf;NXKLSED001447014032N00;51941334;10.1.2025
Joutseno 25.pdf;NXKLSED0014470140E2N00;51941334;10.1.2025
Joutseno 25.pdf;NXKLSED001447014152N00;51941334;10.1.2025
Joutseno 25.pdf;NXKKAED0014440251F2N00;51941334;10.1.2025
Joutseno 25.pdf;NXKKAED001426014FC2N00;51941334;10.1.2025
Joutseno 25.pdf;NXKKAED001426015082N00;51941334;10.1.2025
Joutseno 25.pdf;NXKKAED0014260152D2N00;51941334;10.1.2025
Joutseno 25.pdf;NXKKAED001426015AF2N00;51941334;10.1.2025
Joutseno 25.pdf;NXKKAED001426015B92N00;51941334;10.1.2025
Joutseno 25.pdf;NXKKAED001426015BB2N00;51941334;10.1.2025
Joutseno 25.pdf;NXKKAED001426015C32N00;51941334;10.1.2025
Joutseno 25.pdf;NXKKAED001426015C42N00;51941334;10.1.2025
Joutseno 25.pdf;NXKKAED001426015C52N00;51941334;10.1.2025
Joutseno 25.pdf;NXKKAED001426015D02N00;51941334;10.1.2025
Joutseno 25.pdf;NXKKAED001426015D42N00;51941334;10.1.2025
Joutseno 25.pdf;NXKKAED001426015D72N00;51941334;10.1.2025
Joutseno 25.pdf;NXKKAED001426015D92N00;51941334;10.1.2025
Joutseno 25.pdf;NXKKAED001426015DB2N00;51941334;10.1.2025
Joutseno 25.pdf;NXKKAED001426015E42N00;51941334;10.1.2025
Joutseno 25.pdf;NXKKAED001426015EB2N00;51941334;10.1.2025
Joutseno 25.pdf;NXKKAED001426015F02N00;51941334;10.1.2025
Joutseno 25.pdf;NXKKAED001426015F12N00;51941334;10.1.2025
Joutseno 25.pdf;NXKKAED001426015FB2N00;51941334;10.1.2025
Joutseno 25.pdf;NXKKAED001426016012N00;51941334;10.1.2025
Joutseno 25.pdf;NXKKAED001426016132N00;51941334;10.1.2025
Joutseno 25.pdf;NXKKAED001426016162N00;51941334;10.1.2025
Joutseno 25.pdf;NXKKAED001426016182N00;51941334;10.1.2025
Joutseno 25.pdf;NXKKAED0014260161B2N00;51941334;10.1.2025
Joutseno 25.pdf;NXKKAED001426016252N00;51941334;10.1.2025
Joutseno 25.pdf;NXKKAED001426016292N00;51941334;10.1.2025
Joutseno 25.pdf;NXKKAED00142601D072N00;51941334;10.1.2025
Joutseno 25.pdf;NXKKAED00142601D432N00;51941334;10.1.2025
Joutseno 25.pdf;NXKKAED00142601D462N00;51941334;10.1.2025
Joutseno 25.pdf;NXKKAED00142601D5B2N00;51941334;10.1.2025
Joutseno 25.pdf;NXKKAED00142601D722N00;51941334;10.1.2025
Joutseno 25.pdf;NXKKAED00142601D8B2N00;51941334;10.1.2025
Joutseno 25.pdf;NXKKAED00142601DBD2N00;51941334;10.1.2025
Joutseno 25.pdf;NXKKAED00142601DC72N00;51941334;10.1.2025
Joutseno 25.pdf;NXKKAED00142601DD02N00;51941334;10.1.2025
Joutseno 25.pdf;NXKKAED00142601DD52N00;51941334;10.1.2025
Joutseno 25.pdf;NXKKAED00142601DDC2N00;51941334;10.1.2025
Joutseno 25.pdf;NXKKAED001444024AA2N00;51941334;10.1.2025
Joutseno 25.pdf;NXKKAED001444024AB2N00;51941334;10.1.2025
Joutseno 25.pdf;NXKKAED001444024B02N00;51941334;10.1.2025
Joutseno 25.pdf;NXKKAED001444024B32N00;51941334;10.1.2025
Joutseno 25.pdf;NXKKAED001444024B52N00;51941334;10.1.2025
Joutseno 25.pdf;NXKKAED001444024B62N00;51941334;10.1.2025
Joutseno 25.pdf;NXKKAED001444024B82N00;51941334;10.1.2025
Joutseno 25.pdf;NXKKAED001444024BA2N00;51941334;10.1.2025
Joutseno 25.pdf;NXKKAED001444024BB2N00;51941334;10.1.2025
Joutseno 25.pdf;NXKKAED001444024BC2N00;51941334;10.1.2025
Joutseno 25.pdf;NXKKAED001444024BF2N00;51941334;10.1.2025
Joutseno 25.pdf;NXKKAED001444024C02N00;51941334;10.1.2025
Joutseno 25.pdf;NXKKAED001444024C12N00;51941334;10.1.2025
Joutseno 25.pdf;NXKKAED001444024C42N00;51941334;10.1.2025
Joutseno 25.pdf;NXKKAED001444024C62N00;51941334;10.1.2025
Joutseno 25.pdf;NXKKAED001444024C92N00;51941334;10.1.2025
Joutseno 25.pdf;NXKKAED001444024CA2N00;51941334;10.1.2025
Joutseno 25.pdf;NXKKAED001444024CB2N00;51941334;10.1.2025
Joutseno 25.pdf;NXKKAED001444024D12N00;51941334;10.1.2025
Joutseno 25.pdf;NXKKAED001444024D22N00;51941334;10.1.2025
Joutseno 25.pdf;NXKKAED001444024D32N00;51941334;10.1.2025
Joutseno 25.pdf;NXKKAED001444024D42N00;51941334;10.1.2025
Joutseno 25.pdf;NXKKAED001444024D52N00;51941334;10.1.2025
Joutseno 25.pdf;NXKKAED001444024D62N00;51941334;10.1.2025
Joutseno 25.pdf;NXKKAED001444024D72N00;51941334;10.1.2025
Joutseno 25.pdf;NXKKAED001444024D82N00;51941334;10.1.2025
Joutseno 25.pdf;NXKKAED001444024DA2N00;51941334;10.1.2025
Joutseno 25.pdf;NXKKAED001444024DB2N00;51941334;10.1.2025
Joutseno 25.pdf;NXKKAED001444024DC2N00;51941334;10.1.2025
Joutseno 25.pdf;NXKKAED001444024DD2N00;51941334;10.1.2025
Joutseno 25.pdf;NXKKAED001444024DE2N00;51941334;10.1.2025
Joutseno 25.pdf;NXKKAED001444024DF2N00;51941334;10.1.2025
Joutseno 25.pdf;NXKKAED001444024E12N00;51941334;10.1.2025
Joutseno 25.pdf;NXKKAED001444024E22N00;51941334;10.1.2025
Joutseno 25.pdf;NXKKAED001444024E62N00;51941334;10.1.2025
Joutseno 25.pdf;NXKKAED001444024EB2N00;51941334;10.1.2025
Joutseno 25.pdf;NXKKAED001444024EC2N00;51941334;10.1.2025
Joutseno 25.pdf;NXKKAED001444024ED2N00;51941334;10.1.2025
Joutseno 25.pdf;NXKKAED001444024EE2N00;51941334;10.1.2025
Joutseno 25.pdf;NXKKAED001444024F22N00;51941334;10.1.2025
Joutseno 25.pdf;NXKKAED001444024F32N00;51941334;10.1.2025
Joutseno 25.pdf;NXKKAED001444024F42N00;51941334;10.1.2025
Joutseno 25.pdf;NXKKAED001444024F52N00;51941334;10.1.2025
Joutseno 25.pdf;NXKKAED001444024F62N00;51941334;10.1.2025
Joutseno 25.pdf;NXKKAED001444024F72N00;51941334;10.1.2025
Joutseno 25.pdf;NXKKAED001444024FB2N00;51941334;10.1.2025
Joutseno 25.pdf;NXKKAED001444024FC2N00;51941334;10.1.2025
Joutseno 25.pdf;NXKKAED001444024FD2N00;51941334;10.1.2025
Joutseno 25.pdf;NXKKAED001444025012N00;51941334;10.1.2025
Joutseno 25.pdf;NXKKAED001444025022N00;51941334;10.1.2025
Joutseno 25.pdf;NXKKAED001444025032N00;51941334;10.1.2025
Joutseno 25.pdf;NXKKAED001444025052N00;51941334;10.1.2025
Joutseno 25.pdf;NXKKAED001444025072N00;51941334;10.1.2025
Joutseno 25.pdf;NXKKAED0014440250B2N00;51941334;10.1.2025
Joutseno 25.pdf;NXKKAED0014440250D2N00;51941334;10.1.2025
Joutseno 25.pdf;NXKKAED0014440250F2N00;51941334;10.1.2025
Joutseno 25.pdf;NXKKAED001444025122N00;51941334;10.1.2025
Joutseno 25.pdf;NXKKAED001444025132N00;51941334;10.1.2025
Joutseno 25.pdf;NXKKAED001444025142N00;51941334;10.1.2025
Joutseno 25.pdf;NXKKAED001444025182N00;51941334;10.1.2025
Joutseno 25.pdf;NXKKAED001444025192N00;51941334;10.1.2025
Joutseno 25.pdf;NXKKAED0014440251A2N00;51941334;10.1.2025
Joutseno 25.pdf;NXKKAED0014440251E2N00;51941334;10.1.2025
Simola 25.pdf;NXKLSED001447012042N00;51941277;10.1.2025
Simola 25.pdf;NXKLSED00144700E342N00;51941277;10.1.2025
Simola 25.pdf;NXKLSED001447010EC2N00;51941277;10.1.2025
Simola 25.pdf;NXKLSED001447011702N00;51941277;10.1.2025
Simola 25.pdf;NXKLSED001447011852N00;51941277;10.1.2025
Simola 25.pdf;NXKKAED001426015E82N00;51941277;10.1.2025
Simola 25.pdf;NXKKAED001426015BE2N00;51941277;10.1.2025
Lavola 25.pdf;NXKLSED0014470140B2N00;51943487;15.1.2025
Lavola 25.pdf;NXKLSED00144700E722N00;51943487;15.1.2025
Lavola 25.pdf;NXKLSED0014470105A2N00;51943487;15.1.2025
Lavola 25.pdf;NXKLSED001447010702N00;51943487;15.1.2025
Lavola 25.pdf;NXKLSED001447010872N00;51943487;15.1.2025
Lavola 25.pdf;NXKLSED001447012152N00;51943487;15.1.2025
Lavola 25.pdf;NXKLSED001447012192N00;51943487;15.1.2025
Lavola 25.pdf;NXKLSED0014470121D2N00;51943487;15.1.2025
Lavola 25.pdf;NXKLSED001447012202N00;51943487;15.1.2025
Lavola 25.pdf;NXKLSED001447012242N00;51943487;15.1.2025
Lavola 25.pdf;NXKLSED001447012252N00;51943487;15.1.2025
Lavola 25.pdf;NXKLSED001447012272N00;51943487;15.1.2025
Lavola 25.pdf;NXKLSED001447012292N00;51943487;15.1.2025
Lavola 25.pdf;NXKLSED0014470122C2N00;51943487;15.1.2025
Lavola 25.pdf;NXKLSED0014470122E2N00;51943487;15.1.2025
Lavola 25.pdf;NXKLSED001447012312N00;51943487;15.1.2025
Lavola 25.pdf;NXKLSED001447012322N00;51943487;15.1.2025
Lavola 25.pdf;NXKLSED001447012352N00;51943487;15.1.2025
Lavola 25.pdf;NXKLSED0014470123C2N00;51943487;15.1.2025
Lavola 25.pdf;NXKLSED0014470123E2N00;51943487;15.1.2025
Lavola 25.pdf;NXKLSED0014470123F2N00;51943487;15.1.2025
Lavola 25.pdf;NXKLSED001447012402N00;51943487;15.1.2025
Lavola 25.pdf;NXKLSED001447012492N00;51943487;15.1.2025
Lavola 25.pdf;NXKLSED0014470124E2N00;51943487;15.1.2025
Lavola 25.pdf;NXKLSED001447012512N00;51943487;15.1.2025
Lavola 25.pdf;NXKLSED001447012532N00;51943487;15.1.2025
Lavola 25.pdf;NXKLSED001447012552N00;51943487;15.1.2025
Lavola 25.pdf;NXKLSED0014470125B2N00;51943487;15.1.2025
Lavola 25.pdf;NXKLSED0014470125C2N00;51943487;15.1.2025
Lavola 25.pdf;NXKLSED0014470125D2N00;51943487;15.1.2025
Lavola 25.pdf;NXKLSED001447012602N00;51943487;15.1.2025
Lavola 25.pdf;NXKLSED001447012622N00;51943487;15.1.2025
Lavola 25.pdf;NXKLSED001447012632N00;51943487;15.1.2025
Lavola 25.pdf;NXKLSED001447012642N00;51943487;15.1.2025
Lavola 25.pdf;NXKLSED001447012682N00;51943487;15.1.2025
Lavola 25.pdf;NXKLSED0014470126B2N00;51943487;15.1.2025
Lavola 25.pdf;NXKLSED0014470126C2N00;51943487;15.1.2025
Lavola 25.pdf;NXKLSED0014470126D2N00;51943487;15.1.2025
Lavola 25.pdf;NXKLSED0014470126F2N00;51943487;15.1.2025
Lavola 25.pdf;NXKLSED001447012782N00;51943487;15.1.2025
Lavola 25.pdf;NXKLSED001447012792N00;51943487;15.1.2025
Lavola 25.pdf;NXKLSED001447012802N00;51943487;15.1.2025
Lavola 25.pdf;NXKLSED001447012822N00;51943487;15.1.2025
Lavola 25.pdf;NXKLSED001447012832N00;51943487;15.1.2025
Lavola 25.pdf;NXKLSED001447012842N00;51943487;15.1.2025
Lavola 25.pdf;NXKLSED001447012872N00;51943487;15.1.2025
Lavola 25.pdf;NXKLSED0014470128F2N00;51943487;15.1.2025
Lavola 25.pdf;NXKLSED001447012902N00;51943487;15.1.2025
Lavola 25.pdf;NXKLSED001447012932N00;51943487;15.1.2025
Lavola 25.pdf;NXKLSED0014470129A2N00;51943487;15.1.2025
Lavola 25.pdf;NXKLSED001447012A32N00;51943487;15.1.2025
Lavola 25.pdf;NXKLSED001447012A52N00;51943487;15.1.2025
Lavola 25.pdf;NXKLSED001447012B82N00;51943487;15.1.2025
Lavola 25.pdf;NXKLSED001447012C52N00;51943487;15.1.2025
Lavola 25.pdf;NXKLSED001447012D62N00;51943487;15.1.2025
Lavola 25.pdf;NXKLSED001447012D92N00;51943487;15.1.2025
Lavola 25.pdf;NXKLSED001447012DC2N00;51943487;15.1.2025
Lavola 25.pdf;NXKLSED001447012E02N00;51943487;15.1.2025
Lavola 25.pdf;NXKLSED001447012E12N00;51943487;15.1.2025
Lavola 25.pdf;NXKLSED001447012EC2N00;51943487;15.1.2025
Lavola 25.pdf;NXKLSED001447012ED2N00;51943487;15.1.2025
Lavola 25.pdf;NXKLSED001447012F62N00;51943487;15.1.2025
Lavola 25.pdf;NXKLSED001447013002N00;51943487;15.1.2025
Lavola 25.pdf;NXKLSED001447013082N00;51943487;15.1.2025
Lavola 25.pdf;NXKLSED001447013092N00;51943487;15.1.2025
Lavola 25.pdf;NXKLSED0014470131C2N00;51943487;15.1.2025
Lavola 25.pdf;NXKLSED0014470131F2N00;51943487;15.1.2025
Lavola 25.pdf;NXKLSED001447013262N00;51943487;15.1.2025
Lavola 25.pdf;NXKLSED001447013282N00;51943487;15.1.2025
Lavola 25.pdf;NXKLSED001447013302N00;51943487;15.1.2025
Lavola 25.pdf;NXKLSED0014470133D2N00;51943487;15.1.2025
Lavola 25.pdf;NXKLSED001447013462N00;51943487;15.1.2025
Lavola 25.pdf;NXKLSED0014470134E2N00;51943487;15.1.2025
Lavola 25.pdf;NXKLSED001447013552N00;51943487;15.1.2025
Lavola 25.pdf;NXKLSED001447013602N00;51943487;15.1.2025
Lavola 25.pdf;NXKLSED001447013872N00;51943487;15.1.2025
Lavola 25.pdf;NXKLSED001447013B12N00;51943487;15.1.2025
Lavola 25.pdf;NXKLSED001447013B82N00;51943487;15.1.2025
Lavola 25.pdf;NXKLSED001447013E52N00;51943487;15.1.2025
Lavola 25.pdf;NXKLSED001447013ED2N00;51943487;15.1.2025
Lavola 25.pdf;NXKKAED001444025002N00;51943487;15.1.2025
Lavola 25.pdf;NXKKAED001444024B42N00;51943487;15.1.2025
Lönnrot 25.pdf;NXKLSED001447014BA2N00;51943485;15.1.2025
Lönnrot 25.pdf;NXKLSED00144700DF22N00;51943485;15.1.2025
Lönnrot 25.pdf;NXKLSED00144700DF62N00;51943485;15.1.2025
Lönnrot 25.pdf;NXKLSED00144700DFA2N00;51943485;15.1.2025
Lönnrot 25.pdf;NXKLSED00144700E012N00;51943485;15.1.2025
Lönnrot 25.pdf;NXKLSED00144700E022N00;51943485;15.1.2025
Lönnrot 25.pdf;NXKLSED00144700E052N00;51943485;15.1.2025
Lönnrot 25.pdf;NXKLSED00144700E0A2N00;51943485;15.1.2025
Lönnrot 25.pdf;NXKLSED00144700E152N00;51943485;15.1.2025
Lönnrot 25.pdf;NXKLSED00144700E202N00;51943485;15.1.2025
Lönnrot 25.pdf;NXKLSED00144700E2B2N00;51943485;15.1.2025
Lönnrot 25.pdf;NXKLSED00144700E322N00;51943485;15.1.2025
Lönnrot 25.pdf;NXKLSED00144700E332N00;51943485;15.1.2025
Lönnrot 25.pdf;NXKLSED00144700E3D2N00;51943485;15.1.2025
Lönnrot 25.pdf;NXKLSED00144700E532N00;51943485;15.1.2025
Lönnrot 25.pdf;NXKLSED00144700E5B2N00;51943485;15.1.2025
Lönnrot 25.pdf;NXKLSED00144700E672N00;51943485;15.1.2025
Lönnrot 25.pdf;NXKLSED00144700E822N00;51943485;15.1.2025
Lönnrot 25.pdf;NXKLSED00144700E972N00;51943485;15.1.2025
Lönnrot 25.pdf;NXKLSED00144700E9A2N00;51943485;15.1.2025
Lönnrot 25.pdf;NXKLSED0014470105B2N00;51943485;15.1.2025
Lönnrot 25.pdf;NXKLSED001447010632N00;51943485;15.1.2025
Lönnrot 25.pdf;NXKLSED001447010A02N00;51943485;15.1.2025
Lönnrot 25.pdf;NXKLSED001447010AA2N00;51943485;15.1.2025
Lönnrot 25.pdf;NXKLSED001447010AB2N00;51943485;15.1.2025
Lönnrot 25.pdf;NXKLSED001447010C82N00;51943485;15.1.2025
Lönnrot 25.pdf;NXKLSED001447011062N00;51943485;15.1.2025
Lönnrot 25.pdf;NXKLSED001447011182N00;51943485;15.1.2025
Lönnrot 25.pdf;NXKLSED001447011672N00;51943485;15.1.2025
Lönnrot 25.pdf;NXKLSED001447013342N00;51943485;15.1.2025
Lönnrot 25.pdf;NXKLSED001447013692N00;51943485;15.1.2025
Lönnrot 25.pdf;NXKLSED001447013732N00;51943485;15.1.2025
Lönnrot 25.pdf;NXKLSED001447013772N00;51943485;15.1.2025
Lönnrot 25.pdf;NXKLSED0014470137D2N00;51943485;15.1.2025
Lönnrot 25.pdf;NXKLSED001447013932N00;51943485;15.1.2025
Lönnrot 25.pdf;NXKLSED001447013B02N00;51943485;15.1.2025
Lönnrot 25.pdf;NXKLSED001447013C82N00;51943485;15.1.2025
Lönnrot 25.pdf;NXKLSED001447013D12N00;51943485;15.1.2025
Lönnrot 25.pdf;NXKLSED001447013E22N00;51943485;15.1.2025
Lönnrot 25.pdf;NXKLSED001447013F62N00;51943485;15.1.2025
Lönnrot 25.pdf;NXKLSED001447014002N00;51943485;15.1.2025
Lönnrot 25.pdf;NXKLSED001447014012N00;51943485;15.1.2025
Lönnrot 25.pdf;NXKLSED0014470140A2N00;51943485;15.1.2025
Lönnrot 25.pdf;NXKLSED001447014182N00;51943485;15.1.2025
Lönnrot 25.pdf;NXKLSED001447014202N00;51943485;15.1.2025
Lönnrot 25.pdf;NXKLSED001447014302N00;51943485;15.1.2025
Lönnrot 25.pdf;NXKLSED001447014382N00;51943485;15.1.2025
Lönnrot 25.pdf;NXKLSED0014470143C2N00;51943485;15.1.2025
Lönnrot 25.pdf;NXKLSED0014470143E2N00;51943485;15.1.2025
Lönnrot 25.pdf;NXKLSED001447014602N00;51943485;15.1.2025
Lönnrot 25.pdf;NXKLSED0014470147C2N00;51943485;15.1.2025
Lönnrot 25.pdf;NXKLSED001447014842N00;51943485;15.1.2025
Lönnrot 25.pdf;NXKLSED001447014882N00;51943485;15.1.2025
Lönnrot 25.pdf;NXKLSED0014470149C2N00;51943485;15.1.2025
Lönnrot 25.pdf;NXKLSED001447014AA2N00;51943485;15.1.2025
Korvenkylä 25.pdf;NXKLSED001447014E02N00;51943484;15.1.2025
Korvenkylä 25.pdf;NXKLSED00144700DEE2N00;51943484;15.1.2025
Korvenkylä 25.pdf;NXKLSED00144700DF82N00;51943484;15.1.2025
Korvenkylä 25.pdf;NXKLSED00144700E1E2N00;51943484;15.1.2025
Korvenkylä 25.pdf;NXKLSED00144700E4A2N00;51943484;15.1.2025
Korvenkylä 25.pdf;NXKLSED00144700E5D2N00;51943484;15.1.2025
Korvenkylä 25.pdf;NXKLSED00144700E7B2N00;51943484;15.1.2025
Korvenkylä 25.pdf;NXKLSED00144700E862N00;51943484;15.1.2025
Korvenkylä 25.pdf;NXKLSED001447010822N00;51943484;15.1.2025
Korvenkylä 25.pdf;NXKLSED001447010F92N00;51943484;15.1.2025
Korvenkylä 25.pdf;NXKLSED0014470110C2N00;51943484;15.1.2025
Korvenkylä 25.pdf;NXKLSED001447011A42N00;51943484;15.1.2025
Korvenkylä 25.pdf;NXKLSED001447011D52N00;51943484;15.1.2025
Korvenkylä 25.pdf;NXKLSED0014470122B2N00;51943484;15.1.2025
Korvenkylä 25.pdf;NXKLSED001447012672N00;51943484;15.1.2025
Korvenkylä 25.pdf;NXKLSED001447012742N00;51943484;15.1.2025
Korvenkylä 25.pdf;NXKLSED001447012A72N00;51943484;15.1.2025
Korvenkylä 25.pdf;NXKLSED001447013292N00;51943484;15.1.2025
Korvenkylä 25.pdf;NXKLSED0014470135F2N00;51943484;15.1.2025
Korvenkylä 25.pdf;NXKLSED0014470136A2N00;51943484;15.1.2025
Korvenkylä 25.pdf;NXKLSED001447013712N00;51943484;15.1.2025
Korvenkylä 25.pdf;NXKLSED001447013822N00;51943484;15.1.2025
Korvenkylä 25.pdf;NXKLSED001447013A62N00;51943484;15.1.2025
Korvenkylä 25.pdf;NXKLSED001447013CA2N00;51943484;15.1.2025
Korvenkylä 25.pdf;NXKLSED001447013E32N00;51943484;15.1.2025
Korvenkylä 25.pdf;NXKLSED001447013FA2N00;51943484;15.1.2025
Korvenkylä 25.pdf;NXKLSED001447014092N00;51943484;15.1.2025
Korvenkylä 25.pdf;NXKLSED001447014242N00;51943484;15.1.2025
Korvenkylä 25.pdf;NXKLSED0014470142A2N00;51943484;15.1.2025
Korvenkylä 25.pdf;NXKLSED0014470144C2N00;51943484;15.1.2025
Korvenkylä 25.pdf;NXKLSED001447014562N00;51943484;15.1.2025
Korvenkylä 25.pdf;NXKLSED001447014922N00;51943484;15.1.2025
Korvenkylä 25.pdf;NXKLSED001447014A22N00;51943484;15.1.2025
Korvenkylä 25.pdf;NXKLSED001447014CF2N00;51943484;15.1.2025
Korvenkylä 25.pdf;NXKLSED001447014D42N00;51943484;15.1.2025
Kasukkala 25.pdf;NXKLSED001447014D52N00;51943483;15.1.2025
Kasukkala 25.pdf;NXKLSED00144700E032N00;51943483;15.1.2025
Kasukkala 25.pdf;NXKLSED00144700E172N00;51943483;15.1.2025
Kasukkala 25.pdf;NXKLSED00144700E522N00;51943483;15.1.2025
Kasukkala 25.pdf;NXKLSED00144700E5C2N00;51943483;15.1.2025
Kasukkala 25.pdf;NXKLSED00144700E842N00;51943483;15.1.2025
Kasukkala 25.pdf;NXKLSED00144700E992N00;51943483;15.1.2025
Kasukkala 25.pdf;NXKLSED00144700EA12N00;51943483;15.1.2025
Kasukkala 25.pdf;NXKLSED0014470108B2N00;51943483;15.1.2025
Kasukkala 25.pdf;NXKLSED001447010AC2N00;51943483;15.1.2025
Kasukkala 25.pdf;NXKLSED001447011712N00;51943483;15.1.2025
Kasukkala 25.pdf;NXKLSED001447011FA2N00;51943483;15.1.2025
Kasukkala 25.pdf;NXKLSED0014470135D2N00;51943483;15.1.2025
Kasukkala 25.pdf;NXKLSED001447013B92N00;51943483;15.1.2025
Kasukkala 25.pdf;NXKLSED0014470142F2N00;51943483;15.1.2025
Kasukkala 25.pdf;NXKLSED001447014642N00;51943483;15.1.2025
Kasukkala 25.pdf;NXKLSED001447014672N00;51943483;15.1.2025
Kasukkala 25.pdf;NXKLSED001447014B02N00;51943483;15.1.2025
Kasukkala 25.pdf;NXKLSED001447014C02N00;51943483;15.1.2025
Kasukkala 25.pdf;NXKLSED001447014C42N00;51943483;15.1.2025
Kasukkala 24.pdf;NXA6UED0013270E0067600;51767488;8.1.2024
Kasukkala 24.pdf;NXA6UED0013270DF6F7600;51767488;8.1.2024
Kasukkala 24.pdf;NXA6UED0013270DF727600;51767488;8.1.2024
Kasukkala 24.pdf;NXA6UED0013270DF737600;51767488;8.1.2024
Kasukkala 24.pdf;NXA6UED0013270DF777600;51767488;8.1.2024
Kasukkala 24.pdf;NXA6UED0013270DF7B7600;51767488;8.1.2024
Kasukkala 24.pdf;NXA6UED0013270DF847600;51767488;8.1.2024
Kasukkala 24.pdf;NXA6UED0013270DF8A7600;51767488;8.1.2024
Kasukkala 24.pdf;NXA6UED0013270DF8B7600;51767488;8.1.2024
Kasukkala 24.pdf;NXA6UED0013270DF967600;51767488;8.1.2024
Kasukkala 24.pdf;NXA6UED0013270DF9F7600;51767488;8.1.2024
Kasukkala 24.pdf;NXA6UED0013270DFA87600;51767488;8.1.2024
Kasukkala 24.pdf;NXA6UED0013270DFB87600;51767488;8.1.2024
Kasukkala 24.pdf;NXA6UED0013270DFC07600;51767488;8.1.2024
Kasukkala 24.pdf;NXA6UED0013270DFC67600;51767488;8.1.2024
Kasukkala 24.pdf;NXA6UED0013270DFD57600;51767488;8.1.2024
Kasukkala 24.pdf;NXA6UED0013270DFE47600;51767488;8.1.2024
Kasukkala 24.pdf;NXA6UED0013270DFE67600;51767488;8.1.2024
Kasukkala 24.pdf;NXA6UED0013270DFE87600;51767488;8.1.2024
Kasukkala 24.pdf;NXA6UED0013270DFEA7600;51767488;8.1.2024
Kasukkala 24.pdf;NXA6UED0013270DFF07600;51767488;8.1.2024
Kasukkala 24.pdf;NXA6UED0013270DFF27600;51767488;8.1.2024
Ylämaa 24.pdf;NXA6UED00134708F8A7600;51777437;26.1.2024
Ylämaa 24.pdf;NXA6UED00134708DDC7600;51777437;26.1.2024
Ylämaa 24.pdf;NXA6UED00134708DFF7600;51777437;26.1.2024
Ylämaa 24.pdf;NXA6UED00134708E5C7600;51777437;26.1.2024
Ylämaa 24.pdf;NXA6UED00134708E697600;51777437;26.1.2024
Ylämaa 24.pdf;NXA6UED00134708E757600;51777437;26.1.2024
Ylämaa 24.pdf;NXA6UED00134708E7E7600;51777437;26.1.2024
Ylämaa 24.pdf;NXA6UED00134708E947600;51777437;26.1.2024
Ylämaa 24.pdf;NXA6UED00134708EC27600;51777437;26.1.2024
Ylämaa 24.pdf;NXA6UED00134708F407600;51777437;26.1.2024
Ylämaa 24.pdf;NXA6UED00134708F427600;51777437;26.1.2024
Ylämaa 24.pdf;NXA6UED00134708F547600;51777437;26.1.2024
Ylämaa 24.pdf;NXA6UED00134708F577600;51777437;26.1.2024
Ylämaa 24.pdf;NXA6UED00134708F677600;51777437;26.1.2024
Ylämaa 24.pdf;NXA6UED00134708F6C7600;51777437;26.1.2024
Voisalmi 24.pdf;NXA6UED00134708EC37600;51777436;26.1.2024
Voisalmi 24.pdf;NXA6UED00134708F3A7600;51777436;26.1.2024
Voisalmi 24.pdf;NXA6UED00134708DC87600;51777436;26.1.2024
Voisalmi 24.pdf;NXA6UED00134708DCC7600;51777436;26.1.2024
Voisalmi 24.pdf;NXA6UED00134708DD27600;51777436;26.1.2024
Voisalmi 24.pdf;NXA6UED00134708DE77600;51777436;26.1.2024
Voisalmi 24.pdf;NXA6UED00134708E027600;51777436;26.1.2024
Voisalmi 24.pdf;NXA6UED00134708E037600;51777436;26.1.2024
Voisalmi 24.pdf;NXA6UED00134708E217600;51777436;26.1.2024
Voisalmi 24.pdf;NXA6UED00134708E257600;51777436;26.1.2024
Voisalmi 24.pdf;NXA6UED00134708E497600;51777436;26.1.2024
Voisalmi 24.pdf;NXA6UED00134708E4F7600;51777436;26.1.2024
Voisalmi 24.pdf;NXA6UED00134708E527600;51777436;26.1.2024
Voisalmi 24.pdf;NXA6UED00134708E547600;51777436;26.1.2024
Voisalmi 24.pdf;NXA6UED00134708E6F7600;51777436;26.1.2024
Voisalmi 24.pdf;NXA6UED00134708E777600;51777436;26.1.2024
Voisalmi 24.pdf;NXA6UED00134708E787600;51777436;26.1.2024
Voisalmi 24.pdf;NXA6UED00134708E877600;51777436;26.1.2024
Voisalmi 24.pdf;NXA6UED00134708E897600;51777436;26.1.2024
Voisalmi 24.pdf;NXA6UED00134708E8B7600;51777436;26.1.2024
Voisalmi 24.pdf;NXA6UED00134708E967600;51777436;26.1.2024
Voisalmi 24.pdf;NXA6UED00134708EAC7600;51777436;26.1.2024
Voisalmi 24.pdf;NXA6UED00134708EC87600;51777436;26.1.2024
Voisalmi 24.pdf;NXA6UED00134708ECD7600;51777436;26.1.2024
Voisalmi 24.pdf;NXA6UED00134708ED77600;51777436;26.1.2024
Voisalmi 24.pdf;NXA6UED00134708EDB7600;51777436;26.1.2024
Voisalmi 24.pdf;NXA6UED00134708EE17600;51777436;26.1.2024
Voisalmi 24.pdf;NXA6UED00134708EE57600;51777436;26.1.2024
Voisalmi 24.pdf;NXA6UED00134708EE77600;51777436;26.1.2024
Voisalmi 24.pdf;NXA6UED00134708EEB7600;51777436;26.1.2024
Voisalmi 24.pdf;NXA6UED00134708EF17600;51777436;26.1.2024
Voisalmi 24.pdf;NXA6UED00134708EF57600;51777436;26.1.2024
Voisalmi 24.pdf;NXA6UED00134708EF77600;51777436;26.1.2024
Voisalmi 24.pdf;NXA6UED00134708EFC7600;51777436;26.1.2024
Voisalmi 24.pdf;NXA6UED00134708EFE7600;51777436;26.1.2024
Voisalmi 24.pdf;NXA6UED00134708F097600;51777436;26.1.2024
Voisalmi 24.pdf;NXA6UED00134708F0F7600;51777436;26.1.2024
Voisalmi 24.pdf;NXA6UED00134708F117600;51777436;26.1.2024
Voisalmi 24.pdf;NXA6UED00134708F197600;51777436;26.1.2024
Voisalmi 24.pdf;NXA6UED00134708F207600;51777436;26.1.2024
Voisalmi 24.pdf;NXA6UED00134708F307600;51777436;26.1.2024
Voisalmi 24.pdf;NXA6UED00134708F337600;51777436;26.1.2024
Voisalmi 24.pdf;NXA6UED00134708F347600;51777436;26.1.2024
Voisalmi 24.pdf;NXA6UED00134708F7D7600;51777436;26.1.2024
Voisalmi 24.pdf;NXA6UED00134708F957600;51777436;26.1.2024
Voisalmi 24.pdf;NXA6UED00134708F3C7600;51777436;26.1.2024
Voisalmi 24.pdf;NXA6UED00134708F3E7600;51777436;26.1.2024
Voisalmi 24.pdf;NXA6UED00134708F497600;51777436;26.1.2024
Voisalmi 24.pdf;NXA6UED00134708F4C7600;51777436;26.1.2024
Voisalmi 24.pdf;NXA6UED00134708F4E7600;51777436;26.1.2024
Voisalmi 24.pdf;NXA6UED00134708F4F7600;51777436;26.1.2024
Voisalmi 24.pdf;NXA6UED00134708F527600;51777436;26.1.2024
Voisalmi 24.pdf;NXA6UED00134708F597600;51777436;26.1.2024
Voisalmi 24.pdf;NXA6UED00134708F607600;51777436;26.1.2024
Voisalmi 24.pdf;NXA6UED00134708F627600;51777436;26.1.2024
Voisalmi 24.pdf;NXA6UED00134708F657600;51777436;26.1.2024
Voisalmi 24.pdf;NXA6UED00134708F6B7600;51777436;26.1.2024
Voisalmi 24.pdf;NXA6UED00134708F6F7600;51777436;26.1.2024
Voisalmi 24.pdf;NXA6UED00134708F7A7600;51777436;26.1.2024
Voisalmi 24.pdf;NXA6UED00134708F7E7600;51777436;26.1.2024
Voisalmi 24.pdf;NXA6UED00134708F837600;51777436;26.1.2024
Voisalmi 24.pdf;NXA6UED00134708F847600;51777436;26.1.2024
Voisalmi 24.pdf;NXA6UED00134708F897600;51777436;26.1.2024
Voisalmi 24.pdf;NXA6UED00134708F8C7600;51777436;26.1.2024
Voisalmi 24.pdf;NXA6UED00134708F8F7600;51777436;26.1.2024
Voisalmi 24.pdf;NXA6UED00134708F937600;51777436;26.1.2024
Simola 24.pdf;NXA6UED00134708F667600;51777435;26.1.2024
Simola 24.pdf;NXA6UED00134708DC57600;51777435;26.1.2024
Simola 24.pdf;NXA6UED00134708DD17600;51777435;26.1.2024
Simola 24.pdf;NXA6UED00134708E597600;51777435;26.1.2024
Simola 24.pdf;NXA6UED00134708E737600;51777435;26.1.2024
Simola 24.pdf;NXA6UED00134708EAB7600;51777435;26.1.2024
Simola 24.pdf;NXA6UED00134708EB07600;51777435;26.1.2024
Simola 24.pdf;NXA6UED00134708EE37600;51777435;26.1.2024
Simola 24.pdf;NXA6UED00134708F027600;51777435;26.1.2024
Simola 24.pdf;NXA6UED00134708F417600;51777435;26.1.2024
Pontus 24.pdf;NXA6UED00134708EC67600;51777434;26.1.2024
Pontus 24.pdf;NXA6UED00134708F877600;51777434;26.1.2024
Pontus 24.pdf;NXA6UED00134708DC27600;51777434;26.1.2024
Pontus 24.pdf;NXA6UED00134708DCE7600;51777434;26.1.2024
Pontus 24.pdf;NXA6UED00134708DD67600;51777434;26.1.2024
Pontus 24.pdf;NXA6UED00134708DDF7600;51777434;26.1.2024
Pontus 24.pdf;NXA6UED00134708DE87600;51777434;26.1.2024
Pontus 24.pdf;NXA6UED00134708DEA7600;51777434;26.1.2024
Pontus 24.pdf;NXA6UED00134708DF37600;51777434;26.1.2024
Pontus 24.pdf;NXA6UED00134708DFB7600;51777434;26.1.2024
Pontus 24.pdf;NXA6UED00134708E067600;51777434;26.1.2024
Pontus 24.pdf;NXA6UED00134708E077600;51777434;26.1.2024
Pontus 24.pdf;NXA6UED00134708E0A7600;51777434;26.1.2024
Pontus 24.pdf;NXA6UED00134708E147600;51777434;26.1.2024
Pontus 24.pdf;NXA6UED00134708E1B7600;51777434;26.1.2024
Pontus 24.pdf;NXA6UED00134708E1F7600;51777434;26.1.2024
Pontus 24.pdf;NXA6UED00134708E237600;51777434;26.1.2024
Pontus 24.pdf;NXA6UED00134708E317600;51777434;26.1.2024
Pontus 24.pdf;NXA6UED00134708E3C7600;51777434;26.1.2024
Pontus 24.pdf;NXA6UED00134708E3F7600;51777434;26.1.2024
Pontus 24.pdf;NXA6UED00134708E437600;51777434;26.1.2024
Pontus 24.pdf;NXA6UED00134708E577600;51777434;26.1.2024
Pontus 24.pdf;NXA6UED00134708E607600;51777434;26.1.2024
Pontus 24.pdf;NXA6UED00134708E617600;51777434;26.1.2024
Pontus 24.pdf;NXA6UED00134708E637600;51777434;26.1.2024
Pontus 24.pdf;NXA6UED00134708E6B7600;51777434;26.1.2024
Pontus 24.pdf;NXA6UED00134708E6D7600;51777434;26.1.2024
Pontus 24.pdf;NXA6UED00134708E6E7600;51777434;26.1.2024
Pontus 24.pdf;NXA6UED00134708E7C7600;51777434;26.1.2024
Pontus 24.pdf;NXA6UED00134708E7F7600;51777434;26.1.2024
Pontus 24.pdf;NXA6UED00134708E837600;51777434;26.1.2024
Pontus 24.pdf;NXA6UED00134708E857600;51777434;26.1.2024
Pontus 24.pdf;NXA6UED00134708E887600;51777434;26.1.2024
Pontus 24.pdf;NXA6UED00134708E8A7600;51777434;26.1.2024
Pontus 24.pdf;NXA6UED00134708E917600;51777434;26.1.2024
Pontus 24.pdf;NXA6UED00134708E927600;51777434;26.1.2024
Pontus 24.pdf;NXA6UED00134708E987600;51777434;26.1.2024
Pontus 24.pdf;NXA6UED00134708E997600;51777434;26.1.2024
Pontus 24.pdf;NXA6UED00134708E9B7600;51777434;26.1.2024
Pontus 24.pdf;NXA6UED00134708E9C7600;51777434;26.1.2024
Pontus 24.pdf;NXA6UED00134708EA07600;51777434;26.1.2024
Pontus 24.pdf;NXA6UED00134708EA27600;51777434;26.1.2024
Pontus 24.pdf;NXA6UED00134708EAA7600;51777434;26.1.2024
Pontus 24.pdf;NXA6UED00134708EB47600;51777434;26.1.2024
Pontus 24.pdf;NXA6UED00134708EB77600;51777434;26.1.2024
Pontus 24.pdf;NXA6UED00134708EBC7600;51777434;26.1.2024
Pontus 24.pdf;NXA6UED00134708EBD7600;51777434;26.1.2024
Pontus 24.pdf;NXA6UED00134708EBE7600;51777434;26.1.2024
Pontus 24.pdf;NXA6UED00134708EC07600;51777434;26.1.2024
Pontus 24.pdf;NXA6UED00134708EC17600;51777434;26.1.2024
Pontus 24.pdf;NXA6UED00134708EC97600;51777434;26.1.2024
Pontus 24.pdf;NXA6UED00134708ECC7600;51777434;26.1.2024
Pontus 24.pdf;NXA6UED00134708ED17600;51777434;26.1.2024
Pontus 24.pdf;NXA6UED00134708ED47600;51777434;26.1.2024
Pontus 24.pdf;NXA6UED00134708ED97600;51777434;26.1.2024
Pontus 24.pdf;NXA6UED00134708EDD7600;51777434;26.1.2024
Pontus 24.pdf;NXA6UED00134708EE47600;51777434;26.1.2024
Pontus 24.pdf;NXA6UED00134708EE87600;51777434;26.1.2024
Pontus 24.pdf;NXA6UED00134708EE97600;51777434;26.1.2024
Pontus 24.pdf;NXA6UED00134708EED7600;51777434;26.1.2024
Pontus 24.pdf;NXA6UED00134708EEF7600;51777434;26.1.2024
Pontus 24.pdf;NXA6UED00134708EFD7600;51777434;26.1.2024
Pontus 24.pdf;NXA6UED00134708F0C7600;51777434;26.1.2024
Pontus 24.pdf;NXA6UED00134708F137600;51777434;26.1.2024
Pontus 24.pdf;NXA6UED00134708F247600;51777434;26.1.2024
Pontus 24.pdf;NXA6UED00134708F457600;51777434;26.1.2024
Pontus 24.pdf;NXA6UED00134708F467600;51777434;26.1.2024
Pontus 24.pdf;NXA6UED00134708F4A7600;51777434;26.1.2024
Pontus 24.pdf;NXA6UED00134708F4D7600;51777434;26.1.2024
Pontus 24.pdf;NXA6UED00134708F517600;51777434;26.1.2024
Pontus 24.pdf;NXA6UED00134708F5B7600;51777434;26.1.2024
Pontus 24.pdf;NXA6UED00134708F5F7600;51777434;26.1.2024
Pontus 24.pdf;NXA6UED00134708F617600;51777434;26.1.2024
Pontus 24.pdf;NXA6UED00134708F727600;51777434;26.1.2024
Pontus 24.pdf;NXA6UED00134708F887600;51777434;26.1.2024
Pontus 24.pdf;NXA6UED00134708F8E7600;51777434;26.1.2024
Pontus 24.pdf;NXA6UED00134708F917600;51777434;26.1.2024
Pontus 24.pdf;NXA6UED00134708F927600;51777434;26.1.2024
Pontus 24.pdf;NXA6UED00134708F967600;51777434;26.1.2024
Nuijamaa 24.pdf;NXA6UED00134708F687600;51777433;26.1.2024
Nuijamaa 24.pdf;NXA6UED00134708E307600;51777433;26.1.2024
Nuijamaa 24.pdf;NXA6UED00134708E707600;51777433;26.1.2024
Nuijamaa 24.pdf;NXA6UED00134708E8E7600;51777433;26.1.2024
Nuijamaa 24.pdf;NXA6UED00134708EDF7600;51777433;26.1.2024
Nuijamaa 24.pdf;NXA6UED00134708EE67600;51777433;26.1.2024
Nuijamaa 24.pdf;NXA6UED00134708F3B7600;51777433;26.1.2024
Nuijamaa 24.pdf;NXA6UED00134708F4B7600;51777433;26.1.2024
Nuijamaa 24.pdf;NXA6UED00134708F537600;51777433;26.1.2024
Nuijamaa 24.pdf;NXA6UED00134708F557600;51777433;26.1.2024
Nuijamaa 24.pdf;NXA6UED00134708F5A7600;51777433;26.1.2024
Nuijamaa 24.pdf;NXA6UED00134708F647600;51777433;26.1.2024
Kaukaa 24.pdf;NXA6UED00134708DF47600;51777432;8.1.2024
Kaukaa 24.pdf;NXA6UED00134708F947600;51777432;8.1.2024
Kaukaa 24.pdf;NXA6UED00134708DB87600;51777432;8.1.2024
Kaukaa 24.pdf;NXA6UED00134708DD07600;51777432;8.1.2024
Kaukaa 24.pdf;NXA6UED00134708E1D7600;51777432;8.1.2024
Kaukaa 24.pdf;NXA6UED00134708E357600;51777432;8.1.2024
Kaukaa 24.pdf;NXA6UED00134708E5A7600;51777432;8.1.2024
Kaukaa 24.pdf;NXA6UED00134708E6C7600;51777432;8.1.2024
Kaukaa 24.pdf;NXA6UED00134708E747600;51777432;8.1.2024
Kaukaa 24.pdf;NXA6UED00134708E797600;51777432;8.1.2024
Kaukaa 24.pdf;NXA6UED00134708EAF7600;51777432;8.1.2024
Kaukaa 24.pdf;NXA6UED00134708EB67600;51777432;8.1.2024
Kaukaa 24.pdf;NXA6UED00134708ED37600;51777432;8.1.2024
Kaukaa 24.pdf;NXA6UED00134708ED67600;51777432;8.1.2024
Kaukaa 24.pdf;NXA6UED00134708EDA7600;51777432;8.1.2024
Kaukaa 24.pdf;NXA6UED00134708EE27600;51777432;8.1.2024
Kaukaa 24.pdf;NXA6UED00134708F127600;51777432;8.1.2024
Kaukaa 24.pdf;NXA6UED00134708F437600;51777432;8.1.2024
Kaukaa 24.pdf;NXA6UED00134708F447600;51777432;8.1.2024
Kaukaa 24.pdf;NXA6UED00134708F5C7600;51777432;8.1.2024
Myllymäki 24.pdf;NXA6UED00134708DEF7600;51777381;26.1.2024
Myllymäki 24.pdf;NXA6UED00134708DB97600;51777381;26.1.2024
Myllymäki 24.pdf;NXA6UED00134708DBA7600;51777381;26.1.2024
Myllymäki 24.pdf;NXA6UED00134708DBC7600;51777381;26.1.2024
Myllymäki 24.pdf;NXA6UED00134708DBF7600;51777381;26.1.2024
Myllymäki 24.pdf;NXA6UED00134708DC47600;51777381;26.1.2024
Myllymäki 24.pdf;NXA6UED00134708DC67600;51777381;26.1.2024
Myllymäki 24.pdf;NXA6UED00134708DC97600;51777381;26.1.2024
Myllymäki 24.pdf;NXA6UED00134708DCA7600;51777381;26.1.2024
Myllymäki 24.pdf;NXA6UED00134708DCD7600;51777381;26.1.2024
Myllymäki 24.pdf;NXA6UED00134708DD37600;51777381;26.1.2024
Myllymäki 24.pdf;NXA6UED00134708DD47600;51777381;26.1.2024
Myllymäki 24.pdf;NXA6UED00134708DD57600;51777381;26.1.2024
Myllymäki 24.pdf;NXA6UED00134708DD77600;51777381;26.1.2024
Myllymäki 24.pdf;NXA6UED00134708DDA7600;51777381;26.1.2024
Myllymäki 24.pdf;NXA6UED00134708DDB7600;51777381;26.1.2024
Myllymäki 24.pdf;NXA6UED00134708DDD7600;51777381;26.1.2024
Myllymäki 24.pdf;NXA6UED00134708DED7600;51777381;26.1.2024
Myllymäki 24.pdf;NXA6UED00134708F907600;51777381;26.1.2024
Myllymäki 24.pdf;NXA6UED00134708DF57600;51777381;26.1.2024
Myllymäki 24.pdf;NXA6UED00134708DF67600;51777381;26.1.2024
Myllymäki 24.pdf;NXA6UED00134708DFA7600;51777381;26.1.2024
Myllymäki 24.pdf;NXA6UED00134708DFE7600;51777381;26.1.2024
Myllymäki 24.pdf;NXA6UED00134708E017600;51777381;26.1.2024
Myllymäki 24.pdf;NXA6UED00134708E1A7600;51777381;26.1.2024
Myllymäki 24.pdf;NXA6UED00134708E1E7600;51777381;26.1.2024
Myllymäki 24.pdf;NXA6UED00134708E2D7600;51777381;26.1.2024
Myllymäki 24.pdf;NXA6UED00134708E2F7600;51777381;26.1.2024
Myllymäki 24.pdf;NXA6UED00134708E387600;51777381;26.1.2024
Myllymäki 24.pdf;NXA6UED00134708E397600;51777381;26.1.2024
Myllymäki 24.pdf;NXA6UED00134708E3E7600;51777381;26.1.2024
Myllymäki 24.pdf;NXA6UED00134708E427600;51777381;26.1.2024
Myllymäki 24.pdf;NXA6UED00134708E467600;51777381;26.1.2024
Myllymäki 24.pdf;NXA6UED00134708E4B7600;51777381;26.1.2024
Myllymäki 24.pdf;NXA6UED00134708E4E7600;51777381;26.1.2024
Myllymäki 24.pdf;NXA6UED00134708E5E7600;51777381;26.1.2024
Myllymäki 24.pdf;NXA6UED00134708E5F7600;51777381;26.1.2024
Myllymäki 24.pdf;NXA6UED00134708E627600;51777381;26.1.2024
Myllymäki 24.pdf;NXA6UED00134708E647600;51777381;26.1.2024
Myllymäki 24.pdf;NXA6UED00134708E727600;51777381;26.1.2024
Myllymäki 24.pdf;NXA6UED00134708E767600;51777381;26.1.2024
Myllymäki 24.pdf;NXA6UED00134708E7B7600;51777381;26.1.2024
Myllymäki 24.pdf;NXA6UED00134708E817600;51777381;26.1.2024
Myllymäki 24.pdf;NXA6UED00134708E827600;51777381;26.1.2024
Myllymäki 24.pdf;NXA6UED00134708E847600;51777381;26.1.2024
Myllymäki 24.pdf;NXA6UED00134708E867600;51777381;26.1.2024
Myllymäki 24.pdf;NXA6UED00134708E8C7600;51777381;26.1.2024
Myllymäki 24.pdf;NXA6UED00134708E8D7600;51777381;26.1.2024
Myllymäki 24.pdf;NXA6UED00134708E907600;51777381;26.1.2024
Myllymäki 24.pdf;NXA6UED00134708E937600;51777381;26.1.2024
Myllymäki 24.pdf;NXA6UED00134708E977600;51777381;26.1.2024
Myllymäki 24.pdf;NXA6UED00134708E9A7600;51777381;26.1.2024
Myllymäki 24.pdf;NXA6UED00134708EA57600;51777381;26.1.2024
Myllymäki 24.pdf;NXA6UED00134708EA67600;51777381;26.1.2024
Myllymäki 24.pdf;NXA6UED00134708EA97600;51777381;26.1.2024
Myllymäki 24.pdf;NXA6UED00134708EB27600;51777381;26.1.2024
Myllymäki 24.pdf;NXA6UED00134708EBB7600;51777381;26.1.2024
Myllymäki 24.pdf;NXA6UED00134708EBF7600;51777381;26.1.2024
Myllymäki 24.pdf;NXA6UED00134708EC57600;51777381;26.1.2024
Myllymäki 24.pdf;NXA6UED00134708ECB7600;51777381;26.1.2024
Myllymäki 24.pdf;NXA6UED00134708ED07600;51777381;26.1.2024
Myllymäki 24.pdf;NXA6UED00134708ED57600;51777381;26.1.2024
Myllymäki 24.pdf;NXA6UED00134708EDC7600;51777381;26.1.2024
Myllymäki 24.pdf;NXA6UED00134708EE07600;51777381;26.1.2024
Myllymäki 24.pdf;NXA6UED00134708EEA7600;51777381;26.1.2024
Myllymäki 24.pdf;NXA6UED00134708EEC7600;51777381;26.1.2024
Myllymäki 24.pdf;NXA6UED00134708EEE7600;51777381;26.1.2024
Myllymäki 24.pdf;NXA6UED00134708EF07600;51777381;26.1.2024
Myllymäki 24.pdf;NXA6UED00134708EF27600;51777381;26.1.2024
Myllymäki 24.pdf;NXA6UED00134708EF37600;51777381;26.1.2024
Myllymäki 24.pdf;NXA6UED00134708EF47600;51777381;26.1.2024
Myllymäki 24.pdf;NXA6UED00134708EF67600;51777381;26.1.2024
Myllymäki 24.pdf;NXA6UED00134708EF87600;51777381;26.1.2024
Myllymäki 24.pdf;NXA6UED00134708EFB7600;51777381;26.1.2024
Myllymäki 24.pdf;NXA6UED00134708EFF7600;51777381;26.1.2024
Myllymäki 24.pdf;NXA6UED00134708F007600;51777381;26.1.2024
Myllymäki 24.pdf;NXA6UED00134708F017600;51777381;26.1.2024
Myllymäki 24.pdf;NXA6UED00134708F037600;51777381;26.1.2024
Myllymäki 24.pdf;NXA6UED00134708F047600;51777381;26.1.2024
Myllymäki 24.pdf;NXA6UED00134708F057600;51777381;26.1.2024
Myllymäki 24.pdf;NXA6UED00134708F067600;51777381;26.1.2024
Myllymäki 24.pdf;NXA6UED00134708F087600;51777381;26.1.2024
Myllymäki 24.pdf;NXA6UED00134708F0A7600;51777381;26.1.2024
Myllymäki 24.pdf;NXA6UED00134708F0B7600;51777381;26.1.2024
Myllymäki 24.pdf;NXA6UED00134708F0D7600;51777381;26.1.2024
Myllymäki 24.pdf;NXA6UED00134708F0E7600;51777381;26.1.2024
Myllymäki 24.pdf;NXA6UED00134708F107600;51777381;26.1.2024
Myllymäki 24.pdf;NXA6UED00134708F147600;51777381;26.1.2024
Myllymäki 24.pdf;NXA6UED00134708F157600;51777381;26.1.2024
Myllymäki 24.pdf;NXA6UED00134708F167600;51777381;26.1.2024
Myllymäki 24.pdf;NXA6UED00134708F177600;51777381;26.1.2024
Myllymäki 24.pdf;NXA6UED00134708F187600;51777381;26.1.2024
Myllymäki 24.pdf;NXA6UED00134708F1A7600;51777381;26.1.2024
Myllymäki 24.pdf;NXA6UED00134708F1B7600;51777381;26.1.2024
Myllymäki 24.pdf;NXA6UED00134708F1C7600;51777381;26.1.2024
Myllymäki 24.pdf;NXA6UED00134708F1D7600;51777381;26.1.2024
Myllymäki 24.pdf;NXA6UED00134708F1E7600;51777381;26.1.2024
Myllymäki 24.pdf;NXA6UED00134708F1F7600;51777381;26.1.2024
Myllymäki 24.pdf;NXA6UED00134708F217600;51777381;26.1.2024
Myllymäki 24.pdf;NXA6UED00134708F227600;51777381;26.1.2024
Myllymäki 24.pdf;NXA6UED00134708F237600;51777381;26.1.2024
Myllymäki 24.pdf;NXA6UED00134708F267600;51777381;26.1.2024
Myllymäki 24.pdf;NXA6UED00134708F277600;51777381;26.1.2024
Myllymäki 24.pdf;NXA6UED00134708F287600;51777381;26.1.2024
Myllymäki 24.pdf;NXA6UED00134708F297600;51777381;26.1.2024
Myllymäki 24.pdf;NXA6UED00134708F2A7600;51777381;26.1.2024
Myllymäki 24.pdf;NXA6UED00134708F2B7600;51777381;26.1.2024
Myllymäki 24.pdf;NXA6UED00134708F2C7600;51777381;26.1.2024
Myllymäki 24.pdf;NXA6UED00134708F2D7600;51777381;26.1.2024
Myllymäki 24.pdf;NXA6UED00134708F2E7600;51777381;26.1.2024
Myllymäki 24.pdf;NXA6UED00134708F317600;51777381;26.1.2024
Myllymäki 24.pdf;NXA6UED00134708F387600;51777381;26.1.2024
Myllymäki 24.pdf;NXA6UED00134708F397600;51777381;26.1.2024
Myllymäki 24.pdf;NXA6UED00134708F3D7600;51777381;26.1.2024
Myllymäki 24.pdf;NXA6UED00134708F3F7600;51777381;26.1.2024
Myllymäki 24.pdf;NXA6UED00134708F477600;51777381;26.1.2024
Myllymäki 24.pdf;NXA6UED00134708F487600;51777381;26.1.2024
Myllymäki 24.pdf;NXA6UED00134708F507600;51777381;26.1.2024
Myllymäki 24.pdf;NXA6UED00134708F567600;51777381;26.1.2024
Myllymäki 24.pdf;NXA6UED00134708F587600;51777381;26.1.2024
Myllymäki 24.pdf;NXA6UED00134708F5D7600;51777381;26.1.2024
Myllymäki 24.pdf;NXA6UED00134708F6A7600;51777381;26.1.2024
Myllymäki 24.pdf;NXA6UED00134708F6D7600;51777381;26.1.2024
Myllymäki 24.pdf;NXA6UED00134708F717600;51777381;26.1.2024
Myllymäki 24.pdf;NXA6UED00134708F737600;51777381;26.1.2024
Myllymäki 24.pdf;NXA6UED00134708F747600;51777381;26.1.2024
Myllymäki 24.pdf;NXA6UED00134708F757600;51777381;26.1.2024
Myllymäki 24.pdf;NXA6UED00134708F767600;51777381;26.1.2024
Myllymäki 24.pdf;NXA6UED00134708F777600;51777381;26.1.2024
Myllymäki 24.pdf;NXA6UED00134708F787600;51777381;26.1.2024
Myllymäki 24.pdf;NXA6UED00134708F797600;51777381;26.1.2024
Myllymäki 24.pdf;NXA6UED00134708F7B7600;51777381;26.1.2024
Myllymäki 24.pdf;NXA6UED00134708F7C7600;51777381;26.1.2024
Myllymäki 24.pdf;NXA6UED00134708F7F7600;51777381;26.1.2024
Myllymäki 24.pdf;NXA6UED00134708F807600;51777381;26.1.2024
Myllymäki 24.pdf;NXA6UED00134708F817600;51777381;26.1.2024
Myllymäki 24.pdf;NXA6UED00134708F827600;51777381;26.1.2024
Joutseno 24.pdf;NXA6UED00134708DF27600;51777380;26.1.2024
Joutseno 24.pdf;NXA6UED00134708DBB7600;51777380;26.1.2024
Joutseno 24.pdf;NXA6UED00134708DBD7600;51777380;26.1.2024
Joutseno 24.pdf;NXA6UED00134708DBE7600;51777380;26.1.2024
Joutseno 24.pdf;NXA6UED00134708DC07600;51777380;26.1.2024
Joutseno 24.pdf;NXA6UED00134708DC17600;51777380;26.1.2024
Joutseno 24.pdf;NXA6UED00134708DC37600;51777380;26.1.2024
Joutseno 24.pdf;NXA6UED00134708DC77600;51777380;26.1.2024
Joutseno 24.pdf;NXA6UED00134708DCB7600;51777380;26.1.2024
Joutseno 24.pdf;NXA6UED00134708DCF7600;51777380;26.1.2024
Joutseno 24.pdf;NXA6UED00134708DD87600;51777380;26.1.2024
Joutseno 24.pdf;NXA6UED00134708DD97600;51777380;26.1.2024
Joutseno 24.pdf;NXA6UED00134708DDE7600;51777380;26.1.2024
Joutseno 24.pdf;NXA6UED00134708DE07600;51777380;26.1.2024
Joutseno 24.pdf;NXA6UED00134708DE17600;51777380;26.1.2024
Joutseno 24.pdf;NXA6UED00134708DE27600;51777380;26.1.2024
Joutseno 24.pdf;NXA6UED00134708DE37600;51777380;26.1.2024
Joutseno 24.pdf;NXA6UED00134708DE47600;51777380;26.1.2024
Joutseno 24.pdf;NXA6UED00134708DE57600;51777380;26.1.2024
Joutseno 24.pdf;NXA6UED00134708DE67600;51777380;26.1.2024
Joutseno 24.pdf;NXA6UED00134708DE97600;51777380;26.1.2024
Joutseno 24.pdf;NXA6UED00134708DEB7600;51777380;26.1.2024
Joutseno 24.pdf;NXA6UED00134708DEC7600;51777380;26.1.2024
Joutseno 24.pdf;NXA6UED00134708DEE7600;51777380;26.1.2024
Joutseno 24.pdf;NXA6UED00134708DF07600;51777380;26.1.2024
Joutseno 24.pdf;NXA6UED00134708DF17600;51777380;26.1.2024
Joutseno 24.pdf;NXA6UED00134708E1C7600;51777380;26.1.2024
Joutseno 24.pdf;NXA6UED00134708E4C7600;51777380;26.1.2024
Joutseno 24.pdf;NXA6UED00134708E657600;51777380;26.1.2024
Joutseno 24.pdf;NXA6UED00134708E677600;51777380;26.1.2024
Joutseno 24.pdf;NXA6UED00134708E717600;51777380;26.1.2024
Joutseno 24.pdf;NXA6UED00134708EA37600;51777380;26.1.2024
Joutseno 24.pdf;NXA6UED00134708EB97600;51777380;26.1.2024
Joutseno 24.pdf;NXA6UED00134708EDE7600;51777380;26.1.2024
Joutseno 24.pdf;NXA6UED00134708DF77600;51777380;26.1.2024
Joutseno 24.pdf;NXA6UED00134708DF87600;51777380;26.1.2024
Joutseno 24.pdf;NXA6UED00134708DF97600;51777380;26.1.2024
Joutseno 24.pdf;NXA6UED00134708DFC7600;51777380;26.1.2024
Joutseno 24.pdf;NXA6UED00134708DFD7600;51777380;26.1.2024
Joutseno 24.pdf;NXA6UED00134708E007600;51777380;26.1.2024
Joutseno 24.pdf;NXA6UED00134708E047600;51777380;26.1.2024
Joutseno 24.pdf;NXA6UED00134708E057600;51777380;26.1.2024
Joutseno 24.pdf;NXA6UED00134708E087600;51777380;26.1.2024
Joutseno 24.pdf;NXA6UED00134708E097600;51777380;26.1.2024
Joutseno 24.pdf;NXA6UED00134708E0B7600;51777380;26.1.2024
Joutseno 24.pdf;NXA6UED00134708E0C7600;51777380;26.1.2024
Joutseno 24.pdf;NXA6UED00134708E0D7600;51777380;26.1.2024
Joutseno 24.pdf;NXA6UED00134708E0E7600;51777380;26.1.2024
Joutseno 24.pdf;NXA6UED00134708E0F7600;51777380;26.1.2024
Joutseno 24.pdf;NXA6UED00134708E107600;51777380;26.1.2024
Joutseno 24.pdf;NXA6UED00134708E117600;51777380;26.1.2024
Joutseno 24.pdf;NXA6UED00134708E127600;51777380;26.1.2024
Joutseno 24.pdf;NXA6UED00134708E137600;51777380;26.1.2024
Joutseno 24.pdf;NXA6UED00134708E157600;51777380;26.1.2024
Joutseno 24.pdf;NXA6UED00134708E167600;51777380;26.1.2024
Joutseno 24.pdf;NXA6UED00134708E177600;51777380;26.1.2024
Joutseno 24.pdf;NXA6UED00134708E187600;51777380;26.1.2024
Joutseno 24.pdf;NXA6UED00134708E197600;51777380;26.1.2024
Joutseno 24.pdf;NXA6UED00134708E207600;51777380;26.1.2024
Joutseno 24.pdf;NXA6UED00134708E227600;51777380;26.1.2024
Joutseno 24.pdf;NXA6UED00134708E247600;51777380;26.1.2024
Joutseno 24.pdf;NXA6UED00134708E267600;51777380;26.1.2024
Joutseno 24.pdf;NXA6UED00134708E277600;51777380;26.1.2024
Joutseno 24.pdf;NXA6UED00134708E287600;51777380;26.1.2024
Joutseno 24.pdf;NXA6UED00134708E297600;51777380;26.1.2024
Joutseno 24.pdf;NXA6UED00134708E2A7600;51777380;26.1.2024
Joutseno 24.pdf;NXA6UED00134708E2B7600;51777380;26.1.2024
Joutseno 24.pdf;NXA6UED00134708E2C7600;51777380;26.1.2024
Joutseno 24.pdf;NXA6UED00134708E2E7600;51777380;26.1.2024
Joutseno 24.pdf;NXA6UED00134708E327600;51777380;26.1.2024
Joutseno 24.pdf;NXA6UED00134708E337600;51777380;26.1.2024
Joutseno 24.pdf;NXA6UED00134708E347600;51777380;26.1.2024
Joutseno 24.pdf;NXA6UED00134708E367600;51777380;26.1.2024
Joutseno 24.pdf;NXA6UED00134708E377600;51777380;26.1.2024
Joutseno 24.pdf;NXA6UED00134708E3A7600;51777380;26.1.2024
Joutseno 24.pdf;NXA6UED00134708E3B7600;51777380;26.1.2024
Joutseno 24.pdf;NXA6UED00134708E3D7600;51777380;26.1.2024
Joutseno 24.pdf;NXA6UED00134708E407600;51777380;26.1.2024
Joutseno 24.pdf;NXA6UED00134708E417600;51777380;26.1.2024
Joutseno 24.pdf;NXA6UED00134708E447600;51777380;26.1.2024
Joutseno 24.pdf;NXA6UED00134708E457600;51777380;26.1.2024
Joutseno 24.pdf;NXA6UED00134708E477600;51777380;26.1.2024
Joutseno 24.pdf;NXA6UED00134708E487600;51777380;26.1.2024
Joutseno 24.pdf;NXA6UED00134708E4A7600;51777380;26.1.2024
Joutseno 24.pdf;NXA6UED00134708E4D7600;51777380;26.1.2024
Joutseno 24.pdf;NXA6UED00134708E507600;51777380;26.1.2024
Joutseno 24.pdf;NXA6UED00134708E517600;51777380;26.1.2024
Joutseno 24.pdf;NXA6UED00134708E537600;51777380;26.1.2024
Joutseno 24.pdf;NXA6UED00134708E557600;51777380;26.1.2024
Joutseno 24.pdf;NXA6UED00134708E567600;51777380;26.1.2024
Joutseno 24.pdf;NXA6UED00134708E587600;51777380;26.1.2024
Joutseno 24.pdf;NXA6UED00134708E5B7600;51777380;26.1.2024
Joutseno 24.pdf;NXA6UED00134708E5D7600;51777380;26.1.2024
Joutseno 24.pdf;NXA6UED00134708E667600;51777380;26.1.2024
Joutseno 24.pdf;NXA6UED00134708E687600;51777380;26.1.2024
Joutseno 24.pdf;NXA6UED00134708E6A7600;51777380;26.1.2024
Joutseno 24.pdf;NXA6UED00134708E7A7600;51777380;26.1.2024
Joutseno 24.pdf;NXA6UED00134708E7D7600;51777380;26.1.2024
Joutseno 24.pdf;NXA6UED00134708E807600;51777380;26.1.2024
Joutseno 24.pdf;NXA6UED00134708E8F7600;51777380;26.1.2024
Joutseno 24.pdf;NXA6UED00134708E957600;51777380;26.1.2024
Joutseno 24.pdf;NXA6UED00134708E9D7600;51777380;26.1.2024
Joutseno 24.pdf;NXA6UED00134708E9E7600;51777380;26.1.2024
Joutseno 24.pdf;NXA6UED00134708E9F7600;51777380;26.1.2024
Joutseno 24.pdf;NXA6UED00134708EA17600;51777380;26.1.2024
Joutseno 24.pdf;NXA6UED00134708EA47600;51777380;26.1.2024
Joutseno 24.pdf;NXA6UED00134708EA77600;51777380;26.1.2024
Joutseno 24.pdf;NXA6UED00134708EA87600;51777380;26.1.2024
Joutseno 24.pdf;NXA6UED00134708EAD7600;51777380;26.1.2024
Joutseno 24.pdf;NXA6UED00134708EAE7600;51777380;26.1.2024
Joutseno 24.pdf;NXA6UED00134708EB17600;51777380;26.1.2024
Joutseno 24.pdf;NXA6UED00134708EB37600;51777380;26.1.2024
Joutseno 24.pdf;NXA6UED00134708EB57600;51777380;26.1.2024
Joutseno 24.pdf;NXA6UED00134708EB87600;51777380;26.1.2024
Joutseno 24.pdf;NXA6UED00134708EBA7600;51777380;26.1.2024
Joutseno 24.pdf;NXA6UED00134708EC47600;51777380;26.1.2024
Joutseno 24.pdf;NXA6UED00134708EC77600;51777380;26.1.2024
Joutseno 24.pdf;NXA6UED00134708ECA7600;51777380;26.1.2024
Joutseno 24.pdf;NXA6UED00134708ECE7600;51777380;26.1.2024
Joutseno 24.pdf;NXA6UED00134708ECF7600;51777380;26.1.2024
Joutseno 24.pdf;NXA6UED00134708ED27600;51777380;26.1.2024
Joutseno 24.pdf;NXA6UED00134708ED87600;51777380;26.1.2024
Joutseno 24.pdf;NXA6UED00134708F257600;51777380;26.1.2024
Joutseno 24.pdf;NXA6UED00134708EF97600;51777380;26.1.2024
Joutseno 24.pdf;NXA6UED00134708EFA7600;51777380;26.1.2024
Joutseno 24.pdf;NXA6UED00134708F077600;51777380;26.1.2024
Joutseno 24.pdf;NXA6UED00134708F707600;51777380;26.1.2024
Joutseno 24.pdf;NXA6UED00134708F2F7600;51777380;26.1.2024
Joutseno 24.pdf;NXA6UED00134708F327600;51777380;26.1.2024
Joutseno 24.pdf;NXA6UED00134708F357600;51777380;26.1.2024
Joutseno 24.pdf;NXA6UED00134708F367600;51777380;26.1.2024
Joutseno 24.pdf;NXA6UED00134708F377600;51777380;26.1.2024
Joutseno 24.pdf;NXA6UED00134708F5E7600;51777380;26.1.2024
Joutseno 24.pdf;NXA6UED00134708F637600;51777380;26.1.2024
Joutseno 24.pdf;NXA6UED00134708F697600;51777380;26.1.2024
Joutseno 24.pdf;NXA6UED00134708F6E7600;51777380;26.1.2024
Joutseno 24.pdf;NXA6UED00134708F977600;51777380;26.1.2024
Joutseno 24.pdf;NXA6UED00134708F857600;51777380;26.1.2024
Joutseno 24.pdf;NXA6UED00134708F867600;51777380;26.1.2024
Joutseno 24.pdf;NXA6UED00134708F8B7600;51777380;26.1.2024
Joutseno 24.pdf;NXA6UED00134708F8D7600;51777380;26.1.2024
Skinnarila 24.pdf;NXA6UED001351103937600;51783273;6.2.2024
Skinnarila 24.pdf;NXA6UED001351103A07600;51783273;6.2.2024
Skinnarila 24.pdf;NXA6UED001351104837600;51783273;6.2.2024
Skinnarila 24.pdf;NXA6UED001351101447600;51783273;6.2.2024
Skinnarila 24.pdf;NXA6UED001351101487600;51783273;6.2.2024
Skinnarila 24.pdf;NXA6UED001351101657600;51783273;6.2.2024
Skinnarila 24.pdf;NXA6UED001351101747600;51783273;6.2.2024
Skinnarila 24.pdf;NXA6UED001351101827600;51783273;6.2.2024
Skinnarila 24.pdf;NXA6UED001351101837600;51783273;6.2.2024
Skinnarila 24.pdf;NXA6UED0013511018A7600;51783273;6.2.2024
Skinnarila 24.pdf;NXA6UED001351101917600;51783273;6.2.2024
Skinnarila 24.pdf;NXA6UED0013511019D7600;51783273;6.2.2024
Skinnarila 24.pdf;NXA6UED0013511019F7600;51783273;6.2.2024
Skinnarila 24.pdf;NXA6UED001351101A07600;51783273;6.2.2024
Skinnarila 24.pdf;NXA6UED001351101A17600;51783273;6.2.2024
Skinnarila 24.pdf;NXA6UED001351101A37600;51783273;6.2.2024
Skinnarila 24.pdf;NXA6UED001351101A87600;51783273;6.2.2024
Skinnarila 24.pdf;NXA6UED001351101AA7600;51783273;6.2.2024
Skinnarila 24.pdf;NXA6UED001351101AC7600;51783273;6.2.2024
Skinnarila 24.pdf;NXA6UED001351101B37600;51783273;6.2.2024
Skinnarila 24.pdf;NXA6UED001351101BC7600;51783273;6.2.2024
Skinnarila 24.pdf;NXA6UED001351101BD7600;51783273;6.2.2024
Skinnarila 24.pdf;NXA6UED001351101BE7600;51783273;6.2.2024
Skinnarila 24.pdf;NXA6UED001351101BF7600;51783273;6.2.2024
Skinnarila 24.pdf;NXA6UED001351101C07600;51783273;6.2.2024
Skinnarila 24.pdf;NXA6UED001351101C17600;51783273;6.2.2024
Skinnarila 24.pdf;NXA6UED001351101C27600;51783273;6.2.2024
Skinnarila 24.pdf;NXA6UED001351101C37600;51783273;6.2.2024
Skinnarila 24.pdf;NXA6UED001351101C57600;51783273;6.2.2024
Skinnarila 24.pdf;NXA6UED001351101C67600;51783273;6.2.2024
Skinnarila 24.pdf;NXA6UED001351101C77600;51783273;6.2.2024
Skinnarila 24.pdf;NXA6UED001351101C87600;51783273;6.2.2024
Skinnarila 24.pdf;NXA6UED001351101C97600;51783273;6.2.2024
Skinnarila 24.pdf;NXA6UED001351101CA7600;51783273;6.2.2024
Skinnarila 24.pdf;NXA6UED001351101CD7600;51783273;6.2.2024
Skinnarila 24.pdf;NXA6UED001351101CE7600;51783273;6.2.2024
Skinnarila 24.pdf;NXA6UED001351101CF7600;51783273;6.2.2024
Skinnarila 24.pdf;NXA6UED001351101D07600;51783273;6.2.2024
Skinnarila 24.pdf;NXA6UED001351101D27600;51783273;6.2.2024
Skinnarila 24.pdf;NXA6UED001351101D67600;51783273;6.2.2024
Skinnarila 24.pdf;NXA6UED001351101D77600;51783273;6.2.2024
Skinnarila 24.pdf;NXA6UED001351101D87600;51783273;6.2.2024
Skinnarila 24.pdf;NXA6UED001351101D97600;51783273;6.2.2024
Skinnarila 24.pdf;NXA6UED001351101DB7600;51783273;6.2.2024
Skinnarila 24.pdf;NXA6UED001351101DC7600;51783273;6.2.2024
Skinnarila 24.pdf;NXA6UED001351101DD7600;51783273;6.2.2024
Skinnarila 24.pdf;NXA6UED001351101DE7600;51783273;6.2.2024
Skinnarila 24.pdf;NXA6UED001351101DF7600;51783273;6.2.2024
Skinnarila 24.pdf;NXA6UED001351101E07600;51783273;6.2.2024
Skinnarila 24.pdf;NXA6UED001351101E27600;51783273;6.2.2024
Skinnarila 24.pdf;NXA6UED001351101E37600;51783273;6.2.2024
Skinnarila 24.pdf;NXA6UED001351101E47600;51783273;6.2.2024
Skinnarila 24.pdf;NXA6UED001351101E57600;51783273;6.2.2024
Skinnarila 24.pdf;NXA6UED001351101E97600;51783273;6.2.2024
Skinnarila 24.pdf;NXA6UED001351101EB7600;51783273;6.2.2024
Skinnarila 24.pdf;NXA6UED001351101EC7600;51783273;6.2.2024
Skinnarila 24.pdf;NXA6UED001351101EF7600;51783273;6.2.2024
Skinnarila 24.pdf;NXA6UED001351101F57600;51783273;6.2.2024
Skinnarila 24.pdf;NXA6UED001351101F67600;51783273;6.2.2024
Skinnarila 24.pdf;NXA6UED0013511023C7600;51783273;6.2.2024
Skinnarila 24.pdf;NXA6UED001351102457600;51783273;6.2.2024
Skinnarila 24.pdf;NXA6UED001351102597600;51783273;6.2.2024
Skinnarila 24.pdf;NXA6UED0013511025E7600;51783273;6.2.2024
Skinnarila 24.pdf;NXA6UED001351102747600;51783273;6.2.2024
Skinnarila 24.pdf;NXA6UED0013511028C7600;51783273;6.2.2024
Skinnarila 24.pdf;NXA6UED001351102927600;51783273;6.2.2024
Skinnarila 24.pdf;NXA6UED001351102CF7600;51783273;6.2.2024
Skinnarila 24.pdf;NXA6UED001351102DF7600;51783273;6.2.2024
Skinnarila 24.pdf;NXA6UED0013511039E7600;51783273;6.2.2024
Skinnarila 24.pdf;NXA6UED001351103A57600;51783273;6.2.2024
Skinnarila 24.pdf;NXA6UED001351104087600;51783273;6.2.2024
Skinnarila 24.pdf;NXA6UED0013511044C7600;51783273;6.2.2024
Lavola 24.pdf;NXA6UED001351104747600;51783272;6.2.2024
Lavola 24.pdf;NXA6UED001351104877600;51783272;6.2.2024
Lavola 24.pdf;NXA6UED001351104A47600;51783272;6.2.2024
Lavola 24.pdf;NXA6UED001351102D27600;51783272;6.2.2024
Lavola 24.pdf;NXA6UED001351102D77600;51783272;6.2.2024
Lavola 24.pdf;NXA6UED001351102DB7600;51783272;6.2.2024
Lavola 24.pdf;NXA6UED001351102E97600;51783272;6.2.2024
Lavola 24.pdf;NXA6UED001351103067600;51783272;6.2.2024
Lavola 24.pdf;NXA6UED001351103197600;51783272;6.2.2024
Lavola 24.pdf;NXA6UED001351103547600;51783272;6.2.2024
Lavola 24.pdf;NXA6UED001351103587600;51783272;6.2.2024
Lavola 24.pdf;NXA6UED0013511035B7600;51783272;6.2.2024
Lavola 24.pdf;NXA6UED0013511035D7600;51783272;6.2.2024
Lavola 24.pdf;NXA6UED0013511035E7600;51783272;6.2.2024
Lavola 24.pdf;NXA6UED0013511035F7600;51783272;6.2.2024
Lavola 24.pdf;NXA6UED001351103607600;51783272;6.2.2024
Lavola 24.pdf;NXA6UED001351103617600;51783272;6.2.2024
Lavola 24.pdf;NXA6UED001351103627600;51783272;6.2.2024
Lavola 24.pdf;NXA6UED001351103637600;51783272;6.2.2024
Lavola 24.pdf;NXA6UED001351103647600;51783272;6.2.2024
Lavola 24.pdf;NXA6UED001351103667600;51783272;6.2.2024
Lavola 24.pdf;NXA6UED001351103687600;51783272;6.2.2024
Lavola 24.pdf;NXA6UED001351103697600;51783272;6.2.2024
Lavola 24.pdf;NXA6UED0013511036D7600;51783272;6.2.2024
Lavola 24.pdf;NXA6UED001351103737600;51783272;6.2.2024
Lavola 24.pdf;NXA6UED001351103757600;51783272;6.2.2024
Lavola 24.pdf;NXA6UED001351103787600;51783272;6.2.2024
Lavola 24.pdf;NXA6UED0013511037A7600;51783272;6.2.2024
Lavola 24.pdf;NXA6UED0013511037E7600;51783272;6.2.2024
Lavola 24.pdf;NXA6UED0013511037F7600;51783272;6.2.2024
Lavola 24.pdf;NXA6UED001351103847600;51783272;6.2.2024
Lavola 24.pdf;NXA6UED001351103897600;51783272;6.2.2024
Lavola 24.pdf;NXA6UED0013511038B7600;51783272;6.2.2024
Lavola 24.pdf;NXA6UED001351103967600;51783272;6.2.2024
Lavola 24.pdf;NXA6UED001351103997600;51783272;6.2.2024
Lavola 24.pdf;NXA6UED0013511039F7600;51783272;6.2.2024
Lavola 24.pdf;NXA6UED001351103A17600;51783272;6.2.2024
Lavola 24.pdf;NXA6UED001351103A27600;51783272;6.2.2024
Lavola 24.pdf;NXA6UED001351103A47600;51783272;6.2.2024
Lavola 24.pdf;NXA6UED001351103A77600;51783272;6.2.2024
Lavola 24.pdf;NXA6UED001351103AB7600;51783272;6.2.2024
Lavola 24.pdf;NXA6UED001351103AF7600;51783272;6.2.2024
Lavola 24.pdf;NXA6UED001351103B17600;51783272;6.2.2024
Lavola 24.pdf;NXA6UED001351103B27600;51783272;6.2.2024
Lavola 24.pdf;NXA6UED001351103B77600;51783272;6.2.2024
Lavola 24.pdf;NXA6UED001351103B97600;51783272;6.2.2024
Lavola 24.pdf;NXA6UED001351103BA7600;51783272;6.2.2024
Lavola 24.pdf;NXA6UED001351103BC7600;51783272;6.2.2024
Lavola 24.pdf;NXA6UED001351103C17600;51783272;6.2.2024
Lavola 24.pdf;NXA6UED001351103C37600;51783272;6.2.2024
Lavola 24.pdf;NXA6UED001351103C47600;51783272;6.2.2024
Lavola 24.pdf;NXA6UED001351103C77600;51783272;6.2.2024
Lavola 24.pdf;NXA6UED001351103C87600;51783272;6.2.2024
Lavola 24.pdf;NXA6UED001351103C97600;51783272;6.2.2024
Lavola 24.pdf;NXA6UED001351103CC7600;51783272;6.2.2024
Lavola 24.pdf;NXA6UED001351103DF7600;51783272;6.2.2024
Lavola 24.pdf;NXA6UED001351103E97600;51783272;6.2.2024
Lavola 24.pdf;NXA6UED001351103ED7600;51783272;6.2.2024
Lavola 24.pdf;NXA6UED001351103FC7600;51783272;6.2.2024
Lavola 24.pdf;NXA6UED001351104197600;51783272;6.2.2024
Lavola 24.pdf;NXA6UED001351104277600;51783272;6.2.2024
Lavola 24.pdf;NXA6UED001351104317600;51783272;6.2.2024
Lavola 24.pdf;NXA6UED001351104337600;51783272;6.2.2024
Lavola 24.pdf;NXA6UED001351104387600;51783272;6.2.2024
Lavola 24.pdf;NXA6UED0013511043E7600;51783272;6.2.2024
Lavola 24.pdf;NXA6UED0013511044B7600;51783272;6.2.2024
Lavola 24.pdf;NXA6UED0013511044D7600;51783272;6.2.2024
Lavola 24.pdf;NXA6UED001351104667600;51783272;6.2.2024
Lavola 24.pdf;NXA6UED001351104677600;51783272;6.2.2024
Lavola 24.pdf;NXA6UED0013511046C7600;51783272;6.2.2024
Lavola 24.pdf;NXA6UED0013511046E7600;51783272;6.2.2024
Lavola 24.pdf;NXA6UED0013511046F7600;51783272;6.2.2024
Lavola 24.pdf;NXA6UED001351104717600;51783272;6.2.2024
Lavola 24.pdf;NXA6UED001351104727600;51783272;6.2.2024
Lavola 24.pdf;NXA6UED0013511047B7600;51783272;6.2.2024
Lavola 24.pdf;NXA6UED0013511047F7600;51783272;6.2.2024
Lavola 24.pdf;NXA6UED001351104807600;51783272;6.2.2024
Lavola 24.pdf;NXA6UED001351104817600;51783272;6.2.2024
Lavola 24.pdf;NXA6UED001351104847600;51783272;6.2.2024
Lavola 24.pdf;NXA6UED001351104857600;51783272;6.2.2024
Lavola 24.pdf;NXA6UED001351104867600;51783272;6.2.2024
Kuusimäki 24.pdf;NXA6UED001351104697600;51783271;6.2.2024
Kuusimäki 24.pdf;NXA6UED001351103A37600;51783271;6.2.2024
Kuusimäki 24.pdf;NXA6UED001351103A87600;51783271;6.2.2024
Kuusimäki 24.pdf;NXA6UED001351103F87600;51783271;6.2.2024
Kuusimäki 24.pdf;NXA6UED001351103FE7600;51783271;6.2.2024
Kuusimäki 24.pdf;NXA6UED001351104007600;51783271;6.2.2024
Kuusimäki 24.pdf;NXA6UED001351104027600;51783271;6.2.2024
Kuusimäki 24.pdf;NXA6UED001351104057600;51783271;6.2.2024
Kuusimäki 24.pdf;NXA6UED001351104077600;51783271;6.2.2024
Kuusimäki 24.pdf;NXA6UED0013511040B7600;51783271;6.2.2024
Kuusimäki 24.pdf;NXA6UED0013511040C7600;51783271;6.2.2024
Kuusimäki 24.pdf;NXA6UED001351104147600;51783271;6.2.2024
Kuusimäki 24.pdf;NXA6UED001351104157600;51783271;6.2.2024
Kuusimäki 24.pdf;NXA6UED0013511041A7600;51783271;6.2.2024
Kuusimäki 24.pdf;NXA6UED0013511041E7600;51783271;6.2.2024
Kuusimäki 24.pdf;NXA6UED001351104237600;51783271;6.2.2024
Kuusimäki 24.pdf;NXA6UED0013511042A7600;51783271;6.2.2024
Kuusimäki 24.pdf;NXA6UED0013511042B7600;51783271;6.2.2024
Kuusimäki 24.pdf;NXA6UED0013511042D7600;51783271;6.2.2024
Kuusimäki 24.pdf;NXA6UED0013511042E7600;51783271;6.2.2024
Kuusimäki 24.pdf;NXA6UED001351104307600;51783271;6.2.2024
Kuusimäki 24.pdf;NXA6UED001351104327600;51783271;6.2.2024
Kuusimäki 24.pdf;NXA6UED001351104357600;51783271;6.2.2024
Kuusimäki 24.pdf;NXA6UED001351104377600;51783271;6.2.2024
Kuusimäki 24.pdf;NXA6UED0013511043A7600;51783271;6.2.2024
Kuusimäki 24.pdf;NXA6UED0013511043D7600;51783271;6.2.2024
Kuusimäki 24.pdf;NXA6UED001351104437600;51783271;6.2.2024
Kuusimäki 24.pdf;NXA6UED001351104447600;51783271;6.2.2024
Kuusimäki 24.pdf;NXA6UED001351104477600;51783271;6.2.2024
Kuusimäki 24.pdf;NXA6UED001351104487600;51783271;6.2.2024
Kuusimäki 24.pdf;NXA6UED001351104497600;51783271;6.2.2024
Kuusimäki 24.pdf;NXA6UED0013511045D7600;51783271;6.2.2024
Kuusimäki 24.pdf;NXA6UED001351104617600;51783271;6.2.2024
Kuusimäki 24.pdf;NXA6UED001351104637600;51783271;6.2.2024
Kuusimäki 24.pdf;NXA6UED001351104647600;51783271;6.2.2024
Pulp 24.pdf;NXA6UED0013511048D7600;51783270;6.2.2024
Pulp 24.pdf;NXA6UED0013511049F7600;51783270;6.2.2024
Pulp 24.pdf;NXA6UED001351103007600;51783270;6.2.2024
Pulp 24.pdf;NXA6UED001351103477600;51783270;6.2.2024
Pulp 24.pdf;NXA6UED001351103597600;51783270;6.2.2024
Pulp 24.pdf;NXA6UED0013511035A7600;51783270;6.2.2024
Pulp 24.pdf;NXA6UED0013511036A7600;51783270;6.2.2024
Pulp 24.pdf;NXA6UED0013511036B7600;51783270;6.2.2024
Pulp 24.pdf;NXA6UED0013511038F7600;51783270;6.2.2024
Pulp 24.pdf;NXA6UED0013511039A7600;51783270;6.2.2024
Pulp 24.pdf;NXA6UED0013511039B7600;51783270;6.2.2024
Pulp 24.pdf;NXA6UED0013511039D7600;51783270;6.2.2024
Pulp 24.pdf;NXA6UED001351103B67600;51783270;6.2.2024
Pulp 24.pdf;NXA6UED001351103B87600;51783270;6.2.2024
Pulp 24.pdf;NXA6UED001351103C07600;51783270;6.2.2024
Pulp 24.pdf;NXA6UED001351103C27600;51783270;6.2.2024
Pulp 24.pdf;NXA6UED001351103D37600;51783270;6.2.2024
Pulp 24.pdf;NXA6UED001351103D47600;51783270;6.2.2024
Pulp 24.pdf;NXA6UED001351103DD7600;51783270;6.2.2024
Pulp 24.pdf;NXA6UED001351103E17600;51783270;6.2.2024
Pulp 24.pdf;NXA6UED001351103EB7600;51783270;6.2.2024
Pulp 24.pdf;NXA6UED001351103EE7600;51783270;6.2.2024
Pulp 24.pdf;NXA6UED001351103EF7600;51783270;6.2.2024
Pulp 24.pdf;NXA6UED001351103F37600;51783270;6.2.2024
Pulp 24.pdf;NXA6UED001351104587600;51783270;6.2.2024
Pulp 24.pdf;NXA6UED0013511046A7600;51783270;6.2.2024
Pulp 24.pdf;NXA6UED001351104707600;51783270;6.2.2024
Pulp 24.pdf;NXA6UED001351104737600;51783270;6.2.2024
Pulp 24.pdf;NXA6UED001351104787600;51783270;6.2.2024
Pulp 24.pdf;NXA6UED001351104797600;51783270;6.2.2024
Pulp 24.pdf;NXA6UED0013511047C7600;51783270;6.2.2024
Pulp 24.pdf;NXA6UED0013511047E7600;51783270;6.2.2024
Pulp 24.pdf;NXA6UED001351104827600;51783270;6.2.2024
Pulp 24.pdf;NXA6UED001351104897600;51783270;6.2.2024
Pulp 24.pdf;NXA6UED0013511048A7600;51783270;6.2.2024
Pulp 24.pdf;NXA6UED0013511048C7600;51783270;6.2.2024
Pulp 24.pdf;NXA6UED0013511048E7600;51783270;6.2.2024
Pulp 24.pdf;NXA6UED0013511048F7600;51783270;6.2.2024
Pulp 24.pdf;NXA6UED001351104907600;51783270;6.2.2024
Pulp 24.pdf;NXA6UED001351104927600;51783270;6.2.2024
Pulp 24.pdf;NXA6UED001351104937600;51783270;6.2.2024
Pulp 24.pdf;NXA6UED001351104987600;51783270;6.2.2024
Pulp 24.pdf;NXA6UED0013511049A7600;51783270;6.2.2024
Pontus 24 jälkitilaus.pdf;NXA6UED001351104577600;51783269;26.1.2024
Pontus 24 jälkitilaus.pdf;NXA6UED001351102C87600;51783269;26.1.2024
Pontus 24 jälkitilaus.pdf;NXA6UED001351103527600;51783269;26.1.2024
Pontus 24 jälkitilaus.pdf;NXA6UED0013511035C7600;51783269;26.1.2024
Pontus 24 jälkitilaus.pdf;NXA6UED001351103657600;51783269;26.1.2024
Pontus 24 jälkitilaus.pdf;NXA6UED001351103727600;51783269;26.1.2024
Pontus 24 jälkitilaus.pdf;NXA6UED001351103AE7600;51783269;26.1.2024
Pontus 24 jälkitilaus.pdf;NXA6UED001351103D27600;51783269;26.1.2024
Pontus 24 jälkitilaus.pdf;NXA6UED001351103D97600;51783269;26.1.2024
Pontus 24 jälkitilaus.pdf;NXA6UED001351103DA7600;51783269;26.1.2024
Pontus 24 jälkitilaus.pdf;NXA6UED001351103DC7600;51783269;26.1.2024
Pontus 24 jälkitilaus.pdf;NXA6UED001351103E47600;51783269;26.1.2024
Pontus 24 jälkitilaus.pdf;NXA6UED001351103E67600;51783269;26.1.2024
Pontus 24 jälkitilaus.pdf;NXA6UED001351103F77600;51783269;26.1.2024
Pontus 24 jälkitilaus.pdf;NXA6UED0013511040A7600;51783269;26.1.2024
Pontus 24 jälkitilaus.pdf;NXA6UED0013511041B7600;51783269;26.1.2024
Pontus 24 jälkitilaus.pdf;NXA6UED001351104257600;51783269;26.1.2024
Pontus 24 jälkitilaus.pdf;NXA6UED001351104297600;51783269;26.1.2024
Pontus 24 jälkitilaus.pdf;NXA6UED001351104457600;51783269;26.1.2024
Pontus 24 jälkitilaus.pdf;NXA6UED0013511044A7600;51783269;26.1.2024
Pontus 24 jälkitilaus.pdf;NXA6UED001351104507600;51783269;26.1.2024
Pontus 24 jälkitilaus.pdf;NXA6UED001351104567600;51783269;26.1.2024
Lönnrot 24.pdf;NXA6UED001351101CC7600;51783268;6.2.2024
Lönnrot 24.pdf;NXA6UED001351104407600;51783268;6.2.2024
Lönnrot 24.pdf;NXA6UED001351100F37600;51783268;6.2.2024
Lönnrot 24.pdf;NXA6UED001351101217600;51783268;6.2.2024
Lönnrot 24.pdf;NXA6UED001351101287600;51783268;6.2.2024
Lönnrot 24.pdf;NXA6UED0013511018D7600;51783268;6.2.2024
Lönnrot 24.pdf;NXA6UED001351101977600;51783268;6.2.2024
Lönnrot 24.pdf;NXA6UED001351101987600;51783268;6.2.2024
Lönnrot 24.pdf;NXA6UED001351101997600;51783268;6.2.2024
Lönnrot 24.pdf;NXA6UED001351101A57600;51783268;6.2.2024
Lönnrot 24.pdf;NXA6UED001351101B07600;51783268;6.2.2024
Lönnrot 24.pdf;NXA6UED001351101B97600;51783268;6.2.2024
Lönnrot 24.pdf;NXA6UED001351101CB7600;51783268;6.2.2024
Lönnrot 24.pdf;NXA6UED001351101D17600;51783268;6.2.2024
Lönnrot 24.pdf;NXA6UED001351101D47600;51783268;6.2.2024
Lönnrot 24.pdf;NXA6UED001351101D57600;51783268;6.2.2024
Lönnrot 24.pdf;NXA6UED001351101E67600;51783268;6.2.2024
Lönnrot 24.pdf;NXA6UED001351101EA7600;51783268;6.2.2024
Lönnrot 24.pdf;NXA6UED001351101F17600;51783268;6.2.2024
Lönnrot 24.pdf;NXA6UED001351101F37600;51783268;6.2.2024
Lönnrot 24.pdf;NXA6UED001351101F47600;51783268;6.2.2024
Lönnrot 24.pdf;NXA6UED001351101F77600;51783268;6.2.2024
Lönnrot 24.pdf;NXA6UED001351102407600;51783268;6.2.2024
Lönnrot 24.pdf;NXA6UED001351102877600;51783268;6.2.2024
Lönnrot 24.pdf;NXA6UED001351102967600;51783268;6.2.2024
Lönnrot 24.pdf;NXA6UED001351102C77600;51783268;6.2.2024
Lönnrot 24.pdf;NXA6UED001351102CD7600;51783268;6.2.2024
Lönnrot 24.pdf;NXA6UED001351102DE7600;51783268;6.2.2024
Lönnrot 24.pdf;NXA6UED001351102E07600;51783268;6.2.2024
Lönnrot 24.pdf;NXA6UED001351102E47600;51783268;6.2.2024
Lönnrot 24.pdf;NXA6UED001351102F77600;51783268;6.2.2024
Lönnrot 24.pdf;NXA6UED001351103217600;51783268;6.2.2024
Lönnrot 24.pdf;NXA6UED001351103227600;51783268;6.2.2024
Lönnrot 24.pdf;NXA6UED001351103247600;51783268;6.2.2024
Lönnrot 24.pdf;NXA6UED001351103257600;51783268;6.2.2024
Lönnrot 24.pdf;NXA6UED001351103267600;51783268;6.2.2024
Lönnrot 24.pdf;NXA6UED001351103277600;51783268;6.2.2024
Lönnrot 24.pdf;NXA6UED001351103287600;51783268;6.2.2024
Lönnrot 24.pdf;NXA6UED0013511032E7600;51783268;6.2.2024
Lönnrot 24.pdf;NXA6UED001351103347600;51783268;6.2.2024
Lönnrot 24.pdf;NXA6UED001351103377600;51783268;6.2.2024
Lönnrot 24.pdf;NXA6UED001351103387600;51783268;6.2.2024
Lönnrot 24.pdf;NXA6UED0013511033B7600;51783268;6.2.2024
Lönnrot 24.pdf;NXA6UED0013511033C7600;51783268;6.2.2024
Lönnrot 24.pdf;NXA6UED0013511033E7600;51783268;6.2.2024
Lönnrot 24.pdf;NXA6UED001351103707600;51783268;6.2.2024
Lönnrot 24.pdf;NXA6UED001351103947600;51783268;6.2.2024
Lönnrot 24.pdf;NXA6UED001351103957600;51783268;6.2.2024
Lönnrot 24.pdf;NXA6UED0013511039C7600;51783268;6.2.2024
Korvenkylä 24.pdf;NXA6UED0013511043B7600;51783267;6.2.2024
Korvenkylä 24.pdf;NXA6UED001351104607600;51783267;6.2.2024
Korvenkylä 24.pdf;NXA6UED001351102D17600;51783267;6.2.2024
Korvenkylä 24.pdf;NXA6UED001351103877600;51783267;6.2.2024
Korvenkylä 24.pdf;NXA6UED001351103C57600;51783267;6.2.2024
Korvenkylä 24.pdf;NXA6UED001351103E87600;51783267;6.2.2024
Korvenkylä 24.pdf;NXA6UED001351103FA7600;51783267;6.2.2024
Korvenkylä 24.pdf;NXA6UED001351103FB7600;51783267;6.2.2024
Korvenkylä 24.pdf;NXA6UED001351103FD7600;51783267;6.2.2024
Korvenkylä 24.pdf;NXA6UED001351104097600;51783267;6.2.2024
Korvenkylä 24.pdf;NXA6UED0013511040D7600;51783267;6.2.2024
Korvenkylä 24.pdf;NXA6UED0013511040E7600;51783267;6.2.2024
Korvenkylä 24.pdf;NXA6UED0013511041C7600;51783267;6.2.2024
Korvenkylä 24.pdf;NXA6UED0013511041F7600;51783267;6.2.2024
Korvenkylä 24.pdf;NXA6UED001351104247600;51783267;6.2.2024
Korvenkylä 24.pdf;NXA6UED0013511042C7600;51783267;6.2.2024
Korvenkylä 24.pdf;NXA6UED001351104347600;51783267;6.2.2024
Korvenkylä 24.pdf;NXA6UED001351104417600;51783267;6.2.2024
Korvenkylä 24.pdf;NXA6UED001351104427600;51783267;6.2.2024
Korvenkylä 24.pdf;NXA6UED0013511044E7600;51783267;6.2.2024
Korvenkylä 24.pdf;NXA6UED001351104527600;51783267;6.2.2024
Korvenkylä 24.pdf;NXA6UED001351104537600;51783267;6.2.2024
Korvenkylä 24.pdf;NXA6UED001351104557600;51783267;6.2.2024
Korvenkylä 24.pdf;NXA6UED001351104597600;51783267;6.2.2024
Korvenkylä 24.pdf;NXA6UED0013511045E7600;51783267;6.2.2024
Lavola 24 jälkitilaus.pdf;NXA6UED001351103327600;51783135;6.2.2024
Lauritsala 24.pdf;NXA6UED001351104887600;51783125;6.2.2024
Lauritsala 24.pdf;NXA6UED001351101137600;51783125;6.2.2024
Lauritsala 24.pdf;NXA6UED001351101177600;51783125;6.2.2024
Lauritsala 24.pdf;NXA6UED0013511011C7600;51783125;6.2.2024
Lauritsala 24.pdf;NXA6UED001351101267600;51783125;6.2.2024
Lauritsala 24.pdf;NXA6UED001351101327600;51783125;6.2.2024
Lauritsala 24.pdf;NXA6UED001351101407600;51783125;6.2.2024
Lauritsala 24.pdf;NXA6UED001351101467600;51783125;6.2.2024
Lauritsala 24.pdf;NXA6UED0013511016F7600;51783125;6.2.2024
Lauritsala 24.pdf;NXA6UED001351101757600;51783125;6.2.2024
Lauritsala 24.pdf;NXA6UED001351101767600;51783125;6.2.2024
Lauritsala 24.pdf;NXA6UED001351101897600;51783125;6.2.2024
Lauritsala 24.pdf;NXA6UED001351101A47600;51783125;6.2.2024
Lauritsala 24.pdf;NXA6UED001351101AB7600;51783125;6.2.2024
Lauritsala 24.pdf;NXA6UED001351101B67600;51783125;6.2.2024
Lauritsala 24.pdf;NXA6UED001351101C47600;51783125;6.2.2024
Lauritsala 24.pdf;NXA6UED001351101DA7600;51783125;6.2.2024
Lauritsala 24.pdf;NXA6UED001351101E17600;51783125;6.2.2024
Lauritsala 24.pdf;NXA6UED001351101EE7600;51783125;6.2.2024
Lauritsala 24.pdf;NXA6UED001351101F07600;51783125;6.2.2024
Lauritsala 24.pdf;NXA6UED001351101F87600;51783125;6.2.2024
Lauritsala 24.pdf;NXA6UED001351102047600;51783125;6.2.2024
Lauritsala 24.pdf;NXA6UED001351102087600;51783125;6.2.2024
Lauritsala 24.pdf;NXA6UED001351102097600;51783125;6.2.2024
Lauritsala 24.pdf;NXA6UED0013511020B7600;51783125;6.2.2024
Lauritsala 24.pdf;NXA6UED0013511020C7600;51783125;6.2.2024
Lauritsala 24.pdf;NXA6UED0013511020D7600;51783125;6.2.2024
Lauritsala 24.pdf;NXA6UED0013511020E7600;51783125;6.2.2024
Lauritsala 24.pdf;NXA6UED0013511020F7600;51783125;6.2.2024
Lauritsala 24.pdf;NXA6UED001351102107600;51783125;6.2.2024
Lauritsala 24.pdf;NXA6UED001351102127600;51783125;6.2.2024
Lauritsala 24.pdf;NXA6UED001351102137600;51783125;6.2.2024
Lauritsala 24.pdf;NXA6UED001351102147600;51783125;6.2.2024
Lauritsala 24.pdf;NXA6UED001351102157600;51783125;6.2.2024
Lauritsala 24.pdf;NXA6UED0013511021A7600;51783125;6.2.2024
Lauritsala 24.pdf;NXA6UED0013511021B7600;51783125;6.2.2024
Lauritsala 24.pdf;NXA6UED0013511021D7600;51783125;6.2.2024
Lauritsala 24.pdf;NXA6UED0013511021E7600;51783125;6.2.2024
Lauritsala 24.pdf;NXA6UED0013511021F7600;51783125;6.2.2024
Lauritsala 24.pdf;NXA6UED001351102207600;51783125;6.2.2024
Lauritsala 24.pdf;NXA6UED001351102247600;51783125;6.2.2024
Lauritsala 24.pdf;NXA6UED001351102257600;51783125;6.2.2024
Lauritsala 24.pdf;NXA6UED001351102287600;51783125;6.2.2024
Lauritsala 24.pdf;NXA6UED0013511022B7600;51783125;6.2.2024
Lauritsala 24.pdf;NXA6UED0013511022C7600;51783125;6.2.2024
Lauritsala 24.pdf;NXA6UED0013511022D7600;51783125;6.2.2024
Lauritsala 24.pdf;NXA6UED0013511022E7600;51783125;6.2.2024
Lauritsala 24.pdf;NXA6UED0013511022F7600;51783125;6.2.2024
Lauritsala 24.pdf;NXA6UED001351102307600;51783125;6.2.2024
Lauritsala 24.pdf;NXA6UED001351102317600;51783125;6.2.2024
Lauritsala 24.pdf;NXA6UED001351102327600;51783125;6.2.2024
Lauritsala 24.pdf;NXA6UED001351102337600;51783125;6.2.2024
Lauritsala 24.pdf;NXA6UED001351102347600;51783125;6.2.2024
Lauritsala 24.pdf;NXA6UED001351102357600;51783125;6.2.2024
Lauritsala 24.pdf;NXA6UED001351102377600;51783125;6.2.2024
Lauritsala 24.pdf;NXA6UED001351102387600;51783125;6.2.2024
Lauritsala 24.pdf;NXA6UED001351102397600;51783125;6.2.2024
Lauritsala 24.pdf;NXA6UED0013511023A7600;51783125;6.2.2024
Lauritsala 24.pdf;NXA6UED0013511023B7600;51783125;6.2.2024
Lauritsala 24.pdf;NXA6UED0013511023D7600;51783125;6.2.2024
Lauritsala 24.pdf;NXA6UED0013511023E7600;51783125;6.2.2024
Lauritsala 24.pdf;NXA6UED0013511023F7600;51783125;6.2.2024
Lauritsala 24.pdf;NXA6UED001351102417600;51783125;6.2.2024
Lauritsala 24.pdf;NXA6UED001351102447600;51783125;6.2.2024
Lauritsala 24.pdf;NXA6UED001351102467600;51783125;6.2.2024
Lauritsala 24.pdf;NXA6UED001351102477600;51783125;6.2.2024
Lauritsala 24.pdf;NXA6UED0013511024A7600;51783125;6.2.2024
Lauritsala 24.pdf;NXA6UED0013511024C7600;51783125;6.2.2024
Lauritsala 24.pdf;NXA6UED0013511024D7600;51783125;6.2.2024
Lauritsala 24.pdf;NXA6UED0013511024E7600;51783125;6.2.2024
Lauritsala 24.pdf;NXA6UED0013511024F7600;51783125;6.2.2024
Lauritsala 24.pdf;NXA6UED001351102507600;51783125;6.2.2024
Lauritsala 24.pdf;NXA6UED001351102517600;51783125;6.2.2024
Lauritsala 24.pdf;NXA6UED001351102537600;51783125;6.2.2024
Lauritsala 24.pdf;NXA6UED001351102547600;51783125;6.2.2024
Lauritsala 24.pdf;NXA6UED001351102557600;51783125;6.2.2024
Lauritsala 24.pdf;NXA6UED001351102577600;51783125;6.2.2024
Lauritsala 24.pdf;NXA6UED001351102587600;51783125;6.2.2024
Lauritsala 24.pdf;NXA6UED0013511025A7600;51783125;6.2.2024
Lauritsala 24.pdf;NXA6UED0013511025B7600;51783125;6.2.2024
Lauritsala 24.pdf;NXA6UED0013511025D7600;51783125;6.2.2024
Lauritsala 24.pdf;NXA6UED0013511025F7600;51783125;6.2.2024
Lauritsala 24.pdf;NXA6UED001351102607600;51783125;6.2.2024
Lauritsala 24.pdf;NXA6UED001351102617600;51783125;6.2.2024
Lauritsala 24.pdf;NXA6UED001351102627600;51783125;6.2.2024
Lauritsala 24.pdf;NXA6UED001351102637600;51783125;6.2.2024
Lauritsala 24.pdf;NXA6UED001351102647600;51783125;6.2.2024
Lauritsala 24.pdf;NXA6UED001351102677600;51783125;6.2.2024
Lauritsala 24.pdf;NXA6UED0013511026B7600;51783125;6.2.2024
Lauritsala 24.pdf;NXA6UED0013511026D7600;51783125;6.2.2024
Lauritsala 24.pdf;NXA6UED0013511026F7600;51783125;6.2.2024
Lauritsala 24.pdf;NXA6UED001351102737600;51783125;6.2.2024
Lauritsala 24.pdf;NXA6UED001351102767600;51783125;6.2.2024
Lauritsala 24.pdf;NXA6UED001351102787600;51783125;6.2.2024
Lauritsala 24.pdf;NXA6UED0013511027D7600;51783125;6.2.2024
Lauritsala 24.pdf;NXA6UED0013511027F7600;51783125;6.2.2024
Lauritsala 24.pdf;NXA6UED001351102827600;51783125;6.2.2024
Lauritsala 24.pdf;NXA6UED001351102837600;51783125;6.2.2024
Lauritsala 24.pdf;NXA6UED001351102897600;51783125;6.2.2024
Lauritsala 24.pdf;NXA6UED0013511028A7600;51783125;6.2.2024
Lauritsala 24.pdf;NXA6UED0013511028B7600;51783125;6.2.2024
Lauritsala 24.pdf;NXA6UED0013511028E7600;51783125;6.2.2024
Lauritsala 24.pdf;NXA6UED001351102917600;51783125;6.2.2024
Lauritsala 24.pdf;NXA6UED001351102957600;51783125;6.2.2024
Lauritsala 24.pdf;NXA6UED001351102977600;51783125;6.2.2024
Lauritsala 24.pdf;NXA6UED001351102987600;51783125;6.2.2024
Lauritsala 24.pdf;NXA6UED001351102997600;51783125;6.2.2024
Lauritsala 24.pdf;NXA6UED0013511029A7600;51783125;6.2.2024
Lauritsala 24.pdf;NXA6UED0013511029C7600;51783125;6.2.2024
Lauritsala 24.pdf;NXA6UED001351102A17600;51783125;6.2.2024
Lauritsala 24.pdf;NXA6UED001351102A27600;51783125;6.2.2024
Lauritsala 24.pdf;NXA6UED001351102C47600;51783125;6.2.2024
Lauritsala 24.pdf;NXA6UED001351102D97600;51783125;6.2.2024
Lauritsala 24.pdf;NXA6UED0013511032D7600;51783125;6.2.2024
Lauritsala 24.pdf;NXA6UED001351103537600;51783125;6.2.2024
Lauritsala 24.pdf;NXA6UED0013511037B7600;51783125;6.2.2024
Lauritsala 24.pdf;NXA6UED001351103BE7600;51783125;6.2.2024
Lauritsala 24.pdf;NXA6UED001351103F57600;51783125;6.2.2024
Lauritsala 24.pdf;NXA6UED001351104167600;51783125;6.2.2024
Lauritsala 24.pdf;NXA6UED001351104287600;51783125;6.2.2024
Lauritsala 24.pdf;NXA6UED0013511043C7600;51783125;6.2.2024
Lauritsala 24.pdf;NXA6UED0013511043F7600;51783125;6.2.2024
Lauritsala 24.pdf;NXA6UED001351104777600;51783125;6.2.2024
Lauritsala 24.pdf;NXA6UED0013511047A7600;51783125;6.2.2024
Lappee 24.pdf;NXA6UED001351104A07600;51783124;6.2.2024
Lappee 24.pdf;NXA6UED001351100FC7600;51783124;6.2.2024
Lappee 24.pdf;NXA6UED0013511010A7600;51783124;6.2.2024
Lappee 24.pdf;NXA6UED0013511010B7600;51783124;6.2.2024
Lappee 24.pdf;NXA6UED001351101257600;51783124;6.2.2024
Lappee 24.pdf;NXA6UED001351101297600;51783124;6.2.2024
Lappee 24.pdf;NXA6UED001351101317600;51783124;6.2.2024
Lappee 24.pdf;NXA6UED001351101377600;51783124;6.2.2024
Lappee 24.pdf;NXA6UED001351101437600;51783124;6.2.2024
Lappee 24.pdf;NXA6UED001351101557600;51783124;6.2.2024
Lappee 24.pdf;NXA6UED001351101647600;51783124;6.2.2024
Lappee 24.pdf;NXA6UED0013511016B7600;51783124;6.2.2024
Lappee 24.pdf;NXA6UED0013511016C7600;51783124;6.2.2024
Lappee 24.pdf;NXA6UED0013511016D7600;51783124;6.2.2024
Lappee 24.pdf;NXA6UED001351101717600;51783124;6.2.2024
Lappee 24.pdf;NXA6UED001351101787600;51783124;6.2.2024
Lappee 24.pdf;NXA6UED0013511017B7600;51783124;6.2.2024
Lappee 24.pdf;NXA6UED0013511017D7600;51783124;6.2.2024
Lappee 24.pdf;NXA6UED001351101807600;51783124;6.2.2024
Lappee 24.pdf;NXA6UED001351101817600;51783124;6.2.2024
Lappee 24.pdf;NXA6UED001351101857600;51783124;6.2.2024
Lappee 24.pdf;NXA6UED001351101867600;51783124;6.2.2024
Lappee 24.pdf;NXA6UED001351101877600;51783124;6.2.2024
Lappee 24.pdf;NXA6UED0013511018C7600;51783124;6.2.2024
Lappee 24.pdf;NXA6UED0013511018E7600;51783124;6.2.2024
Lappee 24.pdf;NXA6UED001351101947600;51783124;6.2.2024
Lappee 24.pdf;NXA6UED001351101957600;51783124;6.2.2024
Lappee 24.pdf;NXA6UED001351101967600;51783124;6.2.2024
Lappee 24.pdf;NXA6UED0013511019A7600;51783124;6.2.2024
Lappee 24.pdf;NXA6UED0013511019B7600;51783124;6.2.2024
Lappee 24.pdf;NXA6UED0013511019E7600;51783124;6.2.2024
Lappee 24.pdf;NXA6UED001351101A27600;51783124;6.2.2024
Lappee 24.pdf;NXA6UED001351101A67600;51783124;6.2.2024
Lappee 24.pdf;NXA6UED001351101A77600;51783124;6.2.2024
Lappee 24.pdf;NXA6UED001351101A97600;51783124;6.2.2024
Lappee 24.pdf;NXA6UED001351101AE7600;51783124;6.2.2024
Lappee 24.pdf;NXA6UED001351101AF7600;51783124;6.2.2024
Lappee 24.pdf;NXA6UED001351101B17600;51783124;6.2.2024
Lappee 24.pdf;NXA6UED001351101B27600;51783124;6.2.2024
Lappee 24.pdf;NXA6UED001351101B47600;51783124;6.2.2024
Lappee 24.pdf;NXA6UED001351101B57600;51783124;6.2.2024
Lappee 24.pdf;NXA6UED001351101B77600;51783124;6.2.2024
Lappee 24.pdf;NXA6UED001351101BB7600;51783124;6.2.2024
Lappee 24.pdf;NXA6UED001351101D37600;51783124;6.2.2024
Lappee 24.pdf;NXA6UED001351101E77600;51783124;6.2.2024
Lappee 24.pdf;NXA6UED001351101FE7600;51783124;6.2.2024
Lappee 24.pdf;NXA6UED001351102077600;51783124;6.2.2024
Lappee 24.pdf;NXA6UED0013511020A7600;51783124;6.2.2024
Lappee 24.pdf;NXA6UED001351102167600;51783124;6.2.2024
Lappee 24.pdf;NXA6UED001351102177600;51783124;6.2.2024
Lappee 24.pdf;NXA6UED001351102187600;51783124;6.2.2024
Lappee 24.pdf;NXA6UED001351102197600;51783124;6.2.2024
Lappee 24.pdf;NXA6UED0013511022A7600;51783124;6.2.2024
Lappee 24.pdf;NXA6UED001351102367600;51783124;6.2.2024
Lappee 24.pdf;NXA6UED001351102487600;51783124;6.2.2024
Lappee 24.pdf;NXA6UED001351102497600;51783124;6.2.2024
Lappee 24.pdf;NXA6UED0013511024B7600;51783124;6.2.2024
Lappee 24.pdf;NXA6UED001351102567600;51783124;6.2.2024
Lappee 24.pdf;NXA6UED001351102657600;51783124;6.2.2024
Lappee 24.pdf;NXA6UED001351102687600;51783124;6.2.2024
Lappee 24.pdf;NXA6UED001351102697600;51783124;6.2.2024
Lappee 24.pdf;NXA6UED0013511026A7600;51783124;6.2.2024
Lappee 24.pdf;NXA6UED0013511026C7600;51783124;6.2.2024
Lappee 24.pdf;NXA6UED0013511026E7600;51783124;6.2.2024
Lappee 24.pdf;NXA6UED001351102717600;51783124;6.2.2024
Lappee 24.pdf;NXA6UED001351102727600;51783124;6.2.2024
Lappee 24.pdf;NXA6UED001351102757600;51783124;6.2.2024
Lappee 24.pdf;NXA6UED001351102777600;51783124;6.2.2024
Lappee 24.pdf;NXA6UED001351102797600;51783124;6.2.2024
Lappee 24.pdf;NXA6UED0013511027A7600;51783124;6.2.2024
Lappee 24.pdf;NXA6UED0013511027B7600;51783124;6.2.2024
Lappee 24.pdf;NXA6UED0013511027C7600;51783124;6.2.2024
Lappee 24.pdf;NXA6UED0013511027E7600;51783124;6.2.2024
Lappee 24.pdf;NXA6UED001351102807600;51783124;6.2.2024
Lappee 24.pdf;NXA6UED001351102817600;51783124;6.2.2024
Lappee 24.pdf;NXA6UED001351102847600;51783124;6.2.2024
Lappee 24.pdf;NXA6UED001351102857600;51783124;6.2.2024
Lappee 24.pdf;NXA6UED001351102867600;51783124;6.2.2024
Lappee 24.pdf;NXA6UED001351102887600;51783124;6.2.2024
Lappee 24.pdf;NXA6UED0013511028D7600;51783124;6.2.2024
Lappee 24.pdf;NXA6UED0013511028F7600;51783124;6.2.2024
Lappee 24.pdf;NXA6UED001351102907600;51783124;6.2.2024
Lappee 24.pdf;NXA6UED001351102937600;51783124;6.2.2024
Lappee 24.pdf;NXA6UED0013511029D7600;51783124;6.2.2024
Lappee 24.pdf;NXA6UED0013511029E7600;51783124;6.2.2024
Lappee 24.pdf;NXA6UED0013511029F7600;51783124;6.2.2024
Lappee 24.pdf;NXA6UED001351102A07600;51783124;6.2.2024
Lappee 24.pdf;NXA6UED001351102A37600;51783124;6.2.2024
Lappee 24.pdf;NXA6UED001351102A47600;51783124;6.2.2024
Lappee 24.pdf;NXA6UED001351102A57600;51783124;6.2.2024
Lappee 24.pdf;NXA6UED001351102A67600;51783124;6.2.2024
Lappee 24.pdf;NXA6UED001351102A77600;51783124;6.2.2024
Lappee 24.pdf;NXA6UED001351102A87600;51783124;6.2.2024
Lappee 24.pdf;NXA6UED001351102A97600;51783124;6.2.2024
Lappee 24.pdf;NXA6UED001351102AA7600;51783124;6.2.2024
Lappee 24.pdf;NXA6UED001351102AB7600;51783124;6.2.2024
Lappee 24.pdf;NXA6UED001351102AC7600;51783124;6.2.2024
Lappee 24.pdf;NXA6UED001351102AD7600;51783124;6.2.2024
Lappee 24.pdf;NXA6UED001351102AE7600;51783124;6.2.2024
Lappee 24.pdf;NXA6UED001351102AF7600;51783124;6.2.2024
Lappee 24.pdf;NXA6UED001351102B07600;51783124;6.2.2024
Lappee 24.pdf;NXA6UED001351102B17600;51783124;6.2.2024
Lappee 24.pdf;NXA6UED001351102B47600;51783124;6.2.2024
Lappee 24.pdf;NXA6UED001351102B57600;51783124;6.2.2024
Lappee 24.pdf;NXA6UED001351102B67600;51783124;6.2.2024
Lappee 24.pdf;NXA6UED001351102B77600;51783124;6.2.2024
Lappee 24.pdf;NXA6UED001351102B87600;51783124;6.2.2024
Lappee 24.pdf;NXA6UED001351102B97600;51783124;6.2.2024
Lappee 24.pdf;NXA6UED001351102BA7600;51783124;6.2.2024
Lappee 24.pdf;NXA6UED001351102BB7600;51783124;6.2.2024
Lappee 24.pdf;NXA6UED001351102BC7600;51783124;6.2.2024
Lappee 24.pdf;NXA6UED001351102BE7600;51783124;6.2.2024
Lappee 24.pdf;NXA6UED001351102BF7600;51783124;6.2.2024
Lappee 24.pdf;NXA6UED001351102C07600;51783124;6.2.2024
Lappee 24.pdf;NXA6UED001351102C17600;51783124;6.2.2024
Lappee 24.pdf;NXA6UED001351102C27600;51783124;6.2.2024
Lappee 24.pdf;NXA6UED001351102C37600;51783124;6.2.2024
Lappee 24.pdf;NXA6UED001351102C97600;51783124;6.2.2024
Lappee 24.pdf;NXA6UED001351102CA7600;51783124;6.2.2024
Lappee 24.pdf;NXA6UED001351102D57600;51783124;6.2.2024
Lappee 24.pdf;NXA6UED001351102DA7600;51783124;6.2.2024
Lappee 24.pdf;NXA6UED001351103077600;51783124;6.2.2024
Lappee 24.pdf;NXA6UED001351103397600;51783124;6.2.2024
Lappee 24.pdf;NXA6UED001351104227600;51783124;6.2.2024
Kimpinen 24.pdf;NXA6UED001351103917600;51783123;6.2.2024
Kimpinen 24.pdf;NXA6UED0013511047D7600;51783123;6.2.2024
Kimpinen 24.pdf;NXA6UED001351100E57600;51783123;6.2.2024
Kimpinen 24.pdf;NXA6UED001351100F17600;51783123;6.2.2024
Kimpinen 24.pdf;NXA6UED001351100F87600;51783123;6.2.2024
Kimpinen 24.pdf;NXA6UED001351100FB7600;51783123;6.2.2024
Kimpinen 24.pdf;NXA6UED001351100FE7600;51783123;6.2.2024
Kimpinen 24.pdf;NXA6UED001351101077600;51783123;6.2.2024
Kimpinen 24.pdf;NXA6UED001351101197600;51783123;6.2.2024
Kimpinen 24.pdf;NXA6UED0013511011A7600;51783123;6.2.2024
Kimpinen 24.pdf;NXA6UED0013511011B7600;51783123;6.2.2024
Kimpinen 24.pdf;NXA6UED0013511011D7600;51783123;6.2.2024
Kimpinen 24.pdf;NXA6UED0013511011F7600;51783123;6.2.2024
Kimpinen 24.pdf;NXA6UED0013511015C7600;51783123;6.2.2024
Kimpinen 24.pdf;NXA6UED001351101727600;51783123;6.2.2024
Kimpinen 24.pdf;NXA6UED001351101737600;51783123;6.2.2024
Kimpinen 24.pdf;NXA6UED001351101847600;51783123;6.2.2024
Kimpinen 24.pdf;NXA6UED0013511019C7600;51783123;6.2.2024
Kimpinen 24.pdf;NXA6UED001351101B87600;51783123;6.2.2024
Kimpinen 24.pdf;NXA6UED001351101ED7600;51783123;6.2.2024
Kimpinen 24.pdf;NXA6UED001351102427600;51783123;6.2.2024
Kimpinen 24.pdf;NXA6UED001351102437600;51783123;6.2.2024
Kimpinen 24.pdf;NXA6UED0013511025C7600;51783123;6.2.2024
Kimpinen 24.pdf;NXA6UED001351102667600;51783123;6.2.2024
Kimpinen 24.pdf;NXA6UED001351102947600;51783123;6.2.2024
Kimpinen 24.pdf;NXA6UED001351102B37600;51783123;6.2.2024
Kimpinen 24.pdf;NXA6UED001351102BD7600;51783123;6.2.2024
Kimpinen 24.pdf;NXA6UED001351102C57600;51783123;6.2.2024
Kimpinen 24.pdf;NXA6UED001351102CB7600;51783123;6.2.2024
Kimpinen 24.pdf;NXA6UED001351102CE7600;51783123;6.2.2024
Kimpinen 24.pdf;NXA6UED001351102D07600;51783123;6.2.2024
Kimpinen 24.pdf;NXA6UED001351102D37600;51783123;6.2.2024
Kimpinen 24.pdf;NXA6UED001351102D47600;51783123;6.2.2024
Kimpinen 24.pdf;NXA6UED001351102D87600;51783123;6.2.2024
Kimpinen 24.pdf;NXA6UED001351102E17600;51783123;6.2.2024
Kimpinen 24.pdf;NXA6UED001351102E27600;51783123;6.2.2024
Kimpinen 24.pdf;NXA6UED001351102E37600;51783123;6.2.2024
Kimpinen 24.pdf;NXA6UED001351102E57600;51783123;6.2.2024
Kimpinen 24.pdf;NXA6UED001351102E67600;51783123;6.2.2024
Kimpinen 24.pdf;NXA6UED001351102E77600;51783123;6.2.2024
Kimpinen 24.pdf;NXA6UED001351102E87600;51783123;6.2.2024
Kimpinen 24.pdf;NXA6UED001351102EA7600;51783123;6.2.2024
Kimpinen 24.pdf;NXA6UED001351102EB7600;51783123;6.2.2024
Kimpinen 24.pdf;NXA6UED001351102ED7600;51783123;6.2.2024
Kimpinen 24.pdf;NXA6UED001351102EE7600;51783123;6.2.2024
Kimpinen 24.pdf;NXA6UED001351102EF7600;51783123;6.2.2024
Kimpinen 24.pdf;NXA6UED001351102F07600;51783123;6.2.2024
Kimpinen 24.pdf;NXA6UED001351102F17600;51783123;6.2.2024
Kimpinen 24.pdf;NXA6UED001351102F27600;51783123;6.2.2024
Kimpinen 24.pdf;NXA6UED001351102F37600;51783123;6.2.2024
Kimpinen 24.pdf;NXA6UED001351102F47600;51783123;6.2.2024
Kimpinen 24.pdf;NXA6UED001351102F57600;51783123;6.2.2024
Kimpinen 24.pdf;NXA6UED001351102F67600;51783123;6.2.2024
Kimpinen 24.pdf;NXA6UED001351102F87600;51783123;6.2.2024
Kimpinen 24.pdf;NXA6UED001351102F97600;51783123;6.2.2024
Kimpinen 24.pdf;NXA6UED001351102FA7600;51783123;6.2.2024
Kimpinen 24.pdf;NXA6UED001351102FB7600;51783123;6.2.2024
Kimpinen 24.pdf;NXA6UED001351102FC7600;51783123;6.2.2024
Kimpinen 24.pdf;NXA6UED001351102FD7600;51783123;6.2.2024
Kimpinen 24.pdf;NXA6UED001351102FE7600;51783123;6.2.2024
Kimpinen 24.pdf;NXA6UED001351102FF7600;51783123;6.2.2024
Kimpinen 24.pdf;NXA6UED001351103017600;51783123;6.2.2024
Kimpinen 24.pdf;NXA6UED001351103027600;51783123;6.2.2024
Kimpinen 24.pdf;NXA6UED001351103037600;51783123;6.2.2024
Kimpinen 24.pdf;NXA6UED001351103047600;51783123;6.2.2024
Kimpinen 24.pdf;NXA6UED001351103057600;51783123;6.2.2024
Kimpinen 24.pdf;NXA6UED001351103087600;51783123;6.2.2024
Kimpinen 24.pdf;NXA6UED001351103097600;51783123;6.2.2024
Kimpinen 24.pdf;NXA6UED0013511030A7600;51783123;6.2.2024
Kimpinen 24.pdf;NXA6UED0013511030B7600;51783123;6.2.2024
Kimpinen 24.pdf;NXA6UED0013511030C7600;51783123;6.2.2024
Kimpinen 24.pdf;NXA6UED0013511030D7600;51783123;6.2.2024
Kimpinen 24.pdf;NXA6UED0013511030E7600;51783123;6.2.2024
Kimpinen 24.pdf;NXA6UED0013511030F7600;51783123;6.2.2024
Kimpinen 24.pdf;NXA6UED001351103107600;51783123;6.2.2024
Kimpinen 24.pdf;NXA6UED001351103117600;51783123;6.2.2024
Kimpinen 24.pdf;NXA6UED001351103127600;51783123;6.2.2024
Kimpinen 24.pdf;NXA6UED001351103137600;51783123;6.2.2024
Kimpinen 24.pdf;NXA6UED001351103147600;51783123;6.2.2024
Kimpinen 24.pdf;NXA6UED001351103167600;51783123;6.2.2024
Kimpinen 24.pdf;NXA6UED001351103177600;51783123;6.2.2024
Kimpinen 24.pdf;NXA6UED001351103187600;51783123;6.2.2024
Kimpinen 24.pdf;NXA6UED0013511031A7600;51783123;6.2.2024
Kimpinen 24.pdf;NXA6UED0013511031B7600;51783123;6.2.2024
Kimpinen 24.pdf;NXA6UED0013511031C7600;51783123;6.2.2024
Kimpinen 24.pdf;NXA6UED0013511031D7600;51783123;6.2.2024
Kimpinen 24.pdf;NXA6UED0013511031E7600;51783123;6.2.2024
Kimpinen 24.pdf;NXA6UED0013511031F7600;51783123;6.2.2024
Kimpinen 24.pdf;NXA6UED001351103207600;51783123;6.2.2024
Kimpinen 24.pdf;NXA6UED001351103237600;51783123;6.2.2024
Kimpinen 24.pdf;NXA6UED001351103297600;51783123;6.2.2024
Kimpinen 24.pdf;NXA6UED0013511032A7600;51783123;6.2.2024
Kimpinen 24.pdf;NXA6UED0013511032B7600;51783123;6.2.2024
Kimpinen 24.pdf;NXA6UED0013511032C7600;51783123;6.2.2024
Kimpinen 24.pdf;NXA6UED0013511032F7600;51783123;6.2.2024
Kimpinen 24.pdf;NXA6UED001351103307600;51783123;6.2.2024
Kimpinen 24.pdf;NXA6UED001351103317600;51783123;6.2.2024
Kimpinen 24.pdf;NXA6UED001351103337600;51783123;6.2.2024
Kimpinen 24.pdf;NXA6UED001351103357600;51783123;6.2.2024
Kimpinen 24.pdf;NXA6UED0013511033A7600;51783123;6.2.2024
Kimpinen 24.pdf;NXA6UED0013511033D7600;51783123;6.2.2024
Kimpinen 24.pdf;NXA6UED0013511033F7600;51783123;6.2.2024
Kimpinen 24.pdf;NXA6UED001351103417600;51783123;6.2.2024
Kimpinen 24.pdf;NXA6UED0013511034A7600;51783123;6.2.2024
Kimpinen 24.pdf;NXA6UED0013511034C7600;51783123;6.2.2024
Kimpinen 24.pdf;NXA6UED0013511034E7600;51783123;6.2.2024
Kimpinen 24.pdf;NXA6UED001351103507600;51783123;6.2.2024
Kimpinen 24.pdf;NXA6UED001351103517600;51783123;6.2.2024
Kimpinen 24.pdf;NXA6UED001351103577600;51783123;6.2.2024
Kimpinen 24.pdf;NXA6UED0013511036E7600;51783123;6.2.2024
Kimpinen 24.pdf;NXA6UED0013511036F7600;51783123;6.2.2024
Kimpinen 24.pdf;NXA6UED001351103717600;51783123;6.2.2024
Kimpinen 24.pdf;NXA6UED001351103747600;51783123;6.2.2024
Kimpinen 24.pdf;NXA6UED001351103777600;51783123;6.2.2024
Kimpinen 24.pdf;NXA6UED001351103797600;51783123;6.2.2024
Kimpinen 24.pdf;NXA6UED0013511037C7600;51783123;6.2.2024
Kimpinen 24.pdf;NXA6UED001351103817600;51783123;6.2.2024
Kimpinen 24.pdf;NXA6UED001351103827600;51783123;6.2.2024
Kimpinen 24.pdf;NXA6UED001351103837600;51783123;6.2.2024
Kimpinen 24.pdf;NXA6UED001351103867600;51783123;6.2.2024
Kimpinen 24.pdf;NXA6UED001351103887600;51783123;6.2.2024
Kimpinen 24.pdf;NXA6UED0013511038C7600;51783123;6.2.2024
Kimpinen 24.pdf;NXA6UED0013511038D7600;51783123;6.2.2024
Kimpinen 24.pdf;NXA6UED0013511038E7600;51783123;6.2.2024
Kimpinen 24.pdf;NXA6UED001351103907600;51783123;6.2.2024
Kimpinen 24.pdf;NXA6UED001351103927600;51783123;6.2.2024
Kimpinen 24.pdf;NXA6UED001351103987600;51783123;6.2.2024
Kimpinen 24.pdf;NXA6UED001351103A67600;51783123;6.2.2024
Kimpinen 24.pdf;NXA6UED001351103AA7600;51783123;6.2.2024
Kimpinen 24.pdf;NXA6UED001351103B47600;51783123;6.2.2024
Kimpinen 24.pdf;NXA6UED001351103CA7600;51783123;6.2.2024
Kimpinen 24.pdf;NXA6UED001351103DE7600;51783123;6.2.2024
Kimpinen 24.pdf;NXA6UED001351103E07600;51783123;6.2.2024
Kimpinen 24.pdf;NXA6UED001351104467600;51783123;6.2.2024
Kimpinen 24.pdf;NXA6UED001351104517600;51783123;6.2.2024
Kesämäki 24.pdf;NXA6UED001351104A37600;51783122;6.2.2024
Kesämäki 24.pdf;NXA6UED001351100E67600;51783122;6.2.2024
Kesämäki 24.pdf;NXA6UED001351100E77600;51783122;6.2.2024
Kesämäki 24.pdf;NXA6UED001351100E87600;51783122;6.2.2024
Kesämäki 24.pdf;NXA6UED001351100E97600;51783122;6.2.2024
Kesämäki 24.pdf;NXA6UED001351100EA7600;51783122;6.2.2024
Kesämäki 24.pdf;NXA6UED001351100EC7600;51783122;6.2.2024
Kesämäki 24.pdf;NXA6UED001351100ED7600;51783122;6.2.2024
Kesämäki 24.pdf;NXA6UED001351100EE7600;51783122;6.2.2024
Kesämäki 24.pdf;NXA6UED001351100EF7600;51783122;6.2.2024
Kesämäki 24.pdf;NXA6UED001351100F07600;51783122;6.2.2024
Kesämäki 24.pdf;NXA6UED001351100F27600;51783122;6.2.2024
Kesämäki 24.pdf;NXA6UED001351100F47600;51783122;6.2.2024
Kesämäki 24.pdf;NXA6UED001351100F57600;51783122;6.2.2024
Kesämäki 24.pdf;NXA6UED001351100F67600;51783122;6.2.2024
Kesämäki 24.pdf;NXA6UED001351100F77600;51783122;6.2.2024
Kesämäki 24.pdf;NXA6UED001351100FA7600;51783122;6.2.2024
Kesämäki 24.pdf;NXA6UED001351100FD7600;51783122;6.2.2024
Kesämäki 24.pdf;NXA6UED001351100FF7600;51783122;6.2.2024
Kesämäki 24.pdf;NXA6UED001351101007600;51783122;6.2.2024
Kesämäki 24.pdf;NXA6UED001351101017600;51783122;6.2.2024
Kesämäki 24.pdf;NXA6UED001351101027600;51783122;6.2.2024
Kesämäki 24.pdf;NXA6UED001351101037600;51783122;6.2.2024
Kesämäki 24.pdf;NXA6UED001351101047600;51783122;6.2.2024
Kesämäki 24.pdf;NXA6UED001351101057600;51783122;6.2.2024
Kesämäki 24.pdf;NXA6UED001351101067600;51783122;6.2.2024
Kesämäki 24.pdf;NXA6UED001351101087600;51783122;6.2.2024
Kesämäki 24.pdf;NXA6UED001351101097600;51783122;6.2.2024
Kesämäki 24.pdf;NXA6UED0013511010C7600;51783122;6.2.2024
Kesämäki 24.pdf;NXA6UED0013511010D7600;51783122;6.2.2024
Kesämäki 24.pdf;NXA6UED0013511010E7600;51783122;6.2.2024
Kesämäki 24.pdf;NXA6UED0013511010F7600;51783122;6.2.2024
Kesämäki 24.pdf;NXA6UED001351101107600;51783122;6.2.2024
Kesämäki 24.pdf;NXA6UED001351101117600;51783122;6.2.2024
Kesämäki 24.pdf;NXA6UED001351101127600;51783122;6.2.2024
Kesämäki 24.pdf;NXA6UED001351101147600;51783122;6.2.2024
Kesämäki 24.pdf;NXA6UED001351101157600;51783122;6.2.2024
Kesämäki 24.pdf;NXA6UED001351101167600;51783122;6.2.2024
Kesämäki 24.pdf;NXA6UED001351101187600;51783122;6.2.2024
Kesämäki 24.pdf;NXA6UED001351101507600;51783122;6.2.2024
Kesämäki 24.pdf;NXA6UED001351101527600;51783122;6.2.2024
Kesämäki 24.pdf;NXA6UED001351101577600;51783122;6.2.2024
Kesämäki 24.pdf;NXA6UED001351101AD7600;51783122;6.2.2024
Kesämäki 24.pdf;NXA6UED001351102527600;51783122;6.2.2024
Kesämäki 24.pdf;NXA6UED0013511029B7600;51783122;6.2.2024
Kesämäki 24.pdf;NXA6UED001351102B27600;51783122;6.2.2024
Kesämäki 24.pdf;NXA6UED001351102C67600;51783122;6.2.2024
Kesämäki 24.pdf;NXA6UED001351102DC7600;51783122;6.2.2024
Kesämäki 24.pdf;NXA6UED001351102DD7600;51783122;6.2.2024
Kesämäki 24.pdf;NXA6UED001351102EC7600;51783122;6.2.2024
Kesämäki 24.pdf;NXA6UED001351103157600;51783122;6.2.2024
Kesämäki 24.pdf;NXA6UED0013511034D7600;51783122;6.2.2024
Kesämäki 24.pdf;NXA6UED001351103677600;51783122;6.2.2024
Kesämäki 24.pdf;NXA6UED0013511036C7600;51783122;6.2.2024
Kesämäki 24.pdf;NXA6UED0013511037D7600;51783122;6.2.2024
Kesämäki 24.pdf;NXA6UED001351103807600;51783122;6.2.2024
Kesämäki 24.pdf;NXA6UED001351103857600;51783122;6.2.2024
Kesämäki 24.pdf;NXA6UED0013511038A7600;51783122;6.2.2024
Kesämäki 24.pdf;NXA6UED001351103A97600;51783122;6.2.2024
Kesämäki 24.pdf;NXA6UED001351103AC7600;51783122;6.2.2024
Kesämäki 24.pdf;NXA6UED001351103AD7600;51783122;6.2.2024
Kesämäki 24.pdf;NXA6UED001351103B07600;51783122;6.2.2024
Kesämäki 24.pdf;NXA6UED001351103B57600;51783122;6.2.2024
Kesämäki 24.pdf;NXA6UED001351103BB7600;51783122;6.2.2024
Kesämäki 24.pdf;NXA6UED001351103BD7600;51783122;6.2.2024
Kesämäki 24.pdf;NXA6UED001351103BF7600;51783122;6.2.2024
Kesämäki 24.pdf;NXA6UED001351103CB7600;51783122;6.2.2024
Kesämäki 24.pdf;NXA6UED001351103CD7600;51783122;6.2.2024
Kesämäki 24.pdf;NXA6UED001351103CE7600;51783122;6.2.2024
Kesämäki 24.pdf;NXA6UED001351103CF7600;51783122;6.2.2024
Kesämäki 24.pdf;NXA6UED001351103D07600;51783122;6.2.2024
Kesämäki 24.pdf;NXA6UED001351103D17600;51783122;6.2.2024
Kesämäki 24.pdf;NXA6UED001351103D57600;51783122;6.2.2024
Kesämäki 24.pdf;NXA6UED001351103D67600;51783122;6.2.2024
Kesämäki 24.pdf;NXA6UED001351103D77600;51783122;6.2.2024
Kesämäki 24.pdf;NXA6UED001351103D87600;51783122;6.2.2024
Kesämäki 24.pdf;NXA6UED001351103E27600;51783122;6.2.2024
Kesämäki 24.pdf;NXA6UED001351103E37600;51783122;6.2.2024
Kesämäki 24.pdf;NXA6UED001351103E57600;51783122;6.2.2024
Kesämäki 24.pdf;NXA6UED001351103E77600;51783122;6.2.2024
Kesämäki 24.pdf;NXA6UED001351103EA7600;51783122;6.2.2024
Kesämäki 24.pdf;NXA6UED001351103F07600;51783122;6.2.2024
Kesämäki 24.pdf;NXA6UED001351103F27600;51783122;6.2.2024
Kesämäki 24.pdf;NXA6UED001351103F47600;51783122;6.2.2024
Kesämäki 24.pdf;NXA6UED001351103F67600;51783122;6.2.2024
Kesämäki 24.pdf;NXA6UED001351103F97600;51783122;6.2.2024
Kesämäki 24.pdf;NXA6UED001351103FF7600;51783122;6.2.2024
Kesämäki 24.pdf;NXA6UED001351104017600;51783122;6.2.2024
Kesämäki 24.pdf;NXA6UED001351104037600;51783122;6.2.2024
Kesämäki 24.pdf;NXA6UED001351104107600;51783122;6.2.2024
Kesämäki 24.pdf;NXA6UED001351104117600;51783122;6.2.2024
Kesämäki 24.pdf;NXA6UED001351104137600;51783122;6.2.2024
Kesämäki 24.pdf;NXA6UED001351104187600;51783122;6.2.2024
Kesämäki 24.pdf;NXA6UED0013511041D7600;51783122;6.2.2024
Kesämäki 24.pdf;NXA6UED001351104207600;51783122;6.2.2024
Kesämäki 24.pdf;NXA6UED001351104217600;51783122;6.2.2024
Kesämäki 24.pdf;NXA6UED001351104267600;51783122;6.2.2024
Kesämäki 24.pdf;NXA6UED0013511042F7600;51783122;6.2.2024
Kesämäki 24.pdf;NXA6UED001351104367600;51783122;6.2.2024
Kesämäki 24.pdf;NXA6UED001351104397600;51783122;6.2.2024
Kesämäki 24.pdf;NXA6UED001351104547600;51783122;6.2.2024
Kesämäki 24.pdf;NXA6UED0013511045A7600;51783122;6.2.2024
Kesämäki 24.pdf;NXA6UED0013511045B7600;51783122;6.2.2024
Kesämäki 24.pdf;NXA6UED0013511045C7600;51783122;6.2.2024
Kesämäki 24.pdf;NXA6UED001351104627600;51783122;6.2.2024
Kesämäki 24.pdf;NXA6UED001351104657600;51783122;6.2.2024
Kesämäki 24.pdf;NXA6UED001351104687600;51783122;6.2.2024
Kesämäki 24.pdf;NXA6UED0013511046B7600;51783122;6.2.2024
Kesämäki 24.pdf;NXA6UED0013511046D7600;51783122;6.2.2024
Kesämäki 24.pdf;NXA6UED001351104757600;51783122;6.2.2024
Kesämäki 24.pdf;NXA6UED001351104767600;51783122;6.2.2024
Kesämäki 24.pdf;NXA6UED001351104917600;51783122;6.2.2024
Kesämäki 24.pdf;NXA6UED001351104947600;51783122;6.2.2024
Kesämäki 24.pdf;NXA6UED001351104957600;51783122;6.2.2024
Kesämäki 24.pdf;NXA6UED001351104967600;51783122;6.2.2024
Kesämäki 24.pdf;NXA6UED001351104977600;51783122;6.2.2024
Kesämäki 24.pdf;NXA6UED001351104997600;51783122;6.2.2024
Kesämäki 24.pdf;NXA6UED0013511049B7600;51783122;6.2.2024
Kesämäki 24.pdf;NXA6UED0013511049C7600;51783122;6.2.2024
Kesämäki 24.pdf;NXA6UED0013511049D7600;51783122;6.2.2024
Kesämäki 24.pdf;NXA6UED0013511049E7600;51783122;6.2.2024
Kesämäki 24.pdf;NXA6UED001351104A17600;51783122;6.2.2024
Kesämäki 24.pdf;NXA6UED001351104A27600;51783122;6.2.2024
Lauritsala 23.pdf;NXA6UED001307023BA7600;51638690;18.4.2023
Lauritsala 23.pdf;NXA6UED001307023527600;51638690;18.4.2023
Lauritsala 23.pdf;NXA6UED001307023537600;51638690;18.4.2023
Lauritsala 23.pdf;NXA6UED001307023547600;51638690;18.4.2023
Lauritsala 23.pdf;NXA6UED0013070235C7600;51638690;18.4.2023
Lauritsala 23.pdf;NXA6UED0013070235D7600;51638690;18.4.2023
Lauritsala 23.pdf;NXA6UED001307023607600;51638690;18.4.2023
Lauritsala 23.pdf;NXA6UED001307023687600;51638690;18.4.2023
Lauritsala 23.pdf;NXA6UED0013070236F7600;51638690;18.4.2023
Lauritsala 23.pdf;NXA6UED001307023727600;51638690;18.4.2023
Lauritsala 23.pdf;NXA6UED001307023747600;51638690;18.4.2023
Lauritsala 23.pdf;NXA6UED001307023757600;51638690;18.4.2023
Lauritsala 23.pdf;NXA6UED001307023777600;51638690;18.4.2023
Lauritsala 23.pdf;NXA6UED001307023797600;51638690;18.4.2023
Lauritsala 23.pdf;NXA6UED0013070237A7600;51638690;18.4.2023
Lauritsala 23.pdf;NXA6UED0013070237D7600;51638690;18.4.2023
Lauritsala 23.pdf;NXA6UED0013070237E7600;51638690;18.4.2023
Lauritsala 23.pdf;NXA6UED0013070237F7600;51638690;18.4.2023
Lauritsala 23.pdf;NXA6UED001307023807600;51638690;18.4.2023
Lauritsala 23.pdf;NXA6UED001307023817600;51638690;18.4.2023
Lauritsala 23.pdf;NXA6UED001307023827600;51638690;18.4.2023
Lauritsala 23.pdf;NXA6UED001307023837600;51638690;18.4.2023
Lauritsala 23.pdf;NXA6UED001307023847600;51638690;18.4.2023
Lauritsala 23.pdf;NXA6UED001307023857600;51638690;18.4.2023
Lauritsala 23.pdf;NXA6UED001307023867600;51638690;18.4.2023
Lauritsala 23.pdf;NXA6UED001307023887600;51638690;18.4.2023
Lauritsala 23.pdf;NXA6UED0013070238A7600;51638690;18.4.2023
Lauritsala 23.pdf;NXA6UED0013070238B7600;51638690;18.4.2023
Lauritsala 23.pdf;NXA6UED0013070238C7600;51638690;18.4.2023
Lauritsala 23.pdf;NXA6UED0013070238E7600;51638690;18.4.2023
Lauritsala 23.pdf;NXA6UED0013070238F7600;51638690;18.4.2023
Lauritsala 23.pdf;NXA6UED001307023907600;51638690;18.4.2023
Lauritsala 23.pdf;NXA6UED001307023917600;51638690;18.4.2023
Lauritsala 23.pdf;NXA6UED001307023927600;51638690;18.4.2023
Lauritsala 23.pdf;NXA6UED001307023937600;51638690;18.4.2023
Lauritsala 23.pdf;NXA6UED001307023947600;51638690;18.4.2023
Lauritsala 23.pdf;NXA6UED001307023957600;51638690;18.4.2023
Lauritsala 23.pdf;NXA6UED001307023967600;51638690;18.4.2023
Lauritsala 23.pdf;NXA6UED001307023977600;51638690;18.4.2023
Lauritsala 23.pdf;NXA6UED001307023987600;51638690;18.4.2023
Lauritsala 23.pdf;NXA6UED001307023997600;51638690;18.4.2023
Lauritsala 23.pdf;NXA6UED0013070239A7600;51638690;18.4.2023
Lauritsala 23.pdf;NXA6UED0013070239B7600;51638690;18.4.2023
Lauritsala 23.pdf;NXA6UED001307023A07600;51638690;18.4.2023
Lauritsala 23.pdf;NXA6UED001307023A17600;51638690;18.4.2023
Lauritsala 23.pdf;NXA6UED001307023A37600;51638690;18.4.2023
Lauritsala 23.pdf;NXA6UED001307023A47600;51638690;18.4.2023
Lauritsala 23.pdf;NXA6UED001307023A77600;51638690;18.4.2023
Lauritsala 23.pdf;NXA6UED001307023A97600;51638690;18.4.2023
Lauritsala 23.pdf;NXA6UED001307023AF7600;51638690;18.4.2023
Lauritsala 23.pdf;NXA6UED001307023B17600;51638690;18.4.2023
Lauritsala 23.pdf;NXA6UED001307023B27600;51638690;18.4.2023
Lauritsala 23.pdf;NXA6UED001307023B57600;51638690;18.4.2023
Lauritsala 23.pdf;NXA6UED001307023B77600;51638690;18.4.2023
Lauritsala 23.pdf;NXA6UED001307023B87600;51638690;18.4.2023
Lauritsala 23.pdf;NXA6UED001307023BB7600;51638690;18.4.2023
Lauritsala 23.pdf;NXA6UED001307023BC7600;51638690;18.4.2023
Lauritsala 23.pdf;NXA6UED001307023BD7600;51638690;18.4.2023
Lauritsala 23.pdf;NXA6UED001307023BE7600;51638690;18.4.2023
Lauritsala 23.pdf;NXA6UED001307023C17600;51638690;18.4.2023
Lauritsala 23.pdf;NXA6UED001307023C37600;51638690;18.4.2023
Lauritsala 23.pdf;NXA6UED001307023CE7600;51638690;18.4.2023
Lauritsala 23.pdf;NXA6UED001307023D37600;51638690;18.4.2023
Lauritsala 23.pdf;NXA6UED001307023DA7600;51638690;18.4.2023
Lauritsala 23.pdf;NXA6UED001307023DD7600;51638690;18.4.2023
Lauritsala 23.pdf;NXA6UED001307023E37600;51638690;18.4.2023
Lauritsala 23.pdf;NXA6UED001307023E67600;51638690;18.4.2023
Lauritsala 23.pdf;NXA6UED001307023E77600;51638690;18.4.2023
Lauritsala 23.pdf;NXA6UED001307023E97600;51638690;18.4.2023
Lauritsala 23.pdf;NXA6UED001307023EA7600;51638690;18.4.2023
Lauritsala 23.pdf;NXA6UED001307023EC7600;51638690;18.4.2023
Lauritsala 23.pdf;NXA6UED001307023ED7600;51638690;18.4.2023
Lauritsala 23.pdf;NXA6UED001307023EF7600;51638690;18.4.2023
Lauritsala 23.pdf;NXA6UED001307023F07600;51638690;18.4.2023
Lauritsala 23.pdf;NXA6UED001307023F27600;51638690;18.4.2023
Lauritsala 23.pdf;NXA6UED001307023F37600;51638690;18.4.2023
Lauritsala 23.pdf;NXA6UED001307023F67600;51638690;18.4.2023
Lauritsala 23.pdf;NXA6UED001307023F87600;51638690;18.4.2023
Lauritsala 23.pdf;NXA6UED001307023F97600;51638690;18.4.2023
Lauritsala 23.pdf;NXA6UED001307023FA7600;51638690;18.4.2023
Lauritsala 23.pdf;NXA6UED001307023FF7600;51638690;18.4.2023
Lauritsala 23.pdf;NXA6UED001307024027600;51638690;18.4.2023
Lauritsala 23.pdf;NXA6UED001307024087600;51638690;18.4.2023
Lauritsala 23.pdf;NXA6UED0013070240F7600;51638690;18.4.2023
Lauritsala 23.pdf;NXA6UED001307024377600;51638690;18.4.2023
Lauritsala 23.pdf;NXA6UED0013070246E7600;51638690;18.4.2023
Lauritsala 23.pdf;NXA6UED001307024887600;51638690;18.4.2023
Lauritsala 23.pdf;NXA6UED001307024AC7600;51638690;18.4.2023
Lauritsala 23.pdf;NXA6UED001307025067600;51638690;18.4.2023
Lauritsala 23.pdf;NXA6UED0013070251D7600;51638690;18.4.2023
Lauritsala 23.pdf;NXA6UED0013070252E7600;51638690;18.4.2023
Lauritsala 23.pdf;NXA6UED0013070252F7600;51638690;18.4.2023
Lauritsala 23.pdf;NXA6UED0013040993A7600;51638690;18.4.2023
Lauritsala 23.pdf;NXA6UED0013040C25E7600;51638690;18.4.2023
Lauritsala 23.pdf;NXA6UED0013040C2B67600;51638690;18.4.2023
Lauritsala 23.pdf;NXA6UED001304098F67600;51638690;18.4.2023
Lauritsala 23.pdf;NXA6UED001304098F87600;51638690;18.4.2023
Lauritsala 23.pdf;NXA6UED001304099017600;51638690;18.4.2023
Lauritsala 23.pdf;NXA6UED0013040990B7600;51638690;18.4.2023
Lauritsala 23.pdf;NXA6UED001304099167600;51638690;18.4.2023
Lauritsala 23.pdf;NXA6UED001304099237600;51638690;18.4.2023
Lauritsala 23.pdf;NXA6UED001304099267600;51638690;18.4.2023
Lauritsala 23.pdf;NXA6UED0013040992B7600;51638690;18.4.2023
Lauritsala 23.pdf;NXA6UED001304099347600;51638690;18.4.2023
Lauritsala 23.pdf;NXA6UED001304099537600;51638690;18.4.2023
Lauritsala 23.pdf;NXA6UED001304099567600;51638690;18.4.2023
Lauritsala 23.pdf;NXA6UED0013040C2427600;51638690;18.4.2023
Lauritsala 23.pdf;NXA6UED0013040C2477600;51638690;18.4.2023
Lauritsala 23.pdf;NXA6UED0013040C24E7600;51638690;18.4.2023
Lauritsala 23.pdf;NXA6UED0013040C2557600;51638690;18.4.2023
Lauritsala 23.pdf;NXA6UED0013040C2577600;51638690;18.4.2023
Lauritsala 23.pdf;NXA6UED0013040C26B7600;51638690;18.4.2023
Lauritsala 23.pdf;NXA6UED0013040C2727600;51638690;18.4.2023
Lauritsala 23.pdf;NXA6UED0013040C2767600;51638690;18.4.2023
Lauritsala 23.pdf;NXA6UED0013040C2797600;51638690;18.4.2023
Lauritsala 23.pdf;NXA6UED0013040C2827600;51638690;18.4.2023
Lauritsala 23.pdf;NXA6UED0013040C2897600;51638690;18.4.2023
Lauritsala 23.pdf;NXA6UED0013040C28C7600;51638690;18.4.2023
Lauritsala 23.pdf;NXA6UED0013040C2937600;51638690;18.4.2023
Lauritsala 23.pdf;NXA6UED0013040C2957600;51638690;18.4.2023
Lauritsala 23.pdf;NXA6UED0013040C29B7600;51638690;18.4.2023
Lauritsala 23.pdf;NXA6UED0013040C2A17600;51638690;18.4.2023
Lauritsala 23.pdf;NXA6UED0013040C2B17600;51638690;18.4.2023
Joutseno 23.pdf;NXA6UED001307023BA7600;51638690;18.4.2023
Joutseno 23.pdf;NXA6UED001307023527600;51638690;18.4.2023
Joutseno 23.pdf;NXA6UED001307023537600;51638690;18.4.2023
Joutseno 23.pdf;NXA6UED001307023547600;51638690;18.4.2023
Joutseno 23.pdf;NXA6UED0013070235C7600;51638690;18.4.2023
Joutseno 23.pdf;NXA6UED0013070235D7600;51638690;18.4.2023
Joutseno 23.pdf;NXA6UED001307023607600;51638690;18.4.2023
Joutseno 23.pdf;NXA6UED001307023687600;51638690;18.4.2023
Joutseno 23.pdf;NXA6UED0013070236F7600;51638690;18.4.2023
Joutseno 23.pdf;NXA6UED001307023727600;51638690;18.4.2023
Joutseno 23.pdf;NXA6UED001307023747600;51638690;18.4.2023
Joutseno 23.pdf;NXA6UED001307023757600;51638690;18.4.2023
Joutseno 23.pdf;NXA6UED001307023777600;51638690;18.4.2023
Joutseno 23.pdf;NXA6UED001307023797600;51638690;18.4.2023
Joutseno 23.pdf;NXA6UED0013070237A7600;51638690;18.4.2023
Joutseno 23.pdf;NXA6UED0013070237D7600;51638690;18.4.2023
Joutseno 23.pdf;NXA6UED0013070237E7600;51638690;18.4.2023
Joutseno 23.pdf;NXA6UED0013070237F7600;51638690;18.4.2023
Joutseno 23.pdf;NXA6UED001307023807600;51638690;18.4.2023
Joutseno 23.pdf;NXA6UED001307023817600;51638690;18.4.2023
Joutseno 23.pdf;NXA6UED001307023827600;51638690;18.4.2023
Joutseno 23.pdf;NXA6UED001307023837600;51638690;18.4.2023
Joutseno 23.pdf;NXA6UED001307023847600;51638690;18.4.2023
Joutseno 23.pdf;NXA6UED001307023857600;51638690;18.4.2023
Joutseno 23.pdf;NXA6UED001307023867600;51638690;18.4.2023
Joutseno 23.pdf;NXA6UED001307023887600;51638690;18.4.2023
Joutseno 23.pdf;NXA6UED0013070238A7600;51638690;18.4.2023
Joutseno 23.pdf;NXA6UED0013070238B7600;51638690;18.4.2023
Joutseno 23.pdf;NXA6UED0013070238C7600;51638690;18.4.2023
Joutseno 23.pdf;NXA6UED0013070238E7600;51638690;18.4.2023
Joutseno 23.pdf;NXA6UED0013070238F7600;51638690;18.4.2023
Joutseno 23.pdf;NXA6UED001307023907600;51638690;18.4.2023
Joutseno 23.pdf;NXA6UED001307023917600;51638690;18.4.2023
Joutseno 23.pdf;NXA6UED001307023927600;51638690;18.4.2023
Joutseno 23.pdf;NXA6UED001307023937600;51638690;18.4.2023
Joutseno 23.pdf;NXA6UED001307023947600;51638690;18.4.2023
Joutseno 23.pdf;NXA6UED001307023957600;51638690;18.4.2023
Joutseno 23.pdf;NXA6UED001307023967600;51638690;18.4.2023
Joutseno 23.pdf;NXA6UED001307023977600;51638690;18.4.2023
Joutseno 23.pdf;NXA6UED001307023987600;51638690;18.4.2023
Joutseno 23.pdf;NXA6UED001307023997600;51638690;18.4.2023
Joutseno 23.pdf;NXA6UED0013070239A7600;51638690;18.4.2023
Joutseno 23.pdf;NXA6UED0013070239B7600;51638690;18.4.2023
Joutseno 23.pdf;NXA6UED001307023A07600;51638690;18.4.2023
Joutseno 23.pdf;NXA6UED001307023A17600;51638690;18.4.2023
Joutseno 23.pdf;NXA6UED001307023A37600;51638690;18.4.2023
Joutseno 23.pdf;NXA6UED001307023A47600;51638690;18.4.2023
Joutseno 23.pdf;NXA6UED001307023A77600;51638690;18.4.2023
Joutseno 23.pdf;NXA6UED001307023A97600;51638690;18.4.2023
Joutseno 23.pdf;NXA6UED001307023AF7600;51638690;18.4.2023
Joutseno 23.pdf;NXA6UED001307023B17600;51638690;18.4.2023
Joutseno 23.pdf;NXA6UED001307023B27600;51638690;18.4.2023
Joutseno 23.pdf;NXA6UED001307023B57600;51638690;18.4.2023
Joutseno 23.pdf;NXA6UED001307023B77600;51638690;18.4.2023
Joutseno 23.pdf;NXA6UED001307023B87600;51638690;18.4.2023
Joutseno 23.pdf;NXA6UED001307023BB7600;51638690;18.4.2023
Joutseno 23.pdf;NXA6UED001307023BC7600;51638690;18.4.2023
Joutseno 23.pdf;NXA6UED001307023BD7600;51638690;18.4.2023
Joutseno 23.pdf;NXA6UED001307023BE7600;51638690;18.4.2023
Joutseno 23.pdf;NXA6UED001307023C17600;51638690;18.4.2023
Joutseno 23.pdf;NXA6UED001307023C37600;51638690;18.4.2023
Joutseno 23.pdf;NXA6UED001307023CE7600;51638690;18.4.2023
Joutseno 23.pdf;NXA6UED001307023D37600;51638690;18.4.2023
Joutseno 23.pdf;NXA6UED001307023DA7600;51638690;18.4.2023
Joutseno 23.pdf;NXA6UED001307023DD7600;51638690;18.4.2023
Joutseno 23.pdf;NXA6UED001307023E37600;51638690;18.4.2023
Joutseno 23.pdf;NXA6UED001307023E67600;51638690;18.4.2023
Joutseno 23.pdf;NXA6UED001307023E77600;51638690;18.4.2023
Joutseno 23.pdf;NXA6UED001307023E97600;51638690;18.4.2023
Joutseno 23.pdf;NXA6UED001307023EA7600;51638690;18.4.2023
Joutseno 23.pdf;NXA6UED001307023EC7600;51638690;18.4.2023
Joutseno 23.pdf;NXA6UED001307023ED7600;51638690;18.4.2023
Joutseno 23.pdf;NXA6UED001307023EF7600;51638690;18.4.2023
Joutseno 23.pdf;NXA6UED001307023F07600;51638690;18.4.2023
Joutseno 23.pdf;NXA6UED001307023F27600;51638690;18.4.2023
Joutseno 23.pdf;NXA6UED001307023F37600;51638690;18.4.2023
Joutseno 23.pdf;NXA6UED001307023F67600;51638690;18.4.2023
Joutseno 23.pdf;NXA6UED001307023F87600;51638690;18.4.2023
Joutseno 23.pdf;NXA6UED001307023F97600;51638690;18.4.2023
Joutseno 23.pdf;NXA6UED001307023FA7600;51638690;18.4.2023
Joutseno 23.pdf;NXA6UED001307023FF7600;51638690;18.4.2023
Joutseno 23.pdf;NXA6UED001307024027600;51638690;18.4.2023
Joutseno 23.pdf;NXA6UED001307024087600;51638690;18.4.2023
Joutseno 23.pdf;NXA6UED0013070240F7600;51638690;18.4.2023
Joutseno 23.pdf;NXA6UED001307024377600;51638690;18.4.2023
Joutseno 23.pdf;NXA6UED0013070246E7600;51638690;18.4.2023
Joutseno 23.pdf;NXA6UED001307024887600;51638690;18.4.2023
Joutseno 23.pdf;NXA6UED001307024AC7600;51638690;18.4.2023
Joutseno 23.pdf;NXA6UED001307025067600;51638690;18.4.2023
Joutseno 23.pdf;NXA6UED0013070251D7600;51638690;18.4.2023
Joutseno 23.pdf;NXA6UED0013070252E7600;51638690;18.4.2023
Joutseno 23.pdf;NXA6UED0013070252F7600;51638690;18.4.2023
Joutseno 23.pdf;NXA6UED0013040993A7600;51638690;18.4.2023
Joutseno 23.pdf;NXA6UED0013040C25E7600;51638690;18.4.2023
Joutseno 23.pdf;NXA6UED0013040C2B67600;51638690;18.4.2023
Joutseno 23.pdf;NXA6UED001304098F67600;51638690;18.4.2023
Joutseno 23.pdf;NXA6UED001304098F87600;51638690;18.4.2023
Joutseno 23.pdf;NXA6UED001304099017600;51638690;18.4.2023
Joutseno 23.pdf;NXA6UED0013040990B7600;51638690;18.4.2023
Joutseno 23.pdf;NXA6UED001304099167600;51638690;18.4.2023
Joutseno 23.pdf;NXA6UED001304099237600;51638690;18.4.2023
Joutseno 23.pdf;NXA6UED001304099267600;51638690;18.4.2023
Joutseno 23.pdf;NXA6UED0013040992B7600;51638690;18.4.2023
Joutseno 23.pdf;NXA6UED001304099347600;51638690;18.4.2023
Joutseno 23.pdf;NXA6UED001304099537600;51638690;18.4.2023
Joutseno 23.pdf;NXA6UED001304099567600;51638690;18.4.2023
Joutseno 23.pdf;NXA6UED0013040C2427600;51638690;18.4.2023
Joutseno 23.pdf;NXA6UED0013040C2477600;51638690;18.4.2023
Joutseno 23.pdf;NXA6UED0013040C24E7600;51638690;18.4.2023
Joutseno 23.pdf;NXA6UED0013040C2557600;51638690;18.4.2023
Joutseno 23.pdf;NXA6UED0013040C2577600;51638690;18.4.2023
Joutseno 23.pdf;NXA6UED0013040C26B7600;51638690;18.4.2023
Joutseno 23.pdf;NXA6UED0013040C2727600;51638690;18.4.2023
Joutseno 23.pdf;NXA6UED0013040C2767600;51638690;18.4.2023
Joutseno 23.pdf;NXA6UED0013040C2797600;51638690;18.4.2023
Joutseno 23.pdf;NXA6UED0013040C2827600;51638690;18.4.2023
Joutseno 23.pdf;NXA6UED0013040C2897600;51638690;18.4.2023
Joutseno 23.pdf;NXA6UED0013040C28C7600;51638690;18.4.2023
Joutseno 23.pdf;NXA6UED0013040C2937600;51638690;18.4.2023
Joutseno 23.pdf;NXA6UED0013040C2957600;51638690;18.4.2023
Joutseno 23.pdf;NXA6UED0013040C29B7600;51638690;18.4.2023
Joutseno 23.pdf;NXA6UED0013040C2A17600;51638690;18.4.2023
Joutseno 23.pdf;NXA6UED0013040C2B17600;51638690;18.4.2023
Lappee 23.pdf;NXA6UED0013040C2BA7600;51638689;21.4.2023
Lappee 23.pdf;NXA6UED001304098F97600;51638689;21.4.2023
Lappee 23.pdf;NXA6UED001304098FA7600;51638689;21.4.2023
Lappee 23.pdf;NXA6UED001304099007600;51638689;21.4.2023
Lappee 23.pdf;NXA6UED001304099027600;51638689;21.4.2023
Lappee 23.pdf;NXA6UED001304099047600;51638689;21.4.2023
Lappee 23.pdf;NXA6UED0013040990C7600;51638689;21.4.2023
Lappee 23.pdf;NXA6UED0013040990E7600;51638689;21.4.2023
Lappee 23.pdf;NXA6UED0013040990F7600;51638689;21.4.2023
Lappee 23.pdf;NXA6UED001304099107600;51638689;21.4.2023
Lappee 23.pdf;NXA6UED001304099137600;51638689;21.4.2023
Lappee 23.pdf;NXA6UED001304099147600;51638689;21.4.2023
Lappee 23.pdf;NXA6UED001304099157600;51638689;21.4.2023
Lappee 23.pdf;NXA6UED001304099177600;51638689;21.4.2023
Lappee 23.pdf;NXA6UED001304099187600;51638689;21.4.2023
Lappee 23.pdf;NXA6UED0013040991B7600;51638689;21.4.2023
Lappee 23.pdf;NXA6UED0013040991C7600;51638689;21.4.2023
Lappee 23.pdf;NXA6UED0013040991D7600;51638689;21.4.2023
Lappee 23.pdf;NXA6UED0013040991E7600;51638689;21.4.2023
Lappee 23.pdf;NXA6UED001304099217600;51638689;21.4.2023
Lappee 23.pdf;NXA6UED001304099227600;51638689;21.4.2023
Lappee 23.pdf;NXA6UED001304099277600;51638689;21.4.2023
Lappee 23.pdf;NXA6UED001304099287600;51638689;21.4.2023
Lappee 23.pdf;NXA6UED001304099297600;51638689;21.4.2023
Lappee 23.pdf;NXA6UED0013040992A7600;51638689;21.4.2023
Lappee 23.pdf;NXA6UED0013040992C7600;51638689;21.4.2023
Lappee 23.pdf;NXA6UED0013040992D7600;51638689;21.4.2023
Lappee 23.pdf;NXA6UED0013040992E7600;51638689;21.4.2023
Lappee 23.pdf;NXA6UED0013040992F7600;51638689;21.4.2023
Lappee 23.pdf;NXA6UED001304099307600;51638689;21.4.2023
Lappee 23.pdf;NXA6UED001304099337600;51638689;21.4.2023
Lappee 23.pdf;NXA6UED001304099357600;51638689;21.4.2023
Lappee 23.pdf;NXA6UED001304099367600;51638689;21.4.2023
Lappee 23.pdf;NXA6UED001304099377600;51638689;21.4.2023
Lappee 23.pdf;NXA6UED001304099397600;51638689;21.4.2023
Lappee 23.pdf;NXA6UED0013040993C7600;51638689;21.4.2023
Lappee 23.pdf;NXA6UED0013040993E7600;51638689;21.4.2023
Lappee 23.pdf;NXA6UED001304099427600;51638689;21.4.2023
Lappee 23.pdf;NXA6UED001304099437600;51638689;21.4.2023
Lappee 23.pdf;NXA6UED001304099447600;51638689;21.4.2023
Lappee 23.pdf;NXA6UED001304099467600;51638689;21.4.2023
Lappee 23.pdf;NXA6UED001304099487600;51638689;21.4.2023
Lappee 23.pdf;NXA6UED0013040994B7600;51638689;21.4.2023
Lappee 23.pdf;NXA6UED0013040994C7600;51638689;21.4.2023
Lappee 23.pdf;NXA6UED0013040994D7600;51638689;21.4.2023
Lappee 23.pdf;NXA6UED0013040994F7600;51638689;21.4.2023
Lappee 23.pdf;NXA6UED001304099527600;51638689;21.4.2023
Lappee 23.pdf;NXA6UED001304099577600;51638689;21.4.2023
Lappee 23.pdf;NXA6UED0013040C2307600;51638689;21.4.2023
Lappee 23.pdf;NXA6UED0013040C2317600;51638689;21.4.2023
Lappee 23.pdf;NXA6UED0013040C2347600;51638689;21.4.2023
Lappee 23.pdf;NXA6UED0013040C2357600;51638689;21.4.2023
Lappee 23.pdf;NXA6UED0013040C2367600;51638689;21.4.2023
Lappee 23.pdf;NXA6UED0013040C2377600;51638689;21.4.2023
Lappee 23.pdf;NXA6UED0013040C23A7600;51638689;21.4.2023
Lappee 23.pdf;NXA6UED0013040C23B7600;51638689;21.4.2023
Lappee 23.pdf;NXA6UED0013040C23D7600;51638689;21.4.2023
Lappee 23.pdf;NXA6UED0013040C23F7600;51638689;21.4.2023
Lappee 23.pdf;NXA6UED0013040C2407600;51638689;21.4.2023
Lappee 23.pdf;NXA6UED0013040C2417600;51638689;21.4.2023
Lappee 23.pdf;NXA6UED0013040C2437600;51638689;21.4.2023
Lappee 23.pdf;NXA6UED0013040C2447600;51638689;21.4.2023
Lappee 23.pdf;NXA6UED0013040C2457600;51638689;21.4.2023
Lappee 23.pdf;NXA6UED0013040C2467600;51638689;21.4.2023
Lappee 23.pdf;NXA6UED0013040C2487600;51638689;21.4.2023
Lappee 23.pdf;NXA6UED0013040C2497600;51638689;21.4.2023
Lappee 23.pdf;NXA6UED0013040C24A7600;51638689;21.4.2023
Lappee 23.pdf;NXA6UED0013040C24C7600;51638689;21.4.2023
Lappee 23.pdf;NXA6UED0013040C2507600;51638689;21.4.2023
Lappee 23.pdf;NXA6UED0013040C2527600;51638689;21.4.2023
Lappee 23.pdf;NXA6UED0013040C25A7600;51638689;21.4.2023
Lappee 23.pdf;NXA6UED0013040C25C7600;51638689;21.4.2023
Lappee 23.pdf;NXA6UED0013040C2607600;51638689;21.4.2023
Lappee 23.pdf;NXA6UED0013040C2627600;51638689;21.4.2023
Lappee 23.pdf;NXA6UED0013040C2647600;51638689;21.4.2023
Lappee 23.pdf;NXA6UED0013040C2657600;51638689;21.4.2023
Lappee 23.pdf;NXA6UED0013040C2687600;51638689;21.4.2023
Lappee 23.pdf;NXA6UED0013040C26A7600;51638689;21.4.2023
Lappee 23.pdf;NXA6UED0013040C26C7600;51638689;21.4.2023
Lappee 23.pdf;NXA6UED0013040C26E7600;51638689;21.4.2023
Lappee 23.pdf;NXA6UED0013040C26F7600;51638689;21.4.2023
Lappee 23.pdf;NXA6UED0013040C2707600;51638689;21.4.2023
Lappee 23.pdf;NXA6UED0013040C2717600;51638689;21.4.2023
Lappee 23.pdf;NXA6UED0013040C2747600;51638689;21.4.2023
Lappee 23.pdf;NXA6UED0013040C2757600;51638689;21.4.2023
Lappee 23.pdf;NXA6UED0013040C27B7600;51638689;21.4.2023
Lappee 23.pdf;NXA6UED0013040C27C7600;51638689;21.4.2023
Lappee 23.pdf;NXA6UED0013040C27E7600;51638689;21.4.2023
Lappee 23.pdf;NXA6UED0013040C2817600;51638689;21.4.2023
Lappee 23.pdf;NXA6UED0013040C2837600;51638689;21.4.2023
Lappee 23.pdf;NXA6UED0013040C2857600;51638689;21.4.2023
Lappee 23.pdf;NXA6UED0013040C28B7600;51638689;21.4.2023
Lappee 23.pdf;NXA6UED0013040C2907600;51638689;21.4.2023
Lappee 23.pdf;NXA6UED0013040C2927600;51638689;21.4.2023
Lappee 23.pdf;NXA6UED0013040C2947600;51638689;21.4.2023
Lappee 23.pdf;NXA6UED0013040C2967600;51638689;21.4.2023
Lappee 23.pdf;NXA6UED0013040C2977600;51638689;21.4.2023
Lappee 23.pdf;NXA6UED0013040C2997600;51638689;21.4.2023
Lappee 23.pdf;NXA6UED0013040C29A7600;51638689;21.4.2023
Lappee 23.pdf;NXA6UED0013040C29D7600;51638689;21.4.2023
Lappee 23.pdf;NXA6UED0013040C29F7600;51638689;21.4.2023
Lappee 23.pdf;NXA6UED0013040C2A07600;51638689;21.4.2023
Lappee 23.pdf;NXA6UED0013040C2A37600;51638689;21.4.2023
Lappee 23.pdf;NXA6UED0013040C2A57600;51638689;21.4.2023
Lappee 23.pdf;NXA6UED0013040C2A77600;51638689;21.4.2023
Lappee 23.pdf;NXA6UED0013040C2A87600;51638689;21.4.2023
Lappee 23.pdf;NXA6UED0013040C2AA7600;51638689;21.4.2023
Lappee 23.pdf;NXA6UED0013040C2AC7600;51638689;21.4.2023
Lappee 23.pdf;NXA6UED0013040C2B07600;51638689;21.4.2023
Lappee 23.pdf;NXA6UED0013040C2B57600;51638689;21.4.2023
Lappee 23.pdf;NXA6UED0013040C2B97600;51638689;21.4.2023
Skinnarila 23.pdf;NXA6UED0013070255B7600;51636263;18.4.2023
Skinnarila 23.pdf;NXA6UED0013070218A7600;51636263;18.4.2023
Skinnarila 23.pdf;NXA6UED0013070219E7600;51636263;18.4.2023
Skinnarila 23.pdf;NXA6UED001307021AE7600;51636263;18.4.2023
Skinnarila 23.pdf;NXA6UED001307021D87600;51636263;18.4.2023
Skinnarila 23.pdf;NXA6UED0013070221B7600;51636263;18.4.2023
Skinnarila 23.pdf;NXA6UED001307022227600;51636263;18.4.2023
Skinnarila 23.pdf;NXA6UED0013070222F7600;51636263;18.4.2023
Skinnarila 23.pdf;NXA6UED001307022397600;51636263;18.4.2023
Skinnarila 23.pdf;NXA6UED0013070224C7600;51636263;18.4.2023
Skinnarila 23.pdf;NXA6UED001307022517600;51636263;18.4.2023
Skinnarila 23.pdf;NXA6UED0013070226D7600;51636263;18.4.2023
Skinnarila 23.pdf;NXA6UED001307022757600;51636263;18.4.2023
Skinnarila 23.pdf;NXA6UED001307022927600;51636263;18.4.2023
Skinnarila 23.pdf;NXA6UED001307022997600;51636263;18.4.2023
Skinnarila 23.pdf;NXA6UED001307022C37600;51636263;18.4.2023
Skinnarila 23.pdf;NXA6UED001307022C57600;51636263;18.4.2023
Skinnarila 23.pdf;NXA6UED001307022DF7600;51636263;18.4.2023
Skinnarila 23.pdf;NXA6UED001307022E87600;51636263;18.4.2023
Skinnarila 23.pdf;NXA6UED001307022F37600;51636263;18.4.2023
Skinnarila 23.pdf;NXA6UED001307023097600;51636263;18.4.2023
Skinnarila 23.pdf;NXA6UED0013070230A7600;51636263;18.4.2023
Skinnarila 23.pdf;NXA6UED0013070230B7600;51636263;18.4.2023
Skinnarila 23.pdf;NXA6UED001307023117600;51636263;18.4.2023
Skinnarila 23.pdf;NXA6UED001307023167600;51636263;18.4.2023
Skinnarila 23.pdf;NXA6UED001307023197600;51636263;18.4.2023
Skinnarila 23.pdf;NXA6UED0013070231F7600;51636263;18.4.2023
Skinnarila 23.pdf;NXA6UED001307023207600;51636263;18.4.2023
Skinnarila 23.pdf;NXA6UED001307023217600;51636263;18.4.2023
Skinnarila 23.pdf;NXA6UED001307023237600;51636263;18.4.2023
Skinnarila 23.pdf;NXA6UED001307023287600;51636263;18.4.2023
Skinnarila 23.pdf;NXA6UED0013070232A7600;51636263;18.4.2023
Skinnarila 23.pdf;NXA6UED001307023307600;51636263;18.4.2023
Skinnarila 23.pdf;NXA6UED001307023317600;51636263;18.4.2023
Skinnarila 23.pdf;NXA6UED001307023367600;51636263;18.4.2023
Skinnarila 23.pdf;NXA6UED001307023387600;51636263;18.4.2023
Skinnarila 23.pdf;NXA6UED001307023397600;51636263;18.4.2023
Skinnarila 23.pdf;NXA6UED0013070233B7600;51636263;18.4.2023
Skinnarila 23.pdf;NXA6UED0013070233F7600;51636263;18.4.2023
Skinnarila 23.pdf;NXA6UED001307023407600;51636263;18.4.2023
Skinnarila 23.pdf;NXA6UED001307023447600;51636263;18.4.2023
Skinnarila 23.pdf;NXA6UED001307023477600;51636263;18.4.2023
Skinnarila 23.pdf;NXA6UED0013070234A7600;51636263;18.4.2023
Skinnarila 23.pdf;NXA6UED0013070234C7600;51636263;18.4.2023
Skinnarila 23.pdf;NXA6UED0013070234D7600;51636263;18.4.2023
Skinnarila 23.pdf;NXA6UED0013070234E7600;51636263;18.4.2023
Skinnarila 23.pdf;NXA6UED0013070234F7600;51636263;18.4.2023
Skinnarila 23.pdf;NXA6UED001307024367600;51636263;18.4.2023
Skinnarila 23.pdf;NXA6UED001307025347600;51636263;18.4.2023
Skinnarila 23.pdf;NXA6UED001307025357600;51636263;18.4.2023
Skinnarila 23.pdf;NXA6UED001307025367600;51636263;18.4.2023
Skinnarila 23.pdf;NXA6UED001307025377600;51636263;18.4.2023
Skinnarila 23.pdf;NXA6UED0013070253A7600;51636263;18.4.2023
Skinnarila 23.pdf;NXA6UED0013070253C7600;51636263;18.4.2023
Skinnarila 23.pdf;NXA6UED0013070253D7600;51636263;18.4.2023
Skinnarila 23.pdf;NXA6UED0013070253F7600;51636263;18.4.2023
Skinnarila 23.pdf;NXA6UED001307025417600;51636263;18.4.2023
Skinnarila 23.pdf;NXA6UED001307025447600;51636263;18.4.2023
Skinnarila 23.pdf;NXA6UED001307025467600;51636263;18.4.2023
Skinnarila 23.pdf;NXA6UED001307025477600;51636263;18.4.2023
Skinnarila 23.pdf;NXA6UED001307025497600;51636263;18.4.2023
Skinnarila 23.pdf;NXA6UED0013070254A7600;51636263;18.4.2023
Skinnarila 23.pdf;NXA6UED0013070254B7600;51636263;18.4.2023
Skinnarila 23.pdf;NXA6UED001307025507600;51636263;18.4.2023
Lavola 23.pdf;NXA6UED001307025267600;51636262;18.4.2023
Lavola 23.pdf;NXA6UED001307021A47600;51636262;18.4.2023
Lavola 23.pdf;NXA6UED001307021D27600;51636262;18.4.2023
Lavola 23.pdf;NXA6UED001307021D37600;51636262;18.4.2023
Lavola 23.pdf;NXA6UED001307021DF7600;51636262;18.4.2023
Lavola 23.pdf;NXA6UED001307022087600;51636262;18.4.2023
Lavola 23.pdf;NXA6UED0013070221C7600;51636262;18.4.2023
Lavola 23.pdf;NXA6UED0013070222B7600;51636262;18.4.2023
Lavola 23.pdf;NXA6UED001307022317600;51636262;18.4.2023
Lavola 23.pdf;NXA6UED001307022337600;51636262;18.4.2023
Lavola 23.pdf;NXA6UED0013070223C7600;51636262;18.4.2023
Lavola 23.pdf;NXA6UED001307022477600;51636262;18.4.2023
Lavola 23.pdf;NXA6UED001307022487600;51636262;18.4.2023
Lavola 23.pdf;NXA6UED0013070224A7600;51636262;18.4.2023
Lavola 23.pdf;NXA6UED001307022627600;51636262;18.4.2023
Lavola 23.pdf;NXA6UED0013070226C7600;51636262;18.4.2023
Lavola 23.pdf;NXA6UED0013070227C7600;51636262;18.4.2023
Lavola 23.pdf;NXA6UED001307022817600;51636262;18.4.2023
Lavola 23.pdf;NXA6UED001307022837600;51636262;18.4.2023
Lavola 23.pdf;NXA6UED001307022857600;51636262;18.4.2023
Lavola 23.pdf;NXA6UED0013070228B7600;51636262;18.4.2023
Lavola 23.pdf;NXA6UED001307022907600;51636262;18.4.2023
Lavola 23.pdf;NXA6UED001307022A27600;51636262;18.4.2023
Lavola 23.pdf;NXA6UED001307022C47600;51636262;18.4.2023
Lavola 23.pdf;NXA6UED001307022C97600;51636262;18.4.2023
Lavola 23.pdf;NXA6UED001307022D87600;51636262;18.4.2023
Lavola 23.pdf;NXA6UED001307022EA7600;51636262;18.4.2023
Lavola 23.pdf;NXA6UED001307022F17600;51636262;18.4.2023
Lavola 23.pdf;NXA6UED001307022F77600;51636262;18.4.2023
Lavola 23.pdf;NXA6UED001307022F87600;51636262;18.4.2023
Lavola 23.pdf;NXA6UED001307022F97600;51636262;18.4.2023
Lavola 23.pdf;NXA6UED001307022FA7600;51636262;18.4.2023
Lavola 23.pdf;NXA6UED001307022FB7600;51636262;18.4.2023
Lavola 23.pdf;NXA6UED001307022FF7600;51636262;18.4.2023
Lavola 23.pdf;NXA6UED001307023017600;51636262;18.4.2023
Lavola 23.pdf;NXA6UED001307023027600;51636262;18.4.2023
Lavola 23.pdf;NXA6UED001307023037600;51636262;18.4.2023
Lavola 23.pdf;NXA6UED001307023047600;51636262;18.4.2023
Lavola 23.pdf;NXA6UED001307023067600;51636262;18.4.2023
Lavola 23.pdf;NXA6UED001307023077600;51636262;18.4.2023
Lavola 23.pdf;NXA6UED0013070230C7600;51636262;18.4.2023
Lavola 23.pdf;NXA6UED0013070230D7600;51636262;18.4.2023
Lavola 23.pdf;NXA6UED0013070230E7600;51636262;18.4.2023
Lavola 23.pdf;NXA6UED001307023107600;51636262;18.4.2023
Lavola 23.pdf;NXA6UED001307023177600;51636262;18.4.2023
Lavola 23.pdf;NXA6UED0013070231A7600;51636262;18.4.2023
Lavola 23.pdf;NXA6UED0013070231B7600;51636262;18.4.2023
Lavola 23.pdf;NXA6UED0013070231D7600;51636262;18.4.2023
Lavola 23.pdf;NXA6UED0013070231E7600;51636262;18.4.2023
Lavola 23.pdf;NXA6UED001307023277600;51636262;18.4.2023
Lavola 23.pdf;NXA6UED0013070232C7600;51636262;18.4.2023
Lavola 23.pdf;NXA6UED0013070232F7600;51636262;18.4.2023
Lavola 23.pdf;NXA6UED001307023327600;51636262;18.4.2023
Lavola 23.pdf;NXA6UED001307023427600;51636262;18.4.2023
Lavola 23.pdf;NXA6UED001307023437600;51636262;18.4.2023
Lavola 23.pdf;NXA6UED001307023487600;51636262;18.4.2023
Lavola 23.pdf;NXA6UED001307023497600;51636262;18.4.2023
Lavola 23.pdf;NXA6UED001307023B67600;51636262;18.4.2023
Lavola 23.pdf;NXA6UED001307024C07600;51636262;18.4.2023
Lavola 23.pdf;NXA6UED001307025237600;51636262;18.4.2023
Lavola 23.pdf;NXA6UED001307025247600;51636262;18.4.2023
Lavola 23.pdf;NXA6UED001307025257600;51636262;18.4.2023
Kuusimäki 23.pdf;NXA6UED001307022EC7600;51636261;18.4.2023
Kuusimäki 23.pdf;NXA6UED001307021957600;51636261;18.4.2023
Kuusimäki 23.pdf;NXA6UED001307022077600;51636261;18.4.2023
Kuusimäki 23.pdf;NXA6UED001307022297600;51636261;18.4.2023
Kuusimäki 23.pdf;NXA6UED001307022307600;51636261;18.4.2023
Kuusimäki 23.pdf;NXA6UED001307022677600;51636261;18.4.2023
Kuusimäki 23.pdf;NXA6UED001307022707600;51636261;18.4.2023
Kuusimäki 23.pdf;NXA6UED001307022877600;51636261;18.4.2023
Kuusimäki 23.pdf;NXA6UED0013070229B7600;51636261;18.4.2023
Kuusimäki 23.pdf;NXA6UED001307022B87600;51636261;18.4.2023
Kuusimäki 23.pdf;NXA6UED001307022BE7600;51636261;18.4.2023
Kuusimäki 23.pdf;NXA6UED001307022BF7600;51636261;18.4.2023
Kuusimäki 23.pdf;NXA6UED001307022C17600;51636261;18.4.2023
Kuusimäki 23.pdf;NXA6UED001307022C67600;51636261;18.4.2023
Kuusimäki 23.pdf;NXA6UED001307022CA7600;51636261;18.4.2023
Kuusimäki 23.pdf;NXA6UED001307022CC7600;51636261;18.4.2023
Kuusimäki 23.pdf;NXA6UED001307022CF7600;51636261;18.4.2023
Kuusimäki 23.pdf;NXA6UED001307022D27600;51636261;18.4.2023
Kuusimäki 23.pdf;NXA6UED001307022D37600;51636261;18.4.2023
Kuusimäki 23.pdf;NXA6UED001307022D47600;51636261;18.4.2023
Kuusimäki 23.pdf;NXA6UED001307022DA7600;51636261;18.4.2023
Kuusimäki 23.pdf;NXA6UED001307022DB7600;51636261;18.4.2023
Kuusimäki 23.pdf;NXA6UED001307022DC7600;51636261;18.4.2023
Kuusimäki 23.pdf;NXA6UED001307022E97600;51636261;18.4.2023
Kuusimäki 23.pdf;NXA6UED001307022EB7600;51636261;18.4.2023
Voisalmi 23.pdf;NXA6UED001307022097600;51636260;18.4.2023
Voisalmi 23.pdf;NXA6UED001307025157600;51636260;18.4.2023
Voisalmi 23.pdf;NXA6UED0013070251C7600;51636260;18.4.2023
Voisalmi 23.pdf;NXA6UED001307025D47600;51636260;18.4.2023
Voisalmi 23.pdf;NXA6UED001307021997600;51636260;18.4.2023
Voisalmi 23.pdf;NXA6UED0013070219F7600;51636260;18.4.2023
Voisalmi 23.pdf;NXA6UED001307021A77600;51636260;18.4.2023
Voisalmi 23.pdf;NXA6UED001307021B77600;51636260;18.4.2023
Voisalmi 23.pdf;NXA6UED001307021BB7600;51636260;18.4.2023
Voisalmi 23.pdf;NXA6UED001307021BD7600;51636260;18.4.2023
Voisalmi 23.pdf;NXA6UED001307021BF7600;51636260;18.4.2023
Voisalmi 23.pdf;NXA6UED001307021C47600;51636260;18.4.2023
Voisalmi 23.pdf;NXA6UED001307021C57600;51636260;18.4.2023
Voisalmi 23.pdf;NXA6UED001307021C67600;51636260;18.4.2023
Voisalmi 23.pdf;NXA6UED001307021CF7600;51636260;18.4.2023
Voisalmi 23.pdf;NXA6UED001307021DA7600;51636260;18.4.2023
Voisalmi 23.pdf;NXA6UED001307021DD7600;51636260;18.4.2023
Voisalmi 23.pdf;NXA6UED001307021E27600;51636260;18.4.2023
Voisalmi 23.pdf;NXA6UED001307021F87600;51636260;18.4.2023
Voisalmi 23.pdf;NXA6UED001307021FE7600;51636260;18.4.2023
Voisalmi 23.pdf;NXA6UED001307021FF7600;51636260;18.4.2023
Voisalmi 23.pdf;NXA6UED001307022007600;51636260;18.4.2023
Voisalmi 23.pdf;NXA6UED001307022017600;51636260;18.4.2023
Voisalmi 23.pdf;NXA6UED001307022027600;51636260;18.4.2023
Voisalmi 23.pdf;NXA6UED001307022037600;51636260;18.4.2023
Voisalmi 23.pdf;NXA6UED001307022047600;51636260;18.4.2023
Voisalmi 23.pdf;NXA6UED001307022057600;51636260;18.4.2023
Voisalmi 23.pdf;NXA6UED001307022067600;51636260;18.4.2023
Voisalmi 23.pdf;NXA6UED0013070220B7600;51636260;18.4.2023
Voisalmi 23.pdf;NXA6UED0013070220C7600;51636260;18.4.2023
Voisalmi 23.pdf;NXA6UED0013070220D7600;51636260;18.4.2023
Voisalmi 23.pdf;NXA6UED0013070220E7600;51636260;18.4.2023
Voisalmi 23.pdf;NXA6UED001307022107600;51636260;18.4.2023
Voisalmi 23.pdf;NXA6UED001307022117600;51636260;18.4.2023
Voisalmi 23.pdf;NXA6UED001307022127600;51636260;18.4.2023
Voisalmi 23.pdf;NXA6UED001307022137600;51636260;18.4.2023
Voisalmi 23.pdf;NXA6UED001307022147600;51636260;18.4.2023
Voisalmi 23.pdf;NXA6UED001307022157600;51636260;18.4.2023
Voisalmi 23.pdf;NXA6UED001307022177600;51636260;18.4.2023
Voisalmi 23.pdf;NXA6UED001307022187600;51636260;18.4.2023
Voisalmi 23.pdf;NXA6UED001307022D67600;51636260;18.4.2023
Voisalmi 23.pdf;NXA6UED0013070237C7600;51636260;18.4.2023
Voisalmi 23.pdf;NXA6UED001307023AC7600;51636260;18.4.2023
Voisalmi 23.pdf;NXA6UED001307023CB7600;51636260;18.4.2023
Voisalmi 23.pdf;NXA6UED001307023CD7600;51636260;18.4.2023
Voisalmi 23.pdf;NXA6UED001307023E47600;51636260;18.4.2023
Voisalmi 23.pdf;NXA6UED001307023F57600;51636260;18.4.2023
Voisalmi 23.pdf;NXA6UED001307024217600;51636260;18.4.2023
Voisalmi 23.pdf;NXA6UED0013070242F7600;51636260;18.4.2023
Voisalmi 23.pdf;NXA6UED001307024337600;51636260;18.4.2023
Voisalmi 23.pdf;NXA6UED001307024357600;51636260;18.4.2023
Voisalmi 23.pdf;NXA6UED001307024467600;51636260;18.4.2023
Voisalmi 23.pdf;NXA6UED001307024497600;51636260;18.4.2023
Voisalmi 23.pdf;NXA6UED0013070244D7600;51636260;18.4.2023
Voisalmi 23.pdf;NXA6UED0013070244F7600;51636260;18.4.2023
Voisalmi 23.pdf;NXA6UED001307024537600;51636260;18.4.2023
Voisalmi 23.pdf;NXA6UED001307024557600;51636260;18.4.2023
Voisalmi 23.pdf;NXA6UED0013070249C7600;51636260;18.4.2023
Voisalmi 23.pdf;NXA6UED001307024A97600;51636260;18.4.2023
Voisalmi 23.pdf;NXA6UED001307024B77600;51636260;18.4.2023
Voisalmi 23.pdf;NXA6UED001307024BE7600;51636260;18.4.2023
Voisalmi 23.pdf;NXA6UED001307024C77600;51636260;18.4.2023
Voisalmi 23.pdf;NXA6UED001307024F07600;51636260;18.4.2023
Voisalmi 23.pdf;NXA6UED001307025017600;51636260;18.4.2023
Voisalmi 23.pdf;NXA6UED001307025187600;51636260;18.4.2023
Voisalmi 23.pdf;NXA6UED001307025277600;51636260;18.4.2023
Voisalmi 23.pdf;NXA6UED0013070252D7600;51636260;18.4.2023
Voisalmi 23.pdf;NXA6UED001307025307600;51636260;18.4.2023
Voisalmi 23.pdf;NXA6UED001307025337600;51636260;18.4.2023
Voisalmi 23.pdf;NXA6UED001307025707600;51636260;18.4.2023
Voisalmi 23.pdf;NXA6UED001307025887600;51636260;18.4.2023
Voisalmi 23.pdf;NXA6UED001307025A57600;51636260;18.4.2023
Voisalmi 23.pdf;NXA6UED001307025A67600;51636260;18.4.2023
Voisalmi 23.pdf;NXA6UED001307025AB7600;51636260;18.4.2023
Voisalmi 23.pdf;NXA6UED001307025AC7600;51636260;18.4.2023
Voisalmi 23.pdf;NXA6UED001307025CE7600;51636260;18.4.2023
Voisalmi 23.pdf;NXA6UED001307025D27600;51636260;18.4.2023
Voisalmi 23.pdf;NXA6UED001307025D37600;51636260;18.4.2023
Simola 23.pdf;NXA6UED001307024A27600;51636259;18.4.2023
Simola 23.pdf;NXA6UED001307021B17600;51636259;18.4.2023
Simola 23.pdf;NXA6UED001307021B27600;51636259;18.4.2023
Simola 23.pdf;NXA6UED001307021B57600;51636259;18.4.2023
Simola 23.pdf;NXA6UED001307021E57600;51636259;18.4.2023
Simola 23.pdf;NXA6UED001307021E77600;51636259;18.4.2023
Simola 23.pdf;NXA6UED0013070221A7600;51636259;18.4.2023
Simola 23.pdf;NXA6UED001307022417600;51636259;18.4.2023
Simola 23.pdf;NXA6UED001307022437600;51636259;18.4.2023
Simola 23.pdf;NXA6UED001307022457600;51636259;18.4.2023
Simola 23.pdf;NXA6UED001307022537600;51636259;18.4.2023
Simola 23.pdf;NXA6UED001307022547600;51636259;18.4.2023
Simola 23.pdf;NXA6UED001307022557600;51636259;18.4.2023
Simola 23.pdf;NXA6UED001307022567600;51636259;18.4.2023
Simola 23.pdf;NXA6UED0013070225A7600;51636259;18.4.2023
Simola 23.pdf;NXA6UED001307023787600;51636259;18.4.2023
Simola 23.pdf;NXA6UED0013070242A7600;51636259;18.4.2023
Ylämaa 23.pdf;NXA6UED001307023E87600;51636257;18.4.2023
Ylämaa 23.pdf;NXA6UED001307021747600;51636257;18.4.2023
Ylämaa 23.pdf;NXA6UED001307021787600;51636257;18.4.2023
Ylämaa 23.pdf;NXA6UED0013070217B7600;51636257;18.4.2023
Ylämaa 23.pdf;NXA6UED0013070217C7600;51636257;18.4.2023
Ylämaa 23.pdf;NXA6UED0013070217E7600;51636257;18.4.2023
Ylämaa 23.pdf;NXA6UED001307021827600;51636257;18.4.2023
Ylämaa 23.pdf;NXA6UED001307021847600;51636257;18.4.2023
Ylämaa 23.pdf;NXA6UED001307021887600;51636257;18.4.2023
Ylämaa 23.pdf;NXA6UED0013070218B7600;51636257;18.4.2023
Ylämaa 23.pdf;NXA6UED0013070218C7600;51636257;18.4.2023
Ylämaa 23.pdf;NXA6UED0013070218E7600;51636257;18.4.2023
Ylämaa 23.pdf;NXA6UED001307021927600;51636257;18.4.2023
Ylämaa 23.pdf;NXA6UED001307021937600;51636257;18.4.2023
Ylämaa 23.pdf;NXA6UED0013070219B7600;51636257;18.4.2023
Ylämaa 23.pdf;NXA6UED001307021A07600;51636257;18.4.2023
Ylämaa 23.pdf;NXA6UED001307021A17600;51636257;18.4.2023
Ylämaa 23.pdf;NXA6UED001307021A27600;51636257;18.4.2023
Ylämaa 23.pdf;NXA6UED001307021B87600;51636257;18.4.2023
Ylämaa 23.pdf;NXA6UED001307021C87600;51636257;18.4.2023
Ylämaa 23.pdf;NXA6UED001307021CB7600;51636257;18.4.2023
Nuijamaa 23.pdf;NXA6UED001307025047600;51636256;18.4.2023
Nuijamaa 23.pdf;NXA6UED001307021707600;51636256;18.4.2023
Nuijamaa 23.pdf;NXA6UED001307021977600;51636256;18.4.2023
Nuijamaa 23.pdf;NXA6UED001307021BC7600;51636256;18.4.2023
Nuijamaa 23.pdf;NXA6UED001307021C07600;51636256;18.4.2023
Nuijamaa 23.pdf;NXA6UED001307021C17600;51636256;18.4.2023
Nuijamaa 23.pdf;NXA6UED001307021C37600;51636256;18.4.2023
Nuijamaa 23.pdf;NXA6UED0013070220A7600;51636256;18.4.2023
Nuijamaa 23.pdf;NXA6UED001307022167600;51636256;18.4.2023
Nuijamaa 23.pdf;NXA6UED001307023767600;51636256;18.4.2023
Nuijamaa 23.pdf;NXA6UED001307023C07600;51636256;18.4.2023
Nuijamaa 23.pdf;NXA6UED0013070240B7600;51636256;18.4.2023
Nuijamaa 23.pdf;NXA6UED0013070244C7600;51636256;18.4.2023
Myllymäki 23.pdf;NXA6UED0013070221F7600;51636255;18.4.2023
Myllymäki 23.pdf;NXA6UED001307024ED7600;51636255;18.4.2023
Myllymäki 23.pdf;NXA6UED001307021A87600;51636255;18.4.2023
Myllymäki 23.pdf;NXA6UED001307021B47600;51636255;18.4.2023
Myllymäki 23.pdf;NXA6UED001307021B67600;51636255;18.4.2023
Myllymäki 23.pdf;NXA6UED001307021B97600;51636255;18.4.2023
Myllymäki 23.pdf;NXA6UED001307021D77600;51636255;18.4.2023
Myllymäki 23.pdf;NXA6UED001307021D97600;51636255;18.4.2023
Myllymäki 23.pdf;NXA6UED001307021DB7600;51636255;18.4.2023
Myllymäki 23.pdf;NXA6UED001307021E07600;51636255;18.4.2023
Myllymäki 23.pdf;NXA6UED001307021E17600;51636255;18.4.2023
Myllymäki 23.pdf;NXA6UED001307022197600;51636255;18.4.2023
Myllymäki 23.pdf;NXA6UED0013070221D7600;51636255;18.4.2023
Myllymäki 23.pdf;NXA6UED0013070221E7600;51636255;18.4.2023
Myllymäki 23.pdf;NXA6UED001307022207600;51636255;18.4.2023
Myllymäki 23.pdf;NXA6UED001307022217600;51636255;18.4.2023
Myllymäki 23.pdf;NXA6UED001307022237600;51636255;18.4.2023
Myllymäki 23.pdf;NXA6UED001307022247600;51636255;18.4.2023
Myllymäki 23.pdf;NXA6UED001307022257600;51636255;18.4.2023
Myllymäki 23.pdf;NXA6UED001307022277600;51636255;18.4.2023
Myllymäki 23.pdf;NXA6UED0013070222A7600;51636255;18.4.2023
Myllymäki 23.pdf;NXA6UED0013070222C7600;51636255;18.4.2023
Myllymäki 23.pdf;NXA6UED0013070222D7600;51636255;18.4.2023
Myllymäki 23.pdf;NXA6UED0013070222E7600;51636255;18.4.2023
Myllymäki 23.pdf;NXA6UED001307022327600;51636255;18.4.2023
Myllymäki 23.pdf;NXA6UED001307022347600;51636255;18.4.2023
Myllymäki 23.pdf;NXA6UED001307022467600;51636255;18.4.2023
Myllymäki 23.pdf;NXA6UED001307022497600;51636255;18.4.2023
Myllymäki 23.pdf;NXA6UED001307022577600;51636255;18.4.2023
Myllymäki 23.pdf;NXA6UED001307022597600;51636255;18.4.2023
Myllymäki 23.pdf;NXA6UED0013070225B7600;51636255;18.4.2023
Myllymäki 23.pdf;NXA6UED0013070225C7600;51636255;18.4.2023
Myllymäki 23.pdf;NXA6UED0013070225D7600;51636255;18.4.2023
Myllymäki 23.pdf;NXA6UED0013070225E7600;51636255;18.4.2023
Myllymäki 23.pdf;NXA6UED0013070225F7600;51636255;18.4.2023
Myllymäki 23.pdf;NXA6UED001307022617600;51636255;18.4.2023
Myllymäki 23.pdf;NXA6UED001307022637600;51636255;18.4.2023
Myllymäki 23.pdf;NXA6UED001307022657600;51636255;18.4.2023
Myllymäki 23.pdf;NXA6UED001307022667600;51636255;18.4.2023
Myllymäki 23.pdf;NXA6UED001307022687600;51636255;18.4.2023
Myllymäki 23.pdf;NXA6UED001307022697600;51636255;18.4.2023
Myllymäki 23.pdf;NXA6UED0013070226A7600;51636255;18.4.2023
Myllymäki 23.pdf;NXA6UED0013070226E7600;51636255;18.4.2023
Myllymäki 23.pdf;NXA6UED0013070226F7600;51636255;18.4.2023
Myllymäki 23.pdf;NXA6UED001307022717600;51636255;18.4.2023
Myllymäki 23.pdf;NXA6UED001307022737600;51636255;18.4.2023
Myllymäki 23.pdf;NXA6UED001307022767600;51636255;18.4.2023
Myllymäki 23.pdf;NXA6UED001307022777600;51636255;18.4.2023
Myllymäki 23.pdf;NXA6UED001307022787600;51636255;18.4.2023
Myllymäki 23.pdf;NXA6UED0013070227A7600;51636255;18.4.2023
Myllymäki 23.pdf;NXA6UED0013070227B7600;51636255;18.4.2023
Myllymäki 23.pdf;NXA6UED001307022807600;51636255;18.4.2023
Myllymäki 23.pdf;NXA6UED001307022847600;51636255;18.4.2023
Myllymäki 23.pdf;NXA6UED001307022867600;51636255;18.4.2023
Myllymäki 23.pdf;NXA6UED001307022887600;51636255;18.4.2023
Myllymäki 23.pdf;NXA6UED0013070228A7600;51636255;18.4.2023
Myllymäki 23.pdf;NXA6UED0013070228D7600;51636255;18.4.2023
Myllymäki 23.pdf;NXA6UED001307022917600;51636255;18.4.2023
Myllymäki 23.pdf;NXA6UED001307022937600;51636255;18.4.2023
Myllymäki 23.pdf;NXA6UED001307022957600;51636255;18.4.2023
Myllymäki 23.pdf;NXA6UED001307022967600;51636255;18.4.2023
Myllymäki 23.pdf;NXA6UED001307022977600;51636255;18.4.2023
Myllymäki 23.pdf;NXA6UED0013070229C7600;51636255;18.4.2023
Myllymäki 23.pdf;NXA6UED0013070229D7600;51636255;18.4.2023
Myllymäki 23.pdf;NXA6UED0013070229E7600;51636255;18.4.2023
Myllymäki 23.pdf;NXA6UED001307022A07600;51636255;18.4.2023
Myllymäki 23.pdf;NXA6UED001307022A17600;51636255;18.4.2023
Myllymäki 23.pdf;NXA6UED001307022A37600;51636255;18.4.2023
Myllymäki 23.pdf;NXA6UED001307022A57600;51636255;18.4.2023
Myllymäki 23.pdf;NXA6UED001307022A67600;51636255;18.4.2023
Myllymäki 23.pdf;NXA6UED001307022A77600;51636255;18.4.2023
Myllymäki 23.pdf;NXA6UED001307022A97600;51636255;18.4.2023
Myllymäki 23.pdf;NXA6UED001307022AB7600;51636255;18.4.2023
Myllymäki 23.pdf;NXA6UED001307022AE7600;51636255;18.4.2023
Myllymäki 23.pdf;NXA6UED001307022B07600;51636255;18.4.2023
Myllymäki 23.pdf;NXA6UED001307022B17600;51636255;18.4.2023
Myllymäki 23.pdf;NXA6UED001307022B27600;51636255;18.4.2023
Myllymäki 23.pdf;NXA6UED001307022B37600;51636255;18.4.2023
Myllymäki 23.pdf;NXA6UED001307022B57600;51636255;18.4.2023
Myllymäki 23.pdf;NXA6UED001307022B67600;51636255;18.4.2023
Myllymäki 23.pdf;NXA6UED001307022B77600;51636255;18.4.2023
Myllymäki 23.pdf;NXA6UED001307022BB7600;51636255;18.4.2023
Myllymäki 23.pdf;NXA6UED001307022BC7600;51636255;18.4.2023
Myllymäki 23.pdf;NXA6UED001307022C77600;51636255;18.4.2023
Myllymäki 23.pdf;NXA6UED001307022C87600;51636255;18.4.2023
Myllymäki 23.pdf;NXA6UED001307022CE7600;51636255;18.4.2023
Myllymäki 23.pdf;NXA6UED001307022D17600;51636255;18.4.2023
Myllymäki 23.pdf;NXA6UED001307022E07600;51636255;18.4.2023
Myllymäki 23.pdf;NXA6UED001307022E17600;51636255;18.4.2023
Myllymäki 23.pdf;NXA6UED001307022E27600;51636255;18.4.2023
Myllymäki 23.pdf;NXA6UED001307022E37600;51636255;18.4.2023
Myllymäki 23.pdf;NXA6UED001307022E67600;51636255;18.4.2023
Myllymäki 23.pdf;NXA6UED001307022EE7600;51636255;18.4.2023
Myllymäki 23.pdf;NXA6UED001307022F27600;51636255;18.4.2023
Myllymäki 23.pdf;NXA6UED001307022F57600;51636255;18.4.2023
Myllymäki 23.pdf;NXA6UED0013070236D7600;51636255;18.4.2023
Myllymäki 23.pdf;NXA6UED0013070245A7600;51636255;18.4.2023
Myllymäki 23.pdf;NXA6UED0013070245F7600;51636255;18.4.2023
Myllymäki 23.pdf;NXA6UED001307024637600;51636255;18.4.2023
Myllymäki 23.pdf;NXA6UED001307024657600;51636255;18.4.2023
Myllymäki 23.pdf;NXA6UED0013070248D7600;51636255;18.4.2023
Myllymäki 23.pdf;NXA6UED001307024AA7600;51636255;18.4.2023
Lönnrot 23.pdf;NXA6UED001307024E57600;51636254;18.4.2023
Lönnrot 23.pdf;NXA6UED001307021797600;51636254;18.4.2023
Lönnrot 23.pdf;NXA6UED0013070217A7600;51636254;18.4.2023
Lönnrot 23.pdf;NXA6UED0013070217D7600;51636254;18.4.2023
Lönnrot 23.pdf;NXA6UED0013070217F7600;51636254;18.4.2023
Lönnrot 23.pdf;NXA6UED001307021837600;51636254;18.4.2023
Lönnrot 23.pdf;NXA6UED001307021857600;51636254;18.4.2023
Lönnrot 23.pdf;NXA6UED001307021867600;51636254;18.4.2023
Lönnrot 23.pdf;NXA6UED001307021877600;51636254;18.4.2023
Lönnrot 23.pdf;NXA6UED001307021897600;51636254;18.4.2023
Lönnrot 23.pdf;NXA6UED001307021917600;51636254;18.4.2023
Lönnrot 23.pdf;NXA6UED0013070219A7600;51636254;18.4.2023
Lönnrot 23.pdf;NXA6UED0013070219D7600;51636254;18.4.2023
Lönnrot 23.pdf;NXA6UED001307023507600;51636254;18.4.2023
Lönnrot 23.pdf;NXA6UED001307023557600;51636254;18.4.2023
Lönnrot 23.pdf;NXA6UED0013070235F7600;51636254;18.4.2023
Lönnrot 23.pdf;NXA6UED001307023617600;51636254;18.4.2023
Lönnrot 23.pdf;NXA6UED001307023667600;51636254;18.4.2023
Lönnrot 23.pdf;NXA6UED0013070236B7600;51636254;18.4.2023
Lönnrot 23.pdf;NXA6UED001307023877600;51636254;18.4.2023
Lönnrot 23.pdf;NXA6UED001307023897600;51636254;18.4.2023
Lönnrot 23.pdf;NXA6UED0013070239C7600;51636254;18.4.2023
Lönnrot 23.pdf;NXA6UED0013070239D7600;51636254;18.4.2023
Lönnrot 23.pdf;NXA6UED0013070239F7600;51636254;18.4.2023
Lönnrot 23.pdf;NXA6UED001307023A27600;51636254;18.4.2023
Lönnrot 23.pdf;NXA6UED001307023A87600;51636254;18.4.2023
Lönnrot 23.pdf;NXA6UED001307023AD7600;51636254;18.4.2023
Lönnrot 23.pdf;NXA6UED001307023B07600;51636254;18.4.2023
Lönnrot 23.pdf;NXA6UED001307023B37600;51636254;18.4.2023
Lönnrot 23.pdf;NXA6UED001307023B97600;51636254;18.4.2023
Lönnrot 23.pdf;NXA6UED001307023BF7600;51636254;18.4.2023
Lönnrot 23.pdf;NXA6UED001307023C47600;51636254;18.4.2023
Lönnrot 23.pdf;NXA6UED001307023C67600;51636254;18.4.2023
Lönnrot 23.pdf;NXA6UED001307023C77600;51636254;18.4.2023
Lönnrot 23.pdf;NXA6UED001307023C97600;51636254;18.4.2023
Lönnrot 23.pdf;NXA6UED001307023CA7600;51636254;18.4.2023
Lönnrot 23.pdf;NXA6UED001307023CC7600;51636254;18.4.2023
Lönnrot 23.pdf;NXA6UED001307023D97600;51636254;18.4.2023
Lönnrot 23.pdf;NXA6UED001307023DB7600;51636254;18.4.2023
Lönnrot 23.pdf;NXA6UED001307023DF7600;51636254;18.4.2023
Lönnrot 23.pdf;NXA6UED001307023E17600;51636254;18.4.2023
Lönnrot 23.pdf;NXA6UED001307023EE7600;51636254;18.4.2023
Lönnrot 23.pdf;NXA6UED001307023F47600;51636254;18.4.2023
Lönnrot 23.pdf;NXA6UED001307023F77600;51636254;18.4.2023
Lönnrot 23.pdf;NXA6UED001307023FB7600;51636254;18.4.2023
Lönnrot 23.pdf;NXA6UED001307023FC7600;51636254;18.4.2023
Lönnrot 23.pdf;NXA6UED001307023FE7600;51636254;18.4.2023
Lönnrot 23.pdf;NXA6UED001307024017600;51636254;18.4.2023
Lönnrot 23.pdf;NXA6UED001307024057600;51636254;18.4.2023
Lönnrot 23.pdf;NXA6UED001307024067600;51636254;18.4.2023
Lönnrot 23.pdf;NXA6UED0013070240D7600;51636254;18.4.2023
Lönnrot 23.pdf;NXA6UED001307024177600;51636254;18.4.2023
Lönnrot 23.pdf;NXA6UED0013070246B7600;51636254;18.4.2023
Lönnrot 23.pdf;NXA6UED001307024AB7600;51636254;18.4.2023
Lönnrot 23.pdf;NXA6UED001307024E27600;51636254;18.4.2023
Korvenkylä 23.pdf;NXA6UED0013070252C7600;51636253;18.4.2023
Korvenkylä 23.pdf;NXA6UED0013070235A7600;51636253;18.4.2023
Korvenkylä 23.pdf;NXA6UED0013070235B7600;51636253;18.4.2023
Korvenkylä 23.pdf;NXA6UED001307023657600;51636253;18.4.2023
Korvenkylä 23.pdf;NXA6UED001307023C27600;51636253;18.4.2023
Korvenkylä 23.pdf;NXA6UED001307023C57600;51636253;18.4.2023
Korvenkylä 23.pdf;NXA6UED001307023D17600;51636253;18.4.2023
Korvenkylä 23.pdf;NXA6UED001307023D27600;51636253;18.4.2023
Korvenkylä 23.pdf;NXA6UED001307023D57600;51636253;18.4.2023
Korvenkylä 23.pdf;NXA6UED001307023D67600;51636253;18.4.2023
Korvenkylä 23.pdf;NXA6UED001307023D87600;51636253;18.4.2023
Korvenkylä 23.pdf;NXA6UED001307023F17600;51636253;18.4.2023
Korvenkylä 23.pdf;NXA6UED001307023FD7600;51636253;18.4.2023
Korvenkylä 23.pdf;NXA6UED001307024157600;51636253;18.4.2023
Korvenkylä 23.pdf;NXA6UED0013070241B7600;51636253;18.4.2023
Korvenkylä 23.pdf;NXA6UED0013070241E7600;51636253;18.4.2023
Korvenkylä 23.pdf;NXA6UED001307024247600;51636253;18.4.2023
Korvenkylä 23.pdf;NXA6UED001307024807600;51636253;18.4.2023
Korvenkylä 23.pdf;NXA6UED001307024817600;51636253;18.4.2023
Korvenkylä 23.pdf;NXA6UED0013070248B7600;51636253;18.4.2023
Korvenkylä 23.pdf;NXA6UED0013070248C7600;51636253;18.4.2023
Korvenkylä 23.pdf;NXA6UED001307024967600;51636253;18.4.2023
Korvenkylä 23.pdf;NXA6UED0013070249A7600;51636253;18.4.2023
Korvenkylä 23.pdf;NXA6UED001307024A47600;51636253;18.4.2023
Korvenkylä 23.pdf;NXA6UED001307024A57600;51636253;18.4.2023
Korvenkylä 23.pdf;NXA6UED001307024B37600;51636253;18.4.2023
Korvenkylä 23.pdf;NXA6UED001307024B67600;51636253;18.4.2023
Korvenkylä 23.pdf;NXA6UED001307024BF7600;51636253;18.4.2023
Korvenkylä 23.pdf;NXA6UED001307024C17600;51636253;18.4.2023
Korvenkylä 23.pdf;NXA6UED001307024DF7600;51636253;18.4.2023
Korvenkylä 23.pdf;NXA6UED001307024E97600;51636253;18.4.2023
Korvenkylä 23.pdf;NXA6UED001307025027600;51636253;18.4.2023
Korvenkylä 23.pdf;NXA6UED001307025037600;51636253;18.4.2023
Korvenkylä 23.pdf;NXA6UED0013070251B7600;51636253;18.4.2023
Korvenkylä 23.pdf;NXA6UED0013070251E7600;51636253;18.4.2023
Korvenkylä 23.pdf;NXA6UED0013070251F7600;51636253;18.4.2023
Korvenkylä 23.pdf;NXA6UED001307025207600;51636253;18.4.2023
Korvenkylä 23.pdf;NXA6UED001307025217600;51636253;18.4.2023
Korvenkylä 23.pdf;NXA6UED001307025227600;51636253;18.4.2023
Korvenkylä 23.pdf;NXA6UED001307025287600;51636253;18.4.2023
Korvenkylä 23.pdf;NXA6UED001307025297600;51636253;18.4.2023
Korvenkylä 23.pdf;NXA6UED0013070252A7600;51636253;18.4.2023
Korvenkylä 23.pdf;NXA6UED0013070252B7600;51636253;18.4.2023
Kaukaa 23.pdf;NXA6UED0013070261E7600;51636252;18.4.2023
Kaukaa 23.pdf;NXA6UED001307021767600;51636252;18.4.2023
Kaukaa 23.pdf;NXA6UED001307021AF7600;51636252;18.4.2023
Kaukaa 23.pdf;NXA6UED001307021B07600;51636252;18.4.2023
Kaukaa 23.pdf;NXA6UED001307021EA7600;51636252;18.4.2023
Kaukaa 23.pdf;NXA6UED001307021EE7600;51636252;18.4.2023
Kaukaa 23.pdf;NXA6UED001307021EF7600;51636252;18.4.2023
Kaukaa 23.pdf;NXA6UED001307021F07600;51636252;18.4.2023
Kaukaa 23.pdf;NXA6UED001307021F17600;51636252;18.4.2023
Kaukaa 23.pdf;NXA6UED001307021F27600;51636252;18.4.2023
Kaukaa 23.pdf;NXA6UED001307021F37600;51636252;18.4.2023
Kaukaa 23.pdf;NXA6UED001307021F47600;51636252;18.4.2023
Kaukaa 23.pdf;NXA6UED001307021F57600;51636252;18.4.2023
Kaukaa 23.pdf;NXA6UED001307021F67600;51636252;18.4.2023
Kaukaa 23.pdf;NXA6UED001307021F97600;51636252;18.4.2023
Kaukaa 23.pdf;NXA6UED001307021FA7600;51636252;18.4.2023
Kaukaa 23.pdf;NXA6UED001307022357600;51636252;18.4.2023
Kaukaa 23.pdf;NXA6UED001307022367600;51636252;18.4.2023
Kaukaa 23.pdf;NXA6UED001307022387600;51636252;18.4.2023
Kaukaa 23.pdf;NXA6UED0013070223A7600;51636252;18.4.2023
Kaukaa 23.pdf;NXA6UED0013070223D7600;51636252;18.4.2023
Kaukaa 23.pdf;NXA6UED0013070227E7600;51636252;18.4.2023
Kaukaa 23.pdf;NXA6UED0013070228E7600;51636252;18.4.2023
Kaukaa 23.pdf;NXA6UED001307022987600;51636252;18.4.2023
Kaukaa 23.pdf;NXA6UED0013070229F7600;51636252;18.4.2023
Kaukaa 23.pdf;NXA6UED001307022A47600;51636252;18.4.2023
Kaukaa 23.pdf;NXA6UED001307022AA7600;51636252;18.4.2023
Kaukaa 23.pdf;NXA6UED001307022B97600;51636252;18.4.2023
Kaukaa 23.pdf;NXA6UED001307022CB7600;51636252;18.4.2023
Kaukaa 23.pdf;NXA6UED001307022D07600;51636252;18.4.2023
Kaukaa 23.pdf;NXA6UED001307022D77600;51636252;18.4.2023
Kaukaa 23.pdf;NXA6UED001307022DE7600;51636252;18.4.2023
Kaukaa 23.pdf;NXA6UED001307022FD7600;51636252;18.4.2023
Kaukaa 23.pdf;NXA6UED001307023087600;51636252;18.4.2023
Kaukaa 23.pdf;NXA6UED0013070230F7600;51636252;18.4.2023
Kaukaa 23.pdf;NXA6UED001307023187600;51636252;18.4.2023
Kaukaa 23.pdf;NXA6UED0013070232B7600;51636252;18.4.2023
Kaukaa 23.pdf;NXA6UED001307023457600;51636252;18.4.2023
Kaukaa 23.pdf;NXA6UED001307024617600;51636252;18.4.2023
Kaukaa 23.pdf;NXA6UED001307025317600;51636252;18.4.2023
Kaukaa 23.pdf;NXA6UED001307025387600;51636252;18.4.2023
Kaukaa 23.pdf;NXA6UED0013070253B7600;51636252;18.4.2023
Kaukaa 23.pdf;NXA6UED001307025407600;51636252;18.4.2023
Kaukaa 23.pdf;NXA6UED001307025457600;51636252;18.4.2023
Kaukaa 23.pdf;NXA6UED0013070254C7600;51636252;18.4.2023
Kaukaa 23.pdf;NXA6UED0013070254D7600;51636252;18.4.2023
Kaukaa 23.pdf;NXA6UED001307025527600;51636252;18.4.2023
Kaukaa 23.pdf;NXA6UED001307025547600;51636252;18.4.2023
Kaukaa 23.pdf;NXA6UED001307025567600;51636252;18.4.2023
Kaukaa 23.pdf;NXA6UED001307025597600;51636252;18.4.2023
Kaukaa 23.pdf;NXA6UED0013070255D7600;51636252;18.4.2023
Kaukaa 23.pdf;NXA6UED0013070255E7600;51636252;18.4.2023
Kaukaa 23.pdf;NXA6UED0013070255F7600;51636252;18.4.2023
Kaukaa 23.pdf;NXA6UED001307025607600;51636252;18.4.2023
Kaukaa 23.pdf;NXA6UED001307025617600;51636252;18.4.2023
Kaukaa 23.pdf;NXA6UED001307025627600;51636252;18.4.2023
Kaukaa 23.pdf;NXA6UED001307025657600;51636252;18.4.2023
Kaukaa 23.pdf;NXA6UED001307025667600;51636252;18.4.2023
Kaukaa 23.pdf;NXA6UED001307025687600;51636252;18.4.2023
Kaukaa 23.pdf;NXA6UED0013070257B7600;51636252;18.4.2023
Kaukaa 23.pdf;NXA6UED0013070257C7600;51636252;18.4.2023
Kaukaa 23.pdf;NXA6UED0013070257D7600;51636252;18.4.2023
Kaukaa 23.pdf;NXA6UED001307025807600;51636252;18.4.2023
Kaukaa 23.pdf;NXA6UED001307025817600;51636252;18.4.2023
Kaukaa 23.pdf;NXA6UED001307025827600;51636252;18.4.2023
Kaukaa 23.pdf;NXA6UED001307025837600;51636252;18.4.2023
Kaukaa 23.pdf;NXA6UED001307025847600;51636252;18.4.2023
Kaukaa 23.pdf;NXA6UED0013070258A7600;51636252;18.4.2023
Kaukaa 23.pdf;NXA6UED001307025947600;51636252;18.4.2023
Kaukaa 23.pdf;NXA6UED001307025957600;51636252;18.4.2023
Kaukaa 23.pdf;NXA6UED001307025997600;51636252;18.4.2023
Kaukaa 23.pdf;NXA6UED0013070259A7600;51636252;18.4.2023
Kaukaa 23.pdf;NXA6UED0013070259C7600;51636252;18.4.2023
Kaukaa 23.pdf;NXA6UED0013070259E7600;51636252;18.4.2023
Kaukaa 23.pdf;NXA6UED001307025A07600;51636252;18.4.2023
Kaukaa 23.pdf;NXA6UED001307025A47600;51636252;18.4.2023
Kaukaa 23.pdf;NXA6UED001307025B17600;51636252;18.4.2023
Kaukaa 23.pdf;NXA6UED001307025BA7600;51636252;18.4.2023
Kaukaa 23.pdf;NXA6UED001307025BD7600;51636252;18.4.2023
Kaukaa 23.pdf;NXA6UED001307025C07600;51636252;18.4.2023
Kaukaa 23.pdf;NXA6UED001307026087600;51636252;18.4.2023
Pontus 23.pdf;NXA6UED001307024137600;51636210;18.4.2023
Pontus 23.pdf;NXA6UED001307024407600;51636210;18.4.2023
Pontus 23.pdf;NXA6UED001307024737600;51636210;18.4.2023
Pontus 23.pdf;NXA6UED001307024A87600;51636210;18.4.2023
Pontus 23.pdf;NXA6UED001307023567600;51636210;18.4.2023
Pontus 23.pdf;NXA6UED001307023597600;51636210;18.4.2023
Pontus 23.pdf;NXA6UED0013070236A7600;51636210;18.4.2023
Pontus 23.pdf;NXA6UED0013070236E7600;51636210;18.4.2023
Pontus 23.pdf;NXA6UED0013070238D7600;51636210;18.4.2023
Pontus 23.pdf;NXA6UED001307023A57600;51636210;18.4.2023
Pontus 23.pdf;NXA6UED001307023AA7600;51636210;18.4.2023
Pontus 23.pdf;NXA6UED001307023AB7600;51636210;18.4.2023
Pontus 23.pdf;NXA6UED001307023AE7600;51636210;18.4.2023
Pontus 23.pdf;NXA6UED001307023CF7600;51636210;18.4.2023
Pontus 23.pdf;NXA6UED001307023D07600;51636210;18.4.2023
Pontus 23.pdf;NXA6UED001307023DE7600;51636210;18.4.2023
Pontus 23.pdf;NXA6UED001307024007600;51636210;18.4.2023
Pontus 23.pdf;NXA6UED001307024037600;51636210;18.4.2023
Pontus 23.pdf;NXA6UED001307024077600;51636210;18.4.2023
Pontus 23.pdf;NXA6UED001307024097600;51636210;18.4.2023
Pontus 23.pdf;NXA6UED0013070240A7600;51636210;18.4.2023
Pontus 23.pdf;NXA6UED0013070240C7600;51636210;18.4.2023
Pontus 23.pdf;NXA6UED0013070240E7600;51636210;18.4.2023
Pontus 23.pdf;NXA6UED001307024127600;51636210;18.4.2023
Pontus 23.pdf;NXA6UED001307024147600;51636210;18.4.2023
Pontus 23.pdf;NXA6UED001307024167600;51636210;18.4.2023
Pontus 23.pdf;NXA6UED001307024187600;51636210;18.4.2023
Pontus 23.pdf;NXA6UED001307024197600;51636210;18.4.2023
Pontus 23.pdf;NXA6UED0013070241A7600;51636210;18.4.2023
Pontus 23.pdf;NXA6UED0013070241C7600;51636210;18.4.2023
Pontus 23.pdf;NXA6UED0013070241D7600;51636210;18.4.2023
Pontus 23.pdf;NXA6UED0013070241F7600;51636210;18.4.2023
Pontus 23.pdf;NXA6UED001307024207600;51636210;18.4.2023
Pontus 23.pdf;NXA6UED001307024227600;51636210;18.4.2023
Pontus 23.pdf;NXA6UED001307024237600;51636210;18.4.2023
Pontus 23.pdf;NXA6UED001307024257600;51636210;18.4.2023
Pontus 23.pdf;NXA6UED001307024277600;51636210;18.4.2023
Pontus 23.pdf;NXA6UED001307024287600;51636210;18.4.2023
Pontus 23.pdf;NXA6UED001307024297600;51636210;18.4.2023
Pontus 23.pdf;NXA6UED0013070242B7600;51636210;18.4.2023
Pontus 23.pdf;NXA6UED0013070242C7600;51636210;18.4.2023
Pontus 23.pdf;NXA6UED0013070242D7600;51636210;18.4.2023
Pontus 23.pdf;NXA6UED0013070242E7600;51636210;18.4.2023
Pontus 23.pdf;NXA6UED001307024307600;51636210;18.4.2023
Pontus 23.pdf;NXA6UED001307024317600;51636210;18.4.2023
Pontus 23.pdf;NXA6UED001307024327600;51636210;18.4.2023
Pontus 23.pdf;NXA6UED001307024387600;51636210;18.4.2023
Pontus 23.pdf;NXA6UED001307024397600;51636210;18.4.2023
Pontus 23.pdf;NXA6UED0013070243A7600;51636210;18.4.2023
Pontus 23.pdf;NXA6UED0013070243B7600;51636210;18.4.2023
Pontus 23.pdf;NXA6UED0013070243C7600;51636210;18.4.2023
Pontus 23.pdf;NXA6UED0013070243D7600;51636210;18.4.2023
Pontus 23.pdf;NXA6UED0013070243E7600;51636210;18.4.2023
Pontus 23.pdf;NXA6UED0013070243F7600;51636210;18.4.2023
Pontus 23.pdf;NXA6UED001307024417600;51636210;18.4.2023
Pontus 23.pdf;NXA6UED001307024427600;51636210;18.4.2023
Pontus 23.pdf;NXA6UED001307024437600;51636210;18.4.2023
Pontus 23.pdf;NXA6UED001307024447600;51636210;18.4.2023
Pontus 23.pdf;NXA6UED001307024457600;51636210;18.4.2023
Pontus 23.pdf;NXA6UED001307024477600;51636210;18.4.2023
Pontus 23.pdf;NXA6UED001307024487600;51636210;18.4.2023
Pontus 23.pdf;NXA6UED0013070244A7600;51636210;18.4.2023
Pontus 23.pdf;NXA6UED0013070244B7600;51636210;18.4.2023
Pontus 23.pdf;NXA6UED001307024507600;51636210;18.4.2023
Pontus 23.pdf;NXA6UED001307024527600;51636210;18.4.2023
Pontus 23.pdf;NXA6UED001307024567600;51636210;18.4.2023
Pontus 23.pdf;NXA6UED0013070245B7600;51636210;18.4.2023
Pontus 23.pdf;NXA6UED0013070245C7600;51636210;18.4.2023
Pontus 23.pdf;NXA6UED001307024607600;51636210;18.4.2023
Pontus 23.pdf;NXA6UED001307024647600;51636210;18.4.2023
Pontus 23.pdf;NXA6UED001307024667600;51636210;18.4.2023
Pontus 23.pdf;NXA6UED001307024677600;51636210;18.4.2023
Pontus 23.pdf;NXA6UED001307024687600;51636210;18.4.2023
Pontus 23.pdf;NXA6UED0013070246C7600;51636210;18.4.2023
Pontus 23.pdf;NXA6UED0013070246D7600;51636210;18.4.2023
Pontus 23.pdf;NXA6UED0013070246F7600;51636210;18.4.2023
Pontus 23.pdf;NXA6UED001307024707600;51636210;18.4.2023
Pontus 23.pdf;NXA6UED001307024717600;51636210;18.4.2023
Pontus 23.pdf;NXA6UED001307024727600;51636210;18.4.2023
Pontus 23.pdf;NXA6UED001307024747600;51636210;18.4.2023
Pontus 23.pdf;NXA6UED001307024757600;51636210;18.4.2023
Pontus 23.pdf;NXA6UED001307024767600;51636210;18.4.2023
Pontus 23.pdf;NXA6UED001307024777600;51636210;18.4.2023
Pontus 23.pdf;NXA6UED001307024787600;51636210;18.4.2023
Pontus 23.pdf;NXA6UED001307024797600;51636210;18.4.2023
Pontus 23.pdf;NXA6UED0013070247A7600;51636210;18.4.2023
Pontus 23.pdf;NXA6UED0013070247B7600;51636210;18.4.2023
Pontus 23.pdf;NXA6UED0013070247C7600;51636210;18.4.2023
Pontus 23.pdf;NXA6UED0013070247D7600;51636210;18.4.2023
Pontus 23.pdf;NXA6UED0013070247E7600;51636210;18.4.2023
Pontus 23.pdf;NXA6UED001307024827600;51636210;18.4.2023
Pontus 23.pdf;NXA6UED001307024837600;51636210;18.4.2023
Pontus 23.pdf;NXA6UED001307024847600;51636210;18.4.2023
Pontus 23.pdf;NXA6UED001307024857600;51636210;18.4.2023
Pontus 23.pdf;NXA6UED001307024867600;51636210;18.4.2023
Pontus 23.pdf;NXA6UED001307024877600;51636210;18.4.2023
Pontus 23.pdf;NXA6UED001307024897600;51636210;18.4.2023
Pontus 23.pdf;NXA6UED0013070248A7600;51636210;18.4.2023
Pontus 23.pdf;NXA6UED0013070248E7600;51636210;18.4.2023
Pontus 23.pdf;NXA6UED0013070248F7600;51636210;18.4.2023
Pontus 23.pdf;NXA6UED001307024907600;51636210;18.4.2023
Pontus 23.pdf;NXA6UED001307024917600;51636210;18.4.2023
Pontus 23.pdf;NXA6UED001307024927600;51636210;18.4.2023
Pontus 23.pdf;NXA6UED001307024947600;51636210;18.4.2023
Pontus 23.pdf;NXA6UED001307024997600;51636210;18.4.2023
Pontus 23.pdf;NXA6UED0013070249D7600;51636210;18.4.2023
Pontus 23.pdf;NXA6UED0013070249E7600;51636210;18.4.2023
Pontus 23.pdf;NXA6UED0013070249F7600;51636210;18.4.2023
Pontus 23.pdf;NXA6UED001307024A67600;51636210;18.4.2023
Pontus 23.pdf;NXA6UED001307024A77600;51636210;18.4.2023
Kimpinen 23.pdf;NXA6UED001307024AD7600;51636209;18.4.2023
Kimpinen 23.pdf;NXA6UED001307025517600;51636209;18.4.2023
Kimpinen 23.pdf;NXA6UED001307025917600;51636209;18.4.2023
Kimpinen 23.pdf;NXA6UED001307021737600;51636209;18.4.2023
Kimpinen 23.pdf;NXA6UED001307022377600;51636209;18.4.2023
Kimpinen 23.pdf;NXA6UED001307022587600;51636209;18.4.2023
Kimpinen 23.pdf;NXA6UED001307022B47600;51636209;18.4.2023
Kimpinen 23.pdf;NXA6UED001307022EF7600;51636209;18.4.2023
Kimpinen 23.pdf;NXA6UED001307023127600;51636209;18.4.2023
Kimpinen 23.pdf;NXA6UED001307023337600;51636209;18.4.2023
Kimpinen 23.pdf;NXA6UED001307023357600;51636209;18.4.2023
Kimpinen 23.pdf;NXA6UED001307023577600;51636209;18.4.2023
Kimpinen 23.pdf;NXA6UED001307023587600;51636209;18.4.2023
Kimpinen 23.pdf;NXA6UED0013070235E7600;51636209;18.4.2023
Kimpinen 23.pdf;NXA6UED001307023627600;51636209;18.4.2023
Kimpinen 23.pdf;NXA6UED001307023637600;51636209;18.4.2023
Kimpinen 23.pdf;NXA6UED001307023647600;51636209;18.4.2023
Kimpinen 23.pdf;NXA6UED001307023697600;51636209;18.4.2023
Kimpinen 23.pdf;NXA6UED0013070236C7600;51636209;18.4.2023
Kimpinen 23.pdf;NXA6UED001307023707600;51636209;18.4.2023
Kimpinen 23.pdf;NXA6UED001307023717600;51636209;18.4.2023
Kimpinen 23.pdf;NXA6UED001307023A67600;51636209;18.4.2023
Kimpinen 23.pdf;NXA6UED001307023C87600;51636209;18.4.2023
Kimpinen 23.pdf;NXA6UED001307023D47600;51636209;18.4.2023
Kimpinen 23.pdf;NXA6UED001307023DC7600;51636209;18.4.2023
Kimpinen 23.pdf;NXA6UED001307023E07600;51636209;18.4.2023
Kimpinen 23.pdf;NXA6UED001307023E57600;51636209;18.4.2023
Kimpinen 23.pdf;NXA6UED001307024347600;51636209;18.4.2023
Kimpinen 23.pdf;NXA6UED001307024547600;51636209;18.4.2023
Kimpinen 23.pdf;NXA6UED001307024577600;51636209;18.4.2023
Kimpinen 23.pdf;NXA6UED001307024587600;51636209;18.4.2023
Kimpinen 23.pdf;NXA6UED001307024597600;51636209;18.4.2023
Kimpinen 23.pdf;NXA6UED0013070245D7600;51636209;18.4.2023
Kimpinen 23.pdf;NXA6UED0013070245E7600;51636209;18.4.2023
Kimpinen 23.pdf;NXA6UED001307024627600;51636209;18.4.2023
Kimpinen 23.pdf;NXA6UED001307024697600;51636209;18.4.2023
Kimpinen 23.pdf;NXA6UED0013070246A7600;51636209;18.4.2023
Kimpinen 23.pdf;NXA6UED0013070247F7600;51636209;18.4.2023
Kimpinen 23.pdf;NXA6UED001307024937600;51636209;18.4.2023
Kimpinen 23.pdf;NXA6UED001307024957600;51636209;18.4.2023
Kimpinen 23.pdf;NXA6UED001307024977600;51636209;18.4.2023
Kimpinen 23.pdf;NXA6UED001307024987600;51636209;18.4.2023
Kimpinen 23.pdf;NXA6UED0013070249B7600;51636209;18.4.2023
Kimpinen 23.pdf;NXA6UED001307024A07600;51636209;18.4.2023
Kimpinen 23.pdf;NXA6UED001307024A17600;51636209;18.4.2023
Kimpinen 23.pdf;NXA6UED001307024AE7600;51636209;18.4.2023
Kimpinen 23.pdf;NXA6UED001307024AF7600;51636209;18.4.2023
Kimpinen 23.pdf;NXA6UED001307024B07600;51636209;18.4.2023
Kimpinen 23.pdf;NXA6UED001307024B17600;51636209;18.4.2023
Kimpinen 23.pdf;NXA6UED001307024B27600;51636209;18.4.2023
Kimpinen 23.pdf;NXA6UED001307024B47600;51636209;18.4.2023
Kimpinen 23.pdf;NXA6UED001307024B57600;51636209;18.4.2023
Kimpinen 23.pdf;NXA6UED001307024B87600;51636209;18.4.2023
Kimpinen 23.pdf;NXA6UED001307024B97600;51636209;18.4.2023
Kimpinen 23.pdf;NXA6UED001307024BA7600;51636209;18.4.2023
Kimpinen 23.pdf;NXA6UED001307024BB7600;51636209;18.4.2023
Kimpinen 23.pdf;NXA6UED001307024BC7600;51636209;18.4.2023
Kimpinen 23.pdf;NXA6UED001307024BD7600;51636209;18.4.2023
Kimpinen 23.pdf;NXA6UED001307024C27600;51636209;18.4.2023
Kimpinen 23.pdf;NXA6UED001307024C37600;51636209;18.4.2023
Kimpinen 23.pdf;NXA6UED001307024C47600;51636209;18.4.2023
Kimpinen 23.pdf;NXA6UED001307024C57600;51636209;18.4.2023
Kimpinen 23.pdf;NXA6UED001307024C67600;51636209;18.4.2023
Kimpinen 23.pdf;NXA6UED001307024C87600;51636209;18.4.2023
Kimpinen 23.pdf;NXA6UED001307024C97600;51636209;18.4.2023
Kimpinen 23.pdf;NXA6UED001307024CA7600;51636209;18.4.2023
Kimpinen 23.pdf;NXA6UED001307024CB7600;51636209;18.4.2023
Kimpinen 23.pdf;NXA6UED001307024CC7600;51636209;18.4.2023
Kimpinen 23.pdf;NXA6UED001307024CD7600;51636209;18.4.2023
Kimpinen 23.pdf;NXA6UED001307024CE7600;51636209;18.4.2023
Kimpinen 23.pdf;NXA6UED001307024CF7600;51636209;18.4.2023
Kimpinen 23.pdf;NXA6UED001307024D07600;51636209;18.4.2023
Kimpinen 23.pdf;NXA6UED001307024D17600;51636209;18.4.2023
Kimpinen 23.pdf;NXA6UED001307024D27600;51636209;18.4.2023
Kimpinen 23.pdf;NXA6UED001307024D37600;51636209;18.4.2023
Kimpinen 23.pdf;NXA6UED001307024D47600;51636209;18.4.2023
Kimpinen 23.pdf;NXA6UED001307024D57600;51636209;18.4.2023
Kimpinen 23.pdf;NXA6UED001307024D67600;51636209;18.4.2023
Kimpinen 23.pdf;NXA6UED001307024D77600;51636209;18.4.2023
Kimpinen 23.pdf;NXA6UED001307024D87600;51636209;18.4.2023
Kimpinen 23.pdf;NXA6UED001307024D97600;51636209;18.4.2023
Kimpinen 23.pdf;NXA6UED001307024DA7600;51636209;18.4.2023
Kimpinen 23.pdf;NXA6UED001307024DB7600;51636209;18.4.2023
Kimpinen 23.pdf;NXA6UED001307024DC7600;51636209;18.4.2023
Kimpinen 23.pdf;NXA6UED001307024DD7600;51636209;18.4.2023
Kimpinen 23.pdf;NXA6UED001307024DE7600;51636209;18.4.2023
Kimpinen 23.pdf;NXA6UED001307024E07600;51636209;18.4.2023
Kimpinen 23.pdf;NXA6UED001307024E17600;51636209;18.4.2023
Kimpinen 23.pdf;NXA6UED001307024E37600;51636209;18.4.2023
Kimpinen 23.pdf;NXA6UED001307024E47600;51636209;18.4.2023
Kimpinen 23.pdf;NXA6UED001307024E67600;51636209;18.4.2023
Kimpinen 23.pdf;NXA6UED001307024E77600;51636209;18.4.2023
Kimpinen 23.pdf;NXA6UED001307024E87600;51636209;18.4.2023
Kimpinen 23.pdf;NXA6UED001307024EA7600;51636209;18.4.2023
Kimpinen 23.pdf;NXA6UED001307024EB7600;51636209;18.4.2023
Kimpinen 23.pdf;NXA6UED001307024EC7600;51636209;18.4.2023
Kimpinen 23.pdf;NXA6UED001307024EE7600;51636209;18.4.2023
Kimpinen 23.pdf;NXA6UED001307024EF7600;51636209;18.4.2023
Kimpinen 23.pdf;NXA6UED001307024F17600;51636209;18.4.2023
Kimpinen 23.pdf;NXA6UED001307024F27600;51636209;18.4.2023
Kimpinen 23.pdf;NXA6UED001307024F37600;51636209;18.4.2023
Kimpinen 23.pdf;NXA6UED001307024F47600;51636209;18.4.2023
Kimpinen 23.pdf;NXA6UED001307024F57600;51636209;18.4.2023
Kimpinen 23.pdf;NXA6UED001307024F67600;51636209;18.4.2023
Kimpinen 23.pdf;NXA6UED001307024F77600;51636209;18.4.2023
Kimpinen 23.pdf;NXA6UED001307024F87600;51636209;18.4.2023
Kimpinen 23.pdf;NXA6UED001307024F97600;51636209;18.4.2023
Kimpinen 23.pdf;NXA6UED001307024FA7600;51636209;18.4.2023
Kimpinen 23.pdf;NXA6UED001307024FB7600;51636209;18.4.2023
Kimpinen 23.pdf;NXA6UED001307024FC7600;51636209;18.4.2023
Kimpinen 23.pdf;NXA6UED001307024FD7600;51636209;18.4.2023
Kimpinen 23.pdf;NXA6UED001307024FE7600;51636209;18.4.2023
Kimpinen 23.pdf;NXA6UED001307024FF7600;51636209;18.4.2023
Kimpinen 23.pdf;NXA6UED001307025077600;51636209;18.4.2023
Kimpinen 23.pdf;NXA6UED001307025087600;51636209;18.4.2023
Kimpinen 23.pdf;NXA6UED001307025097600;51636209;18.4.2023
Kimpinen 23.pdf;NXA6UED0013070250A7600;51636209;18.4.2023
Kimpinen 23.pdf;NXA6UED0013070250B7600;51636209;18.4.2023
Kimpinen 23.pdf;NXA6UED0013070250C7600;51636209;18.4.2023
Kimpinen 23.pdf;NXA6UED0013070250D7600;51636209;18.4.2023
Kimpinen 23.pdf;NXA6UED0013070250E7600;51636209;18.4.2023
Kimpinen 23.pdf;NXA6UED0013070250F7600;51636209;18.4.2023
Kimpinen 23.pdf;NXA6UED001307025107600;51636209;18.4.2023
Kimpinen 23.pdf;NXA6UED001307025117600;51636209;18.4.2023
Kimpinen 23.pdf;NXA6UED001307025127600;51636209;18.4.2023
Kimpinen 23.pdf;NXA6UED001307025137600;51636209;18.4.2023
Kimpinen 23.pdf;NXA6UED001307025147600;51636209;18.4.2023
Kimpinen 23.pdf;NXA6UED001307025177600;51636209;18.4.2023
Kimpinen 23.pdf;NXA6UED001307025197600;51636209;18.4.2023
Kimpinen 23.pdf;NXA6UED0013070251A7600;51636209;18.4.2023
Kimpinen 23.pdf;NXA6UED001307025427600;51636209;18.4.2023
Kimpinen 23.pdf;NXA6UED001307025437600;51636209;18.4.2023
Kimpinen 23.pdf;NXA6UED001307025677600;51636209;18.4.2023
Kimpinen 23.pdf;NXA6UED0013070256B7600;51636209;18.4.2023
Kimpinen 23.pdf;NXA6UED0013070256C7600;51636209;18.4.2023
Kimpinen 23.pdf;NXA6UED0013070256F7600;51636209;18.4.2023
Kimpinen 23.pdf;NXA6UED001307025747600;51636209;18.4.2023
Kimpinen 23.pdf;NXA6UED001307025757600;51636209;18.4.2023
Kimpinen 23.pdf;NXA6UED001307025767600;51636209;18.4.2023
Kimpinen 23.pdf;NXA6UED001307025777600;51636209;18.4.2023
Kimpinen 23.pdf;NXA6UED001307025797600;51636209;18.4.2023
Kimpinen 23.pdf;NXA6UED0013070257A7600;51636209;18.4.2023
Kimpinen 23.pdf;NXA6UED001307025857600;51636209;18.4.2023
Kimpinen 23.pdf;NXA6UED001307025877600;51636209;18.4.2023
Kimpinen 23.pdf;NXA6UED0013070258D7600;51636209;18.4.2023
Kimpinen 23.pdf;NXA6UED0013070258E7600;51636209;18.4.2023
Kimpinen 23.pdf;NXA6UED0013070258F7600;51636209;18.4.2023
Kimpinen 23.pdf;NXA6UED001307025907600;51636209;18.4.2023
Kesämäki 23.pdf;NXA6UED001307025937600;51636208;18.4.2023
Kesämäki 23.pdf;NXA6UED001307021727600;51636208;18.4.2023
Kesämäki 23.pdf;NXA6UED001307021757600;51636208;18.4.2023
Kesämäki 23.pdf;NXA6UED001307021777600;51636208;18.4.2023
Kesämäki 23.pdf;NXA6UED001307021807600;51636208;18.4.2023
Kesämäki 23.pdf;NXA6UED001307021967600;51636208;18.4.2023
Kesämäki 23.pdf;NXA6UED001307021B37600;51636208;18.4.2023
Kesämäki 23.pdf;NXA6UED001307021BA7600;51636208;18.4.2023
Kesämäki 23.pdf;NXA6UED001307021DE7600;51636208;18.4.2023
Kesämäki 23.pdf;NXA6UED0013070223B7600;51636208;18.4.2023
Kesämäki 23.pdf;NXA6UED001307022427600;51636208;18.4.2023
Kesämäki 23.pdf;NXA6UED001307022447600;51636208;18.4.2023
Kesämäki 23.pdf;NXA6UED0013070224E7600;51636208;18.4.2023
Kesämäki 23.pdf;NXA6UED001307022507600;51636208;18.4.2023
Kesämäki 23.pdf;NXA6UED0013070226B7600;51636208;18.4.2023
Kesämäki 23.pdf;NXA6UED001307022747600;51636208;18.4.2023
Kesämäki 23.pdf;NXA6UED001307022797600;51636208;18.4.2023
Kesämäki 23.pdf;NXA6UED0013070227D7600;51636208;18.4.2023
Kesämäki 23.pdf;NXA6UED0013070227F7600;51636208;18.4.2023
Kesämäki 23.pdf;NXA6UED001307022827600;51636208;18.4.2023
Kesämäki 23.pdf;NXA6UED001307022897600;51636208;18.4.2023
Kesämäki 23.pdf;NXA6UED0013070228C7600;51636208;18.4.2023
Kesämäki 23.pdf;NXA6UED001307022947600;51636208;18.4.2023
Kesämäki 23.pdf;NXA6UED001307022A87600;51636208;18.4.2023
Kesämäki 23.pdf;NXA6UED001307022AC7600;51636208;18.4.2023
Kesämäki 23.pdf;NXA6UED001307022AD7600;51636208;18.4.2023
Kesämäki 23.pdf;NXA6UED001307022AF7600;51636208;18.4.2023
Kesämäki 23.pdf;NXA6UED001307022BA7600;51636208;18.4.2023
Kesämäki 23.pdf;NXA6UED001307022BD7600;51636208;18.4.2023
Kesämäki 23.pdf;NXA6UED001307022C07600;51636208;18.4.2023
Kesämäki 23.pdf;NXA6UED001307022C27600;51636208;18.4.2023
Kesämäki 23.pdf;NXA6UED001307022E47600;51636208;18.4.2023
Kesämäki 23.pdf;NXA6UED001307022E57600;51636208;18.4.2023
Kesämäki 23.pdf;NXA6UED001307022ED7600;51636208;18.4.2023
Kesämäki 23.pdf;NXA6UED001307022F07600;51636208;18.4.2023
Kesämäki 23.pdf;NXA6UED001307022F47600;51636208;18.4.2023
Kesämäki 23.pdf;NXA6UED001307022F67600;51636208;18.4.2023
Kesämäki 23.pdf;NXA6UED001307022FC7600;51636208;18.4.2023
Kesämäki 23.pdf;NXA6UED001307023137600;51636208;18.4.2023
Kesämäki 23.pdf;NXA6UED001307023147600;51636208;18.4.2023
Kesämäki 23.pdf;NXA6UED001307023157600;51636208;18.4.2023
Kesämäki 23.pdf;NXA6UED0013070231C7600;51636208;18.4.2023
Kesämäki 23.pdf;NXA6UED001307023257600;51636208;18.4.2023
Kesämäki 23.pdf;NXA6UED001307023267600;51636208;18.4.2023
Kesämäki 23.pdf;NXA6UED001307023297600;51636208;18.4.2023
Kesämäki 23.pdf;NXA6UED0013070232D7600;51636208;18.4.2023
Kesämäki 23.pdf;NXA6UED001307023347600;51636208;18.4.2023
Kesämäki 23.pdf;NXA6UED001307023377600;51636208;18.4.2023
Kesämäki 23.pdf;NXA6UED0013070233C7600;51636208;18.4.2023
Kesämäki 23.pdf;NXA6UED0013070233D7600;51636208;18.4.2023
Kesämäki 23.pdf;NXA6UED0013070233E7600;51636208;18.4.2023
Kesämäki 23.pdf;NXA6UED001307023417600;51636208;18.4.2023
Kesämäki 23.pdf;NXA6UED001307023467600;51636208;18.4.2023
Kesämäki 23.pdf;NXA6UED0013070234B7600;51636208;18.4.2023
Kesämäki 23.pdf;NXA6UED001307023517600;51636208;18.4.2023
Kesämäki 23.pdf;NXA6UED001307023677600;51636208;18.4.2023
Kesämäki 23.pdf;NXA6UED001307023737600;51636208;18.4.2023
Kesämäki 23.pdf;NXA6UED0013070237B7600;51636208;18.4.2023
Kesämäki 23.pdf;NXA6UED001307024107600;51636208;18.4.2023
Kesämäki 23.pdf;NXA6UED0013070244E7600;51636208;18.4.2023
Kesämäki 23.pdf;NXA6UED001307024517600;51636208;18.4.2023
Kesämäki 23.pdf;NXA6UED001307025397600;51636208;18.4.2023
Kesämäki 23.pdf;NXA6UED0013070253E7600;51636208;18.4.2023
Kesämäki 23.pdf;NXA6UED001307025487600;51636208;18.4.2023
Kesämäki 23.pdf;NXA6UED0013070254E7600;51636208;18.4.2023
Kesämäki 23.pdf;NXA6UED0013070254F7600;51636208;18.4.2023
Kesämäki 23.pdf;NXA6UED001307025557600;51636208;18.4.2023
Kesämäki 23.pdf;NXA6UED001307025577600;51636208;18.4.2023
Kesämäki 23.pdf;NXA6UED0013070255A7600;51636208;18.4.2023
Kesämäki 23.pdf;NXA6UED001307025647600;51636208;18.4.2023
Kesämäki 23.pdf;NXA6UED001307025697600;51636208;18.4.2023
Kesämäki 23.pdf;NXA6UED0013070256A7600;51636208;18.4.2023
Kesämäki 23.pdf;NXA6UED0013070256D7600;51636208;18.4.2023
Kesämäki 23.pdf;NXA6UED0013070256E7600;51636208;18.4.2023
Kesämäki 23.pdf;NXA6UED001307025717600;51636208;18.4.2023
Kesämäki 23.pdf;NXA6UED001307025727600;51636208;18.4.2023
Kesämäki 23.pdf;NXA6UED001307025737600;51636208;18.4.2023
Kesämäki 23.pdf;NXA6UED001307025787600;51636208;18.4.2023
Kesämäki 23.pdf;NXA6UED0013070257F7600;51636208;18.4.2023
Kesämäki 23.pdf;NXA6UED001307025867600;51636208;18.4.2023
Kesämäki 23.pdf;NXA6UED001307025897600;51636208;18.4.2023
Kesämäki 23.pdf;NXA6UED0013070258B7600;51636208;18.4.2023
Kesämäki 23.pdf;NXA6UED0013070258C7600;51636208;18.4.2023
Kesämäki 23.pdf;NXA6UED001307025927600;51636208;18.4.2023
Kesämäki 23.pdf;NXA6UED0013070261F7600;51636208;18.4.2023
Kesämäki 23.pdf;NXA6UED001307025977600;51636208;18.4.2023
Kesämäki 23.pdf;NXA6UED001307025987600;51636208;18.4.2023
Kesämäki 23.pdf;NXA6UED001307025A17600;51636208;18.4.2023
Kesämäki 23.pdf;NXA6UED001307025A37600;51636208;18.4.2023
Kesämäki 23.pdf;NXA6UED001307025A77600;51636208;18.4.2023
Kesämäki 23.pdf;NXA6UED001307025A87600;51636208;18.4.2023
Kesämäki 23.pdf;NXA6UED001307025A97600;51636208;18.4.2023
Kesämäki 23.pdf;NXA6UED001307025AA7600;51636208;18.4.2023
Kesämäki 23.pdf;NXA6UED001307025AD7600;51636208;18.4.2023
Kesämäki 23.pdf;NXA6UED001307025AE7600;51636208;18.4.2023
Kesämäki 23.pdf;NXA6UED001307025AF7600;51636208;18.4.2023
Kesämäki 23.pdf;NXA6UED001307025B27600;51636208;18.4.2023
Kesämäki 23.pdf;NXA6UED001307025B37600;51636208;18.4.2023
Kesämäki 23.pdf;NXA6UED001307025B47600;51636208;18.4.2023
Kesämäki 23.pdf;NXA6UED001307025B57600;51636208;18.4.2023
Kesämäki 23.pdf;NXA6UED001307025B67600;51636208;18.4.2023
Kesämäki 23.pdf;NXA6UED001307025B77600;51636208;18.4.2023
Kesämäki 23.pdf;NXA6UED001307025B87600;51636208;18.4.2023
Kesämäki 23.pdf;NXA6UED001307025B97600;51636208;18.4.2023
Kesämäki 23.pdf;NXA6UED001307025BC7600;51636208;18.4.2023
Kesämäki 23.pdf;NXA6UED001307025BE7600;51636208;18.4.2023
Kesämäki 23.pdf;NXA6UED001307025C17600;51636208;18.4.2023
Kesämäki 23.pdf;NXA6UED001307025C27600;51636208;18.4.2023
Kesämäki 23.pdf;NXA6UED001307025C37600;51636208;18.4.2023
Kesämäki 23.pdf;NXA6UED001307025C57600;51636208;18.4.2023
Kesämäki 23.pdf;NXA6UED001307025C67600;51636208;18.4.2023
Kesämäki 23.pdf;NXA6UED001307025C77600;51636208;18.4.2023
Kesämäki 23.pdf;NXA6UED001307025CB7600;51636208;18.4.2023
Kesämäki 23.pdf;NXA6UED001307025CD7600;51636208;18.4.2023
Kesämäki 23.pdf;NXA6UED001307025CF7600;51636208;18.4.2023
Kesämäki 23.pdf;NXA6UED001307025D07600;51636208;18.4.2023
Kesämäki 23.pdf;NXA6UED001307025D17600;51636208;18.4.2023
Kesämäki 23.pdf;NXA6UED001307025D57600;51636208;18.4.2023
Kesämäki 23.pdf;NXA6UED001307025D67600;51636208;18.4.2023
Kesämäki 23.pdf;NXA6UED001307025DB7600;51636208;18.4.2023
Kesämäki 23.pdf;NXA6UED001307025E57600;51636208;18.4.2023
Kesämäki 23.pdf;NXA6UED001307025E77600;51636208;18.4.2023
Kesämäki 23.pdf;NXA6UED001307025EB7600;51636208;18.4.2023
Kesämäki 23.pdf;NXA6UED001307025EC7600;51636208;18.4.2023
Kesämäki 23.pdf;NXA6UED001307025F67600;51636208;18.4.2023
Kesämäki 23.pdf;NXA6UED001307025FB7600;51636208;18.4.2023
Kesämäki 23.pdf;NXA6UED001307026017600;51636208;18.4.2023
Kesämäki 23.pdf;NXA6UED001307026037600;51636208;18.4.2023
Kesämäki 23.pdf;NXA6UED0013070260A7600;51636208;18.4.2023
Kesämäki 23.pdf;NXA6UED001307026187600;51636208;18.4.2023
Kesämäki 23.pdf;NXA6UED0013070261C7600;51636208;18.4.2023
Pulp 23.pdf;NXA6UED001307021CA7600;51636258;18.4.2023
Pulp 23.pdf;NXA6UED001307025167600;51636258;18.4.2023
Pulp 23.pdf;NXA6UED001307021817600;51636258;18.4.2023
Pulp 23.pdf;NXA6UED0013070218D7600;51636258;18.4.2023
Pulp 23.pdf;NXA6UED001307021907600;51636258;18.4.2023
Pulp 23.pdf;NXA6UED001307021947600;51636258;18.4.2023
Pulp 23.pdf;NXA6UED001307021987600;51636258;18.4.2023
Pulp 23.pdf;NXA6UED001307021A37600;51636258;18.4.2023
Pulp 23.pdf;NXA6UED001307021A57600;51636258;18.4.2023
Pulp 23.pdf;NXA6UED001307021A97600;51636258;18.4.2023
Pulp 23.pdf;NXA6UED001307021AA7600;51636258;18.4.2023
Pulp 23.pdf;NXA6UED001307021AB7600;51636258;18.4.2023
Pulp 23.pdf;NXA6UED001307021AC7600;51636258;18.4.2023
Pulp 23.pdf;NXA6UED001307021AD7600;51636258;18.4.2023
Pulp 23.pdf;NXA6UED001307021BE7600;51636258;18.4.2023
Pulp 23.pdf;NXA6UED001307021C27600;51636258;18.4.2023
Pulp 23.pdf;NXA6UED001307021C77600;51636258;18.4.2023
Pulp 23.pdf;NXA6UED001307021C97600;51636258;18.4.2023
Pulp 23.pdf;NXA6UED001307021CC7600;51636258;18.4.2023
Pulp 23.pdf;NXA6UED001307021CD7600;51636258;18.4.2023
Pulp 23.pdf;NXA6UED001307021CE7600;51636258;18.4.2023
Pulp 23.pdf;NXA6UED001307021D07600;51636258;18.4.2023
Pulp 23.pdf;NXA6UED001307021D17600;51636258;18.4.2023
Pulp 23.pdf;NXA6UED001307021D47600;51636258;18.4.2023
Pulp 23.pdf;NXA6UED001307021D57600;51636258;18.4.2023
Pulp 23.pdf;NXA6UED001307021D67600;51636258;18.4.2023
Pulp 23.pdf;NXA6UED001307021DC7600;51636258;18.4.2023
Pulp 23.pdf;NXA6UED001307021E37600;51636258;18.4.2023
Pulp 23.pdf;NXA6UED001307021E47600;51636258;18.4.2023
Pulp 23.pdf;NXA6UED001307021E67600;51636258;18.4.2023
Pulp 23.pdf;NXA6UED001307021E87600;51636258;18.4.2023
Pulp 23.pdf;NXA6UED001307021E97600;51636258;18.4.2023
Pulp 23.pdf;NXA6UED001307021EB7600;51636258;18.4.2023
Pulp 23.pdf;NXA6UED001307021EC7600;51636258;18.4.2023
Pulp 23.pdf;NXA6UED001307021ED7600;51636258;18.4.2023
Pulp 23.pdf;NXA6UED001307021FB7600;51636258;18.4.2023
Pulp 23.pdf;NXA6UED001307021FC7600;51636258;18.4.2023
Pulp 23.pdf;NXA6UED001307022267600;51636258;18.4.2023
Pulp 23.pdf;NXA6UED001307022287600;51636258;18.4.2023
Pulp 23.pdf;NXA6UED0013070224B7600;51636258;18.4.2023
Pulp 23.pdf;NXA6UED0013070224D7600;51636258;18.4.2023
Pulp 23.pdf;NXA6UED0013070224F7600;51636258;18.4.2023
Pulp 23.pdf;NXA6UED001307022527600;51636258;18.4.2023
Pulp 23.pdf;NXA6UED001307022647600;51636258;18.4.2023
Pulp 23.pdf;NXA6UED001307023B47600;51636258;18.4.2023
Pulp 23.pdf;NXA6UED001307023D77600;51636258;18.4.2023
Pulp 23.pdf;NXA6UED001307023E27600;51636258;18.4.2023
Pulp 23.pdf;NXA6UED001307023EB7600;51636258;18.4.2023
Pulp 23.pdf;NXA6UED001307024047600;51636258;18.4.2023
Pulp 23.pdf;NXA6UED001307024A37600;51636258;18.4.2023
Pulp 23.pdf;NXA6UED001307025007600;51636258;18.4.2023
Pulp 23.pdf;NXA6UED001307025057600;51636258;18.4.2023
